respondent_id,age,gender,country,industry,tech_role,company_size,years_of_experience,annual_salary_range,work_arrangement,remote_since_covid,stress_level,sleep_hours_per_night,physical_activity_hrs_week,social_support_score,manager_support_score,work_life_balance_score,job_satisfaction_score,autonomy_score,imposter_syndrome_score,burnout_score,productivity_impact_score,mental_health_condition,diagnosis_type,sought_treatment,therapy_access,mental_health_benefits,used_mh_benefits,wellness_program_offered,mental_health_leave_taken,disclosed_to_employer,has_mental_health_condition
1,35,Male,UK,AI/ML startup,Data Scientist,Large (1 001–5 000),6,$100k–$150k,Remote,Yes,5.9,7.2,0.0,6.9,5.4,7.9,6.2,4.3,3.6,7.7,2.4,None,N/A,1,No access,No,0,Yes,None,N/A,0
2,30,Male,USA,Gaming,Product Manager,Enterprise (5 000+),10,>$200k,Remote,Yes,4.1,8.0,5.6,6.8,5.8,5.7,7.7,6.2,1.0,3.8,6.1,Anxiety & Burnout,Formally diagnosed,1,Easy,Yes,1,Yes,1–3 days,No,1
3,36,Male,Japan,SaaS/Software,Backend Developer,Large (1 001–5 000),2,$150k–$200k,Hybrid,No,1.0,9.0,2.4,5.2,6.6,5.2,9.3,9.6,2.7,3.5,8.1,None,N/A,0,Difficult,Yes,0,No,None,N/A,0
4,43,Male,UK,Government/Public sector,Backend Developer,Startup (1–50),6,$150k–$200k,In-person,Was already remote,4.9,5.8,0.5,6.1,8.4,6.7,8.8,6.2,1.0,5.1,5.9,None,N/A,0,Difficult,No,0,Yes,None,N/A,0
5,30,Male,UK,E-commerce,QA/Test Engineer,Large (1 001–5 000),5,$75k–$100k,Remote,Was already remote,5.5,6.1,2.4,5.6,6.7,5.7,8.0,6.2,3.4,6.0,5.7,Depression,Formally diagnosed,0,Difficult,Don't know,0,Yes,None,No,1
6,30,Female,USA,AI/ML startup,Cloud Architect,Small (51–200),4,$75k–$100k,Remote,Yes,6.3,6.9,2.6,9.6,6.2,5.1,7.6,7.1,4.4,5.1,5.5,Depression & Burnout,Not sure / undiagnosed,1,Moderate,Don't know,0,No,None,No,1
7,43,Female,UK,Gaming,Software Engineer,Medium (201–1 000),4,$100k–$150k,Remote,Was already remote,4.3,8.4,2.5,6.3,4.4,7.3,9.5,9.1,1.2,3.5,7.3,None,N/A,1,Easy,No,0,Yes,None,N/A,0
8,37,Female,Singapore,FinTech,CTO/VP Engineering,Startup (1–50),4,$150k–$200k,Hybrid,No,9.0,6.3,2.6,6.3,8.1,5.3,8.1,5.9,3.9,10.0,4.0,None,N/A,0,Easy,No,0,Yes,None,N/A,0
9,28,Male,UK,Big Tech,Backend Developer,Small (51–200),10,$150k–$200k,Hybrid,Yes,7.4,6.3,3.7,6.0,6.6,7.0,3.5,9.4,3.2,5.4,7.1,ADHD,Self-reported,0,Easy,Don't know,0,Yes,4–7 days,Yes,1
10,36,Male,Poland,FinTech,DevOps/SRE,Large (1 001–5 000),13,$100k–$150k,In-person,No,4.0,6.3,0.8,5.8,4.4,6.1,10.0,7.2,1.7,5.5,8.3,Burnout,Formally diagnosed,1,Easy,Yes,0,No,1–3 days,No,1
11,28,Male,Mexico,Big Tech,CTO/VP Engineering,Small (51–200),0,$150k–$200k,Remote,Was already remote,4.9,5.4,3.4,6.9,3.3,6.9,8.1,7.8,2.2,4.5,5.9,Burnout,Formally diagnosed,1,Easy,Don't know,0,No,4–7 days,Yes,1
12,28,Prefer not to say,USA,FinTech,Engineering Manager,Large (1 001–5 000),4,$100k–$150k,Remote,Yes,4.8,8.1,0.3,5.0,7.9,6.0,10.0,8.0,1.0,5.3,8.9,None,N/A,0,Moderate,Yes,0,No,None,N/A,0
13,33,Female,USA,Gaming,Data Scientist,Enterprise (5 000+),13,>$200k,Remote,Yes,4.1,6.6,2.3,6.2,6.9,9.3,9.3,6.9,2.9,5.7,4.9,None,N/A,0,Difficult,Yes,1,No,None,N/A,0
14,18,Female,Japan,E-commerce,Software Engineer,Startup (1–50),0,$75k–$100k,Hybrid,No,8.1,6.2,0.0,3.5,8.2,6.8,7.4,6.0,3.7,6.3,6.1,Burnout,Formally diagnosed,1,Difficult,No,0,Yes,1–2 weeks,No,1
15,19,Male,UK,SaaS/Software,Frontend Developer,Large (1 001–5 000),2,$50k–$75k,In-person,Yes,4.1,8.9,2.3,6.8,4.0,3.5,7.8,6.1,1.9,4.0,7.5,Depression,Formally diagnosed,1,Difficult,No,0,Yes,None,No,1
16,27,Male,USA,Big Tech,Data Scientist,Large (1 001–5 000),0,$100k–$150k,Remote,Was already remote,6.2,6.2,0.3,6.9,1.1,8.4,6.7,5.1,4.1,5.3,4.2,None,N/A,0,Moderate,Yes,0,No,None,N/A,0
17,24,Male,USA,Government/Public sector,Mobile Developer,Startup (1–50),0,$75k–$100k,Remote,No,5.1,6.9,4.6,4.3,6.4,6.0,9.8,4.7,2.0,9.0,6.5,None,N/A,0,Difficult,Yes,0,Yes,None,N/A,0
18,34,Female,India,HealthTech,DevOps/SRE,Large (1 001–5 000),12,>$200k,In-person,Was already remote,5.6,6.2,7.9,7.6,2.7,6.9,8.0,5.7,2.5,2.1,9.1,Burnout,Not sure / undiagnosed,1,Moderate,No,0,Yes,None,Yes,1
19,25,Non-binary,Sweden,E-commerce,DevOps/SRE,Small (51–200),3,<$50k,Hybrid,Yes,7.9,4.8,0.0,5.8,7.3,5.9,8.5,5.9,1.0,9.1,5.1,Other,Self-reported,1,Moderate,No,0,No,1–3 days,Partially,1
20,21,Prefer not to say,USA,E-commerce,Mobile Developer,Small (51–200),6,>$200k,Remote,Was already remote,6.6,6.9,4.2,9.1,5.9,7.7,6.4,5.4,5.5,3.6,7.3,None,N/A,0,Easy,Don't know,0,No,None,N/A,0
21,42,Female,USA,Gaming,Data Analyst,Startup (1–50),0,>$200k,In-person,No,6.7,4.3,0.1,6.0,9.0,6.4,6.8,4.7,5.1,5.3,5.2,Burnout,Not sure / undiagnosed,1,Easy,Yes,1,Yes,4–7 days,No,1
22,30,Male,Spain,HealthTech,CTO/VP Engineering,Medium (201–1 000),0,<$50k,In-person,Yes,6.6,8.1,1.6,8.9,6.0,5.8,2.5,7.7,2.0,5.5,5.8,Depression,Formally diagnosed,0,Moderate,Don't know,0,Yes,None,No,1
23,32,Non-binary,Netherlands,Consulting/Agency,Software Engineer,Medium (201–1 000),12,$150k–$200k,Hybrid,Was already remote,6.9,4.2,2.9,7.6,3.2,6.6,4.5,9.6,5.7,6.4,3.9,None,N/A,0,Moderate,No,0,No,None,N/A,0
24,21,Female,India,E-commerce,Data Scientist,Small (51–200),4,$100k–$150k,Hybrid,No,4.1,6.7,2.9,4.2,7.0,5.3,8.9,10.0,3.2,7.3,5.0,None,N/A,0,Easy,Yes,0,Yes,None,N/A,0
25,27,Male,Netherlands,Government/Public sector,Software Engineer,Small (51–200),0,$150k–$200k,Remote,Yes,4.8,6.3,0.3,5.4,6.1,10.0,6.0,7.7,1.0,2.2,9.4,None,N/A,0,Easy,Yes,1,Yes,None,N/A,0
26,32,Male,Canada,E-commerce,QA/Test Engineer,Large (1 001–5 000),26,$50k–$75k,Hybrid,Yes,6.7,7.7,1.1,9.6,5.5,4.7,8.6,3.7,1.2,7.2,4.2,Anxiety & Burnout,Formally diagnosed,1,Difficult,Yes,1,Yes,1–2 weeks,Partially,1
27,23,Male,Netherlands,Cybersecurity,Mobile Developer,Enterprise (5 000+),3,>$200k,Hybrid,Yes,4.7,6.1,2.3,8.1,6.5,6.9,7.9,9.8,2.8,5.2,6.4,None,N/A,0,Moderate,Yes,0,No,None,N/A,0
28,34,Male,UK,Big Tech,ML/AI Engineer,Medium (201–1 000),3,$100k–$150k,Remote,Was already remote,5.4,5.0,1.6,4.5,6.4,6.8,7.3,7.6,2.2,6.5,4.2,Anxiety & Burnout,Self-reported,1,Difficult,Yes,1,Yes,None,No,1
29,27,Male,USA,AI/ML startup,Software Engineer,Small (51–200),5,>$200k,Hybrid,Was already remote,6.5,5.1,3.4,7.4,4.6,6.3,6.8,8.2,2.0,6.0,5.6,Depression & Burnout,Not sure / undiagnosed,0,Moderate,Don't know,0,No,4–7 days,Partially,1
30,29,Female,France,E-commerce,Security Engineer,Startup (1–50),0,$100k–$150k,In-person,Yes,8.0,3.9,6.8,5.2,9.6,3.2,7.8,9.0,4.4,5.1,6.4,ADHD,Formally diagnosed,1,Easy,No,0,Yes,>2 weeks,Yes,1
31,27,Male,UK,E-commerce,Backend Developer,Enterprise (5 000+),4,$100k–$150k,Hybrid,No,7.5,7.2,3.1,5.8,9.1,5.4,8.9,9.2,4.9,7.8,2.6,None,N/A,0,Difficult,No,0,No,None,N/A,0
32,45,Male,Italy,Gaming,Engineering Manager,Startup (1–50),5,$50k–$75k,Remote,Yes,8.9,8.0,2.0,9.1,5.8,4.4,3.1,6.7,2.1,5.0,8.4,Burnout,Formally diagnosed,0,Easy,No,0,No,>2 weeks,Yes,1
33,31,Male,UK,Government/Public sector,Security Engineer,Startup (1–50),1,$50k–$75k,In-person,No,6.3,7.9,0.2,7.3,5.5,2.9,8.1,4.9,5.6,5.7,5.8,None,N/A,0,Difficult,No,0,No,None,N/A,0
34,24,Female,Spain,Gaming,Engineering Manager,Medium (201–1 000),7,$100k–$150k,Hybrid,Yes,6.2,6.6,1.2,4.2,3.3,5.2,8.5,8.8,3.1,7.7,3.7,None,N/A,0,Difficult,Yes,0,Yes,None,N/A,0
35,38,Female,Mexico,SaaS/Software,DevOps/SRE,Large (1 001–5 000),2,$150k–$200k,Remote,Yes,4.8,7.3,2.8,6.6,7.1,9.4,8.5,1.0,2.3,2.4,7.9,None,N/A,0,No access,No,0,No,None,N/A,0
36,22,Male,USA,Big Tech,Data Analyst,Medium (201–1 000),6,$50k–$75k,In-person,No,7.0,6.0,9.0,8.6,3.3,4.2,7.4,4.8,2.6,5.8,4.4,None,N/A,0,Easy,Don't know,0,Yes,None,N/A,0
37,33,Non-binary,Sweden,Government/Public sector,Frontend Developer,Startup (1–50),0,>$200k,Hybrid,Was already remote,8.3,5.5,0.4,7.1,5.5,5.8,7.2,9.8,1.6,8.8,5.3,Burnout,Self-reported,0,Easy,Yes,0,No,4–7 days,Yes,1
38,18,Non-binary,Canada,Gaming,Data Analyst,Large (1 001–5 000),13,$150k–$200k,Hybrid,No,5.0,7.4,1.4,6.3,7.2,6.9,10.0,5.3,1.4,4.8,7.0,None,N/A,0,Difficult,Yes,0,Yes,None,N/A,0
39,22,Male,Spain,HealthTech,Data Scientist,Large (1 001–5 000),11,$75k–$100k,Hybrid,Was already remote,6.8,5.0,2.6,5.4,10.0,6.9,7.5,9.5,1.1,6.4,6.7,Anxiety & Burnout,Not sure / undiagnosed,1,Moderate,Yes,0,Yes,1–2 weeks,Partially,1
40,33,Male,Canada,HealthTech,CTO/VP Engineering,Large (1 001–5 000),0,$75k–$100k,In-person,Was already remote,8.0,6.8,7.2,6.5,5.9,4.9,4.5,5.2,1.5,6.3,6.1,Anxiety & Burnout,Self-reported,1,Difficult,Yes,0,Yes,>2 weeks,No,1
41,37,Female,France,E-commerce,QA/Test Engineer,Small (51–200),15,>$200k,Remote,No,4.5,6.9,2.9,1.0,7.9,8.2,8.4,4.2,1.8,4.5,8.2,None,N/A,0,Moderate,No,0,Yes,None,N/A,0
42,33,Female,Canada,AI/ML startup,QA/Test Engineer,Large (1 001–5 000),4,$50k–$75k,In-person,Yes,7.0,7.1,0.1,6.6,3.7,5.7,5.9,7.0,2.5,7.2,6.1,None,N/A,0,Moderate,Don't know,0,Yes,None,N/A,0
43,31,Prefer not to say,USA,Gaming,Frontend Developer,Medium (201–1 000),6,$75k–$100k,Remote,No,7.1,6.9,0.0,4.5,4.7,8.4,5.6,8.0,2.3,4.8,4.8,None,N/A,0,Moderate,Yes,0,No,None,N/A,0
44,29,Female,USA,SaaS/Software,Security Engineer,Medium (201–1 000),10,$50k–$75k,Remote,Yes,2.0,6.2,8.5,4.2,4.8,6.6,9.1,5.7,1.1,4.4,7.1,Other,Formally diagnosed,1,Easy,No,0,Yes,None,Yes,1
45,20,Female,UK,Gaming,Software Engineer,Medium (201–1 000),0,>$200k,In-person,Yes,5.0,7.7,3.9,7.0,5.7,7.0,8.1,7.2,2.5,6.9,3.5,Burnout,Formally diagnosed,0,Easy,Yes,0,No,None,Yes,1
46,26,Female,Netherlands,Gaming,Engineering Manager,Small (51–200),1,$100k–$150k,Remote,Was already remote,4.0,8.7,1.2,6.8,3.0,7.6,7.6,7.1,1.0,3.5,8.9,None,N/A,0,Moderate,Yes,0,Yes,None,N/A,0
47,28,Male,India,Cybersecurity,Security Engineer,Small (51–200),1,$75k–$100k,Remote,Was already remote,5.1,7.7,4.5,6.1,5.1,6.1,10.0,7.1,2.5,3.7,8.9,None,N/A,0,Easy,Don't know,0,Yes,None,N/A,0
48,39,Male,Australia,AI/ML startup,Software Engineer,Startup (1–50),3,$75k–$100k,Remote,Yes,5.2,5.8,4.4,6.2,2.8,6.7,7.8,10.0,5.0,6.9,5.9,Depression,Self-reported,0,Moderate,No,0,Yes,1–2 weeks,No,1
49,34,Male,USA,Gaming,CTO/VP Engineering,Medium (201–1 000),2,$100k–$150k,Hybrid,No,5.9,7.6,4.9,5.2,8.1,8.4,9.7,5.4,2.2,6.5,8.3,Other,Not sure / undiagnosed,1,No access,No,0,No,None,No,1
50,18,Female,Canada,FinTech,Data Scientist,Medium (201–1 000),3,$50k–$75k,In-person,Yes,7.6,6.7,7.1,3.0,5.1,4.7,6.0,7.2,3.6,5.5,5.0,Depression,Self-reported,0,Moderate,Yes,0,Yes,None,Partially,1
51,34,Female,USA,FinTech,Engineering Manager,Large (1 001–5 000),1,$150k–$200k,In-person,No,8.2,4.1,0.0,6.2,4.5,5.9,9.3,5.4,4.2,8.5,3.3,Depression & Burnout,Self-reported,0,No access,No,0,Yes,1–2 weeks,Partially,1
52,29,Female,Brazil,E-commerce,Cloud Architect,Startup (1–50),6,$100k–$150k,Remote,No,6.3,6.3,10.6,7.5,3.9,6.8,6.2,4.5,4.1,6.8,4.7,Anxiety & Burnout,Formally diagnosed,0,Easy,Yes,0,Yes,1–2 weeks,No,1
53,26,Male,Argentina,SaaS/Software,Data Scientist,Enterprise (5 000+),0,$150k–$200k,Remote,No,8.3,7.0,20.0,4.3,5.1,7.7,7.8,6.3,3.3,3.1,6.9,None,N/A,0,Easy,No,0,Yes,None,N/A,0
54,36,Female,UK,AI/ML startup,Product Manager,Small (51–200),2,$75k–$100k,Remote,Was already remote,7.5,6.2,0.0,5.4,6.6,5.8,9.4,3.5,2.3,6.7,4.7,None,N/A,0,Moderate,Yes,0,Yes,None,N/A,0
55,39,Male,USA,SaaS/Software,Software Engineer,Medium (201–1 000),1,$100k–$150k,Remote,Was already remote,5.8,7.2,0.1,6.1,4.2,8.0,7.6,7.3,3.9,5.5,8.3,None,N/A,0,Moderate,Don't know,0,No,None,N/A,0
56,38,Male,USA,HealthTech,Cloud Architect,Startup (1–50),7,$75k–$100k,Hybrid,Yes,8.6,5.4,1.0,6.1,6.3,4.6,5.8,7.2,4.9,7.9,2.9,Anxiety & Burnout,Not sure / undiagnosed,0,Difficult,Yes,0,No,None,Partially,1
57,25,Female,India,Government/Public sector,Data Scientist,Large (1 001–5 000),11,$150k–$200k,Remote,Yes,6.1,6.9,0.0,6.4,7.0,6.8,8.0,5.5,1.9,7.9,6.2,None,N/A,0,Easy,Yes,0,Yes,None,N/A,0
58,29,Female,India,AI/ML startup,QA/Test Engineer,Large (1 001–5 000),0,$150k–$200k,In-person,No,6.4,7.9,4.2,6.5,5.7,3.5,7.7,6.1,3.4,7.7,5.6,Anxiety,Formally diagnosed,1,Easy,No,0,Yes,None,No,1
59,34,Prefer not to say,Sweden,Cybersecurity,ML/AI Engineer,Enterprise (5 000+),8,$50k–$75k,In-person,No,4.3,7.5,3.9,4.5,3.5,4.5,7.5,8.8,4.4,6.3,7.6,None,N/A,0,Difficult,Don't know,0,Yes,None,N/A,0
60,39,Male,USA,AI/ML startup,DevOps/SRE,Small (51–200),12,$50k–$75k,Remote,Was already remote,6.6,6.7,4.8,7.3,7.1,6.3,6.8,6.0,5.3,5.6,5.9,None,N/A,0,Difficult,No,0,Yes,None,N/A,0
61,28,Male,Netherlands,Gaming,Software Engineer,Small (51–200),20,$150k–$200k,Remote,Yes,6.8,6.5,20.0,5.5,7.0,6.1,9.2,4.7,5.0,9.2,4.4,Depression,Formally diagnosed,1,Difficult,Yes,1,Yes,1–2 weeks,No,1
62,30,Male,Australia,Big Tech,Product Manager,Large (1 001–5 000),4,$50k–$75k,Hybrid,No,7.6,6.2,8.8,7.7,8.1,3.1,5.3,5.4,3.7,7.7,4.6,None,N/A,0,Easy,Yes,0,Yes,None,N/A,0
63,23,Male,UK,Cybersecurity,DevOps/SRE,Large (1 001–5 000),2,$100k–$150k,In-person,No,5.6,5.9,1.1,6.7,6.5,5.8,10.0,8.4,2.1,6.1,5.4,None,N/A,0,Difficult,Yes,0,No,None,N/A,0
64,23,Female,Germany,E-commerce,Backend Developer,Enterprise (5 000+),2,$100k–$150k,Hybrid,Yes,4.7,6.5,1.9,7.1,4.1,6.5,6.7,9.7,1.8,3.2,5.7,None,N/A,0,Moderate,Yes,0,Yes,None,N/A,0
65,38,Female,USA,SaaS/Software,ML/AI Engineer,Small (51–200),2,$50k–$75k,Remote,No,6.7,6.6,4.7,8.2,6.0,5.0,8.7,6.8,2.5,5.7,5.2,None,N/A,0,Moderate,Yes,0,Yes,None,N/A,0
66,42,Female,Canada,FinTech,Data Analyst,Large (1 001–5 000),5,$100k–$150k,Hybrid,No,7.3,4.1,1.1,7.3,6.1,6.9,9.4,6.9,3.2,6.1,7.1,Anxiety,Not sure / undiagnosed,0,No access,Yes,0,No,1–2 weeks,No,1
67,31,Male,Singapore,Cybersecurity,Software Engineer,Startup (1–50),3,$100k–$150k,Remote,Was already remote,5.4,8.1,4.1,7.8,2.9,6.8,7.0,6.1,3.5,6.4,5.0,Depression & Burnout,Self-reported,1,Difficult,Don't know,0,Yes,4–7 days,No,1
68,39,Female,UK,E-commerce,Engineering Manager,Medium (201–1 000),5,$100k–$150k,Remote,Yes,4.5,6.4,8.9,9.3,2.0,5.6,9.5,6.0,1.3,5.0,7.2,Anxiety,Self-reported,1,Difficult,Yes,1,No,None,No,1
69,34,Male,Brazil,HealthTech,Mobile Developer,Startup (1–50),0,$75k–$100k,Remote,Yes,5.3,5.4,1.8,4.1,7.1,7.8,7.9,4.7,2.6,4.7,4.6,None,N/A,0,Moderate,No,0,No,None,N/A,0
70,27,Female,India,AI/ML startup,Data Analyst,Large (1 001–5 000),0,$150k–$200k,Remote,No,8.9,8.2,1.8,5.2,5.4,2.9,4.1,6.5,5.2,8.1,3.4,Depression,Formally diagnosed,1,Difficult,Don't know,0,No,4–7 days,No,1
71,34,Male,USA,AI/ML startup,Product Manager,Large (1 001–5 000),20,$50k–$75k,Hybrid,Yes,4.2,7.2,6.7,5.4,4.7,4.1,8.8,6.0,1.0,7.5,4.3,None,N/A,0,Moderate,Yes,0,No,None,N/A,0
72,43,Male,Germany,FinTech,Engineering Manager,Startup (1–50),29,$100k–$150k,Remote,No,4.2,8.2,2.5,8.9,7.5,5.1,7.8,3.8,2.3,6.7,6.1,Burnout,Self-reported,1,No access,Don't know,0,Yes,None,No,1
73,31,Male,Canada,Big Tech,CTO/VP Engineering,Small (51–200),7,$75k–$100k,Hybrid,Yes,9.4,5.1,0.0,6.3,8.2,5.2,7.3,7.0,4.1,8.0,5.4,Depression & Burnout,Not sure / undiagnosed,1,Moderate,No,1,No,>2 weeks,No,1
74,43,Non-binary,UK,SaaS/Software,Software Engineer,Medium (201–1 000),1,$150k–$200k,Remote,Yes,5.7,7.9,0.8,5.0,4.2,7.5,8.2,4.4,2.9,4.4,6.6,None,N/A,0,No access,Yes,0,No,None,N/A,0
75,18,Male,USA,Government/Public sector,Cloud Architect,Small (51–200),16,$75k–$100k,Remote,Yes,3.8,7.9,0.6,4.5,9.7,6.0,10.0,1.0,1.1,4.0,6.0,Depression,Self-reported,0,Moderate,No,0,Yes,None,No,1
76,38,Male,UK,AI/ML startup,Product Manager,Startup (1–50),1,$150k–$200k,Hybrid,Was already remote,3.5,6.8,1.8,7.8,3.3,7.2,9.0,6.2,1.1,4.0,6.0,None,N/A,0,Easy,Yes,0,Yes,None,N/A,0
77,32,Female,USA,Government/Public sector,Full-Stack Developer,Small (51–200),7,$100k–$150k,In-person,Was already remote,7.0,4.5,3.5,7.0,6.5,6.9,7.6,5.3,3.8,5.9,7.1,None,N/A,0,Moderate,Yes,0,No,None,N/A,0
78,29,Male,USA,SaaS/Software,Product Manager,Large (1 001–5 000),0,$150k–$200k,Hybrid,Was already remote,6.6,7.6,0.0,3.6,5.2,4.9,8.3,5.4,3.6,6.1,5.0,Depression,Formally diagnosed,0,Moderate,No,0,Yes,None,Partially,1
79,32,Male,UK,HealthTech,Data Scientist,Medium (201–1 000),5,$100k–$150k,Remote,No,7.0,6.1,0.5,5.3,8.4,4.2,10.0,7.9,4.7,7.9,5.2,Anxiety & Burnout,Not sure / undiagnosed,0,Easy,No,0,No,None,Partially,1
80,18,Male,USA,HealthTech,Mobile Developer,Small (51–200),7,$100k–$150k,Remote,No,4.4,8.2,0.6,2.6,6.3,10.0,9.7,3.5,4.2,5.1,6.3,Depression,Formally diagnosed,0,Difficult,Yes,0,No,4–7 days,No,1
81,30,Male,Spain,Government/Public sector,CTO/VP Engineering,Enterprise (5 000+),10,$150k–$200k,In-person,Yes,3.9,6.7,2.1,8.0,4.8,6.3,8.2,9.1,1.0,4.7,6.1,None,N/A,0,Difficult,Don't know,0,Yes,None,N/A,0
82,34,Non-binary,UK,FinTech,Data Scientist,Startup (1–50),7,$100k–$150k,Hybrid,Yes,7.0,6.3,0.0,6.4,9.3,3.9,7.1,7.3,1.0,5.7,2.3,None,N/A,0,Moderate,Yes,0,Yes,None,N/A,0
83,43,Female,Netherlands,Government/Public sector,Data Analyst,Large (1 001–5 000),14,$150k–$200k,Remote,Was already remote,4.1,7.4,5.0,6.1,5.1,6.4,6.4,8.5,2.4,6.2,7.0,None,N/A,0,Difficult,No,0,No,None,N/A,0
84,28,Male,Germany,Gaming,Full-Stack Developer,Medium (201–1 000),4,<$50k,Hybrid,No,5.7,8.8,9.0,3.7,6.2,2.5,7.0,4.7,2.8,8.1,5.3,Depression,Formally diagnosed,1,No access,No,0,No,None,No,1
85,25,Prefer not to say,Australia,E-commerce,Security Engineer,Enterprise (5 000+),6,$100k–$150k,Hybrid,Was already remote,4.4,6.0,0.9,5.2,2.2,4.9,5.5,10.0,2.2,4.6,6.2,Anxiety,Self-reported,0,Easy,Yes,0,Yes,None,Yes,1
86,28,Male,USA,Cybersecurity,Engineering Manager,Medium (201–1 000),2,$150k–$200k,Hybrid,No,9.0,5.5,0.0,7.6,2.2,5.1,7.2,5.7,3.6,9.6,2.3,Anxiety,Formally diagnosed,1,No access,Yes,1,Yes,1–2 weeks,Partially,1
87,38,Male,Mexico,FinTech,Product Manager,Large (1 001–5 000),0,$150k–$200k,Hybrid,Yes,7.7,5.6,0.0,5.8,4.0,5.7,4.9,6.0,2.3,7.7,3.6,Burnout,Not sure / undiagnosed,0,Easy,No,0,No,None,No,1
88,34,Male,Germany,E-commerce,Cloud Architect,Startup (1–50),7,$150k–$200k,Hybrid,Yes,10.0,5.0,0.0,5.4,5.5,2.2,5.6,7.0,4.7,8.6,3.0,Depression,Formally diagnosed,0,Difficult,Don't know,0,Yes,4–7 days,No,1
89,28,Male,Brazil,AI/ML startup,Backend Developer,Enterprise (5 000+),11,$100k–$150k,Remote,Was already remote,7.1,6.3,0.7,9.6,9.1,6.7,6.2,6.7,3.0,5.4,4.7,None,N/A,0,Difficult,No,0,Yes,None,N/A,0
90,35,Male,UK,SaaS/Software,Data Analyst,Small (51–200),1,>$200k,Hybrid,Yes,6.6,7.7,0.7,3.3,5.7,5.1,7.2,7.4,2.8,6.6,4.0,Anxiety,Self-reported,1,Moderate,Don't know,0,Yes,4–7 days,No,1
91,32,Non-binary,USA,HealthTech,DevOps/SRE,Medium (201–1 000),0,$50k–$75k,Hybrid,Yes,7.2,5.9,1.1,5.2,7.9,6.0,8.7,6.9,3.9,7.7,5.9,Anxiety,Self-reported,1,No access,Don't know,0,No,1–3 days,Yes,1
92,39,Female,Australia,SaaS/Software,Data Scientist,Startup (1–50),0,$50k–$75k,In-person,Yes,3.2,9.3,3.1,4.8,4.8,8.2,9.5,3.2,1.0,6.5,2.6,Anxiety & Burnout,Not sure / undiagnosed,1,Easy,Yes,1,Yes,None,No,1
93,26,Male,USA,FinTech,DevOps/SRE,Enterprise (5 000+),12,<$50k,Remote,No,2.8,8.7,5.2,7.5,9.1,8.6,8.0,7.9,1.0,3.2,8.3,None,N/A,0,No access,No,0,No,None,N/A,0
94,29,Female,Canada,Consulting/Agency,Security Engineer,Large (1 001–5 000),1,>$200k,In-person,Yes,7.3,6.2,6.9,6.9,7.1,4.9,3.1,7.5,2.7,6.7,2.5,Anxiety,Formally diagnosed,0,Moderate,No,0,Yes,4–7 days,No,1
95,29,Female,USA,Government/Public sector,Cloud Architect,Startup (1–50),1,$75k–$100k,Remote,Yes,5.0,6.0,2.2,6.2,5.8,6.3,8.0,4.6,4.6,7.2,6.6,Depression,Self-reported,0,Difficult,No,0,No,None,Yes,1
96,21,Non-binary,India,Gaming,DevOps/SRE,Small (51–200),0,$150k–$200k,In-person,No,6.0,7.4,8.1,4.3,7.8,4.0,8.3,4.2,3.6,7.5,4.2,Depression & Burnout,Formally diagnosed,0,Easy,Yes,0,No,4–7 days,Yes,1
97,34,Female,Italy,E-commerce,Cloud Architect,Medium (201–1 000),1,<$50k,Hybrid,Yes,3.1,8.9,4.5,6.9,5.7,4.9,8.0,7.2,3.3,5.5,6.8,Burnout,Not sure / undiagnosed,0,Difficult,Yes,0,Yes,1–2 weeks,Yes,1
98,33,Male,Canada,E-commerce,Full-Stack Developer,Small (51–200),6,$75k–$100k,Hybrid,Yes,5.1,7.9,4.5,2.9,6.1,5.0,9.2,7.2,3.2,7.6,6.0,Anxiety,Self-reported,1,Easy,No,0,Yes,None,No,1
99,32,Female,Brazil,Big Tech,Data Analyst,Small (51–200),17,$100k–$150k,Hybrid,Yes,5.3,6.0,2.5,5.7,7.1,7.2,8.1,8.5,1.8,6.3,5.6,ADHD,Self-reported,1,Moderate,Yes,0,No,None,Partially,1
100,30,Female,Canada,HealthTech,Cloud Architect,Enterprise (5 000+),2,$100k–$150k,In-person,Yes,7.7,6.0,1.8,5.3,6.9,4.4,8.8,8.6,3.4,8.2,6.4,None,N/A,0,No access,No,0,Yes,None,N/A,0
101,21,Female,Canada,E-commerce,QA/Test Engineer,Large (1 001–5 000),1,$50k–$75k,In-person,No,6.2,4.9,2.3,8.1,3.1,2.8,8.8,9.9,1.2,5.7,5.5,Anxiety & Depression,Formally diagnosed,0,Easy,No,0,Yes,None,No,1
102,28,Male,Mexico,FinTech,CTO/VP Engineering,Enterprise (5 000+),12,$100k–$150k,Hybrid,Yes,3.5,5.7,2.8,7.5,6.0,5.8,8.9,5.5,1.5,4.5,7.1,Burnout,Formally diagnosed,1,No access,Yes,0,No,>2 weeks,No,1
103,29,Male,Ireland,Cybersecurity,Data Analyst,Medium (201–1 000),10,$50k–$75k,Hybrid,No,5.1,7.8,2.1,7.4,7.8,7.9,8.0,4.6,4.3,4.8,5.4,None,N/A,1,Moderate,Don't know,0,Yes,None,N/A,0
104,25,Male,Sweden,Consulting/Agency,CTO/VP Engineering,Large (1 001–5 000),2,$100k–$150k,Hybrid,Yes,8.0,6.8,4.4,6.7,6.2,4.8,4.0,3.9,4.4,5.0,6.5,None,N/A,0,Easy,No,0,No,None,N/A,0
105,30,Male,USA,E-commerce,QA/Test Engineer,Medium (201–1 000),0,$50k–$75k,Hybrid,Was already remote,5.2,8.6,1.7,8.8,6.4,4.1,5.6,5.2,3.0,4.5,4.8,None,N/A,0,No access,Yes,0,No,None,N/A,0
106,35,Male,Germany,Cybersecurity,Product Manager,Small (51–200),26,$100k–$150k,Hybrid,No,7.6,4.9,0.1,7.9,7.6,5.8,5.3,8.3,4.3,7.4,5.6,None,N/A,0,Moderate,Don't know,0,No,None,N/A,0
107,46,Female,USA,E-commerce,QA/Test Engineer,Medium (201–1 000),6,$50k–$75k,Hybrid,Was already remote,5.0,8.3,0.5,4.4,7.2,6.4,8.7,3.7,2.7,3.4,8.3,None,N/A,0,Moderate,Yes,0,No,None,N/A,0
108,33,Male,Canada,FinTech,Software Engineer,Medium (201–1 000),14,$100k–$150k,Remote,No,6.6,7.9,7.0,5.5,3.9,5.3,8.3,3.9,3.2,8.0,4.8,Anxiety & Burnout,Self-reported,0,Difficult,Don't know,0,No,1–2 weeks,No,1
109,33,Female,Canada,Cybersecurity,Mobile Developer,Enterprise (5 000+),2,$50k–$75k,In-person,Yes,6.1,8.8,6.6,7.6,3.2,5.7,6.9,5.1,2.5,4.6,6.8,None,N/A,0,Easy,Yes,0,No,None,N/A,0
110,31,Female,Brazil,AI/ML startup,Product Manager,Medium (201–1 000),5,$75k–$100k,Remote,No,5.8,7.6,0.8,6.8,8.9,6.9,9.3,6.9,3.8,5.4,7.3,None,N/A,0,Moderate,Yes,0,No,None,N/A,0
111,18,Prefer not to say,Ireland,E-commerce,Security Engineer,Large (1 001–5 000),6,$75k–$100k,Hybrid,No,3.6,4.3,0.8,6.3,5.2,6.7,10.0,7.8,1.7,4.9,6.1,None,N/A,0,Difficult,No,0,Yes,None,N/A,0
112,31,Male,UK,AI/ML startup,QA/Test Engineer,Large (1 001–5 000),11,$150k–$200k,Hybrid,Was already remote,3.1,7.8,11.8,7.1,4.8,8.7,10.0,6.4,1.0,3.7,8.1,Depression,Formally diagnosed,1,Moderate,Don't know,0,No,None,No,1
113,32,Male,USA,Big Tech,Backend Developer,Medium (201–1 000),27,$100k–$150k,Remote,Yes,6.4,4.4,1.9,2.8,5.7,6.7,8.2,5.0,2.9,6.0,6.3,None,N/A,0,Moderate,Don't know,0,No,None,N/A,0
114,50,Female,Japan,HealthTech,DevOps/SRE,Medium (201–1 000),0,>$200k,Remote,Yes,6.1,4.2,0.0,7.2,8.6,6.4,6.8,8.0,6.2,7.7,6.1,None,N/A,0,Moderate,Yes,0,No,None,N/A,0
115,30,Female,USA,FinTech,Engineering Manager,Small (51–200),5,>$200k,In-person,Was already remote,5.0,7.1,0.8,8.6,5.8,5.8,6.3,5.8,3.5,5.6,6.0,None,N/A,0,Difficult,Yes,0,No,None,N/A,0
116,34,Prefer not to say,India,Gaming,Product Manager,Startup (1–50),2,$150k–$200k,Hybrid,No,4.4,7.8,4.4,7.8,5.7,6.7,7.1,1.4,1.1,2.7,8.1,None,N/A,0,Difficult,Yes,0,No,None,N/A,0
117,31,Male,USA,FinTech,DevOps/SRE,Large (1 001–5 000),9,$150k–$200k,Remote,No,8.4,4.2,0.0,10.0,4.8,6.3,8.9,7.8,1.0,7.8,6.4,Anxiety & Burnout,Formally diagnosed,0,Easy,Don't know,1,Yes,None,Yes,1
118,23,Male,UK,Government/Public sector,Frontend Developer,Enterprise (5 000+),7,$100k–$150k,In-person,No,7.8,3.8,1.2,7.3,3.8,4.6,6.7,7.8,4.0,7.1,4.0,Depression & Burnout,Self-reported,0,Difficult,No,0,Yes,None,No,1
119,40,Non-binary,Italy,Gaming,Data Analyst,Small (51–200),12,$100k–$150k,Remote,Yes,7.3,5.8,1.3,6.1,2.2,8.1,8.8,8.4,4.4,7.3,3.5,None,N/A,0,Difficult,Yes,0,Yes,None,N/A,0
120,37,Male,USA,Government/Public sector,QA/Test Engineer,Enterprise (5 000+),2,$100k–$150k,Hybrid,No,8.9,6.5,3.0,9.3,6.0,3.5,3.1,4.8,5.2,7.9,4.9,None,N/A,1,Difficult,No,0,No,None,N/A,0
121,37,Female,UK,Cybersecurity,Engineering Manager,Small (51–200),1,$75k–$100k,In-person,Was already remote,4.0,7.0,1.1,4.7,3.8,7.1,7.5,7.2,2.6,4.8,4.7,None,N/A,1,Moderate,Don't know,0,No,None,N/A,0
122,25,Male,USA,Big Tech,DevOps/SRE,Medium (201–1 000),0,$75k–$100k,In-person,Was already remote,6.5,6.1,14.0,5.5,5.0,4.4,5.9,8.7,2.8,5.8,3.8,Burnout,Formally diagnosed,1,Easy,Yes,1,Yes,1–2 weeks,Yes,1
123,42,Male,Ireland,Cybersecurity,QA/Test Engineer,Small (51–200),1,$100k–$150k,Remote,Yes,3.5,5.8,1.0,6.2,4.9,7.3,8.5,8.8,3.3,3.4,6.6,None,N/A,0,Moderate,Yes,0,Yes,None,N/A,0
124,21,Male,Singapore,E-commerce,Mobile Developer,Startup (1–50),2,$150k–$200k,Hybrid,No,5.3,6.4,3.1,4.8,6.8,7.7,9.4,5.6,4.0,4.6,8.1,Anxiety & Depression,Self-reported,1,Moderate,Yes,0,Yes,None,No,1
125,36,Male,USA,HealthTech,DevOps/SRE,Startup (1–50),16,$75k–$100k,Remote,Yes,5.4,7.8,1.3,7.7,1.0,7.5,9.9,4.4,3.7,3.9,7.2,None,N/A,0,Moderate,Yes,0,No,None,N/A,0
126,48,Female,USA,FinTech,Security Engineer,Medium (201–1 000),3,$50k–$75k,In-person,Was already remote,4.8,7.1,0.6,8.1,9.1,5.8,7.7,4.3,1.0,2.7,8.1,Burnout,Self-reported,0,Easy,Yes,0,No,4–7 days,Partially,1
127,24,Non-binary,India,SaaS/Software,Backend Developer,Startup (1–50),4,$100k–$150k,In-person,No,5.9,7.0,2.4,5.5,6.4,5.2,9.2,1.0,4.9,5.6,5.1,Anxiety & Depression,Formally diagnosed,0,Moderate,No,0,No,>2 weeks,Partially,1
128,27,Male,UK,FinTech,Cloud Architect,Startup (1–50),11,>$200k,In-person,Was already remote,9.9,7.7,0.0,7.0,6.8,2.4,6.1,6.6,4.4,8.1,4.7,Depression,Not sure / undiagnosed,1,Moderate,Don't know,0,Yes,1–3 days,Partially,1
129,32,Female,Australia,FinTech,CTO/VP Engineering,Startup (1–50),11,$75k–$100k,Hybrid,No,6.5,8.7,3.6,7.0,3.8,7.6,6.9,3.9,2.7,5.9,5.1,Other,Formally diagnosed,0,Easy,Yes,0,Yes,None,Yes,1
130,28,Male,USA,Gaming,CTO/VP Engineering,Startup (1–50),4,$100k–$150k,Remote,Was already remote,7.8,8.3,0.0,7.1,5.5,6.1,8.0,8.6,2.6,6.8,6.4,Anxiety & Depression,Not sure / undiagnosed,0,Moderate,Yes,1,No,1–3 days,Yes,1
131,20,Female,USA,Consulting/Agency,ML/AI Engineer,Small (51–200),0,>$200k,Remote,Was already remote,6.2,9.5,2.2,5.9,6.7,7.1,6.9,3.9,4.9,4.1,6.7,None,N/A,0,Moderate,Don't know,0,No,None,N/A,0
132,32,Male,Australia,SaaS/Software,Backend Developer,Medium (201–1 000),1,$75k–$100k,Hybrid,Yes,3.0,6.3,1.4,5.0,7.3,8.7,9.3,6.7,1.0,5.9,7.2,None,N/A,0,Moderate,Yes,0,No,None,N/A,0
133,24,Non-binary,USA,E-commerce,Mobile Developer,Large (1 001–5 000),3,$150k–$200k,Hybrid,No,4.9,5.5,10.5,9.1,7.2,5.8,6.8,3.1,1.0,6.0,7.0,None,N/A,0,Easy,Yes,0,Yes,None,N/A,0
134,35,Female,Japan,Government/Public sector,Data Scientist,Small (51–200),7,$150k–$200k,Remote,No,5.0,7.4,4.3,5.0,6.5,5.2,6.0,7.8,1.0,5.5,5.4,None,N/A,0,Easy,Don't know,0,No,None,N/A,0
135,25,Female,USA,AI/ML startup,QA/Test Engineer,Startup (1–50),6,$75k–$100k,Remote,Yes,5.9,6.3,4.7,5.8,5.1,5.5,7.6,9.4,4.6,7.2,4.6,Depression,Formally diagnosed,0,Moderate,No,0,Yes,None,Yes,1
136,43,Female,USA,Government/Public sector,Backend Developer,Large (1 001–5 000),5,$50k–$75k,Hybrid,Was already remote,7.1,6.4,3.7,8.3,3.2,3.9,5.9,8.3,2.2,6.5,7.1,None,N/A,0,Easy,No,0,No,None,N/A,0
137,26,Female,Argentina,HealthTech,Software Engineer,Startup (1–50),11,$50k–$75k,Remote,Yes,7.6,4.0,3.1,6.3,5.4,8.4,9.0,8.2,1.0,8.4,5.0,Depression,Formally diagnosed,1,Moderate,No,0,No,1–3 days,No,1
138,29,Prefer not to say,Canada,Big Tech,QA/Test Engineer,Large (1 001–5 000),8,$75k–$100k,Hybrid,Yes,6.6,6.8,0.1,10.0,9.7,5.0,9.4,8.1,1.7,7.6,5.1,None,N/A,0,Difficult,Yes,0,No,None,N/A,0
139,38,Female,Australia,HealthTech,Full-Stack Developer,Startup (1–50),22,>$200k,Hybrid,Yes,7.9,5.7,20.0,4.6,3.2,2.6,5.3,8.6,5.6,7.0,1.7,ADHD,Formally diagnosed,1,Difficult,No,0,Yes,4–7 days,Partially,1
140,22,Non-binary,USA,Big Tech,CTO/VP Engineering,Small (51–200),12,$75k–$100k,Hybrid,No,4.8,6.4,3.8,4.9,2.7,4.3,8.2,5.7,1.0,7.2,5.1,Other,Not sure / undiagnosed,1,Easy,Don't know,0,Yes,None,No,1
141,33,Male,India,FinTech,Mobile Developer,Startup (1–50),1,>$200k,Hybrid,Was already remote,7.0,6.2,7.4,5.9,9.9,8.5,9.7,2.3,3.5,4.4,8.0,Depression,Formally diagnosed,1,Moderate,No,1,No,None,Yes,1
142,41,Male,France,Gaming,Data Analyst,Small (51–200),0,$50k–$75k,In-person,No,6.9,4.6,1.9,8.0,6.0,5.4,7.9,6.9,1.4,6.5,7.3,None,N/A,0,Difficult,Yes,0,Yes,None,N/A,0
143,19,Male,UK,E-commerce,Data Analyst,Large (1 001–5 000),2,>$200k,In-person,Yes,7.6,5.5,0.4,6.5,2.8,6.0,6.9,6.2,6.3,7.6,3.5,Anxiety & Depression,Self-reported,1,Easy,No,0,No,None,No,1
144,33,Male,Brazil,Consulting/Agency,Data Scientist,Startup (1–50),5,$75k–$100k,In-person,Yes,4.7,8.5,2.1,7.4,6.0,3.9,7.6,7.9,1.3,5.5,6.3,None,N/A,0,Moderate,Yes,0,No,None,N/A,0
145,33,Female,India,HealthTech,Cloud Architect,Enterprise (5 000+),5,$100k–$150k,Hybrid,Was already remote,9.3,6.2,0.6,9.5,5.3,6.3,6.7,8.4,1.3,6.8,5.1,None,N/A,0,Difficult,No,0,Yes,None,N/A,0
146,37,Male,UK,Gaming,Mobile Developer,Small (51–200),1,<$50k,Hybrid,Yes,4.6,8.5,0.2,2.3,9.1,4.5,9.2,7.3,3.3,7.4,6.2,Burnout,Formally diagnosed,1,Easy,Don't know,0,No,None,No,1
147,22,Female,Germany,Government/Public sector,Software Engineer,Enterprise (5 000+),10,$75k–$100k,Remote,Was already remote,5.2,5.5,3.9,3.2,8.8,6.4,7.9,2.3,2.6,7.8,6.1,None,N/A,0,Difficult,Yes,0,Yes,None,N/A,0
148,22,Male,Germany,Consulting/Agency,Data Scientist,Small (51–200),2,$75k–$100k,Hybrid,Was already remote,7.3,6.6,4.0,5.2,6.7,5.9,9.5,3.7,2.4,7.5,7.0,Anxiety & Depression,Self-reported,0,No access,Yes,0,No,4–7 days,Yes,1
149,35,Male,USA,Cybersecurity,Product Manager,Small (51–200),13,<$50k,In-person,No,3.2,6.0,0.7,6.1,7.2,6.2,10.0,6.4,2.8,3.1,6.9,ADHD,Formally diagnosed,0,Easy,Yes,0,Yes,4–7 days,No,1
150,34,Male,UK,FinTech,QA/Test Engineer,Medium (201–1 000),3,$50k–$75k,Remote,Was already remote,4.3,9.3,1.2,3.9,5.5,7.3,10.0,7.7,2.7,3.1,7.2,None,N/A,0,Moderate,Yes,0,No,None,N/A,0
151,33,Non-binary,UK,SaaS/Software,Software Engineer,Startup (1–50),0,$100k–$150k,In-person,Yes,6.2,5.3,3.5,8.9,9.7,4.1,8.4,5.0,1.4,5.7,5.4,Anxiety & Burnout,Not sure / undiagnosed,1,Easy,No,0,No,None,No,1
152,34,Male,UK,SaaS/Software,Frontend Developer,Large (1 001–5 000),0,$75k–$100k,Remote,Was already remote,2.7,8.4,2.0,6.6,6.1,7.2,9.3,5.8,1.0,4.3,5.5,None,N/A,0,Moderate,Yes,0,No,None,N/A,0
153,26,Male,Netherlands,AI/ML startup,Cloud Architect,Medium (201–1 000),0,$150k–$200k,Hybrid,Yes,4.6,6.4,9.6,8.8,4.5,4.8,9.5,8.2,1.0,5.9,6.2,None,N/A,0,Moderate,Yes,0,Yes,None,N/A,0
154,33,Female,Canada,FinTech,DevOps/SRE,Large (1 001–5 000),0,$100k–$150k,Remote,No,6.2,7.8,0.1,6.2,8.5,8.4,8.9,6.4,2.8,3.1,8.8,None,N/A,0,Moderate,Yes,0,No,None,N/A,0
155,34,Female,Mexico,AI/ML startup,Full-Stack Developer,Small (51–200),6,$150k–$200k,Remote,No,4.5,5.4,9.3,6.2,6.5,6.8,7.6,8.9,2.0,3.9,6.9,None,N/A,0,Difficult,Don't know,0,No,None,N/A,0
156,26,Male,USA,SaaS/Software,CTO/VP Engineering,Large (1 001–5 000),1,$150k–$200k,Hybrid,No,9.2,5.3,7.4,4.4,5.6,3.4,5.9,6.4,3.6,7.9,2.5,Anxiety & Depression,Self-reported,0,Easy,Don't know,0,No,4–7 days,Partially,1
157,45,Male,UK,E-commerce,CTO/VP Engineering,Medium (201–1 000),10,$150k–$200k,Hybrid,Yes,7.3,7.0,10.3,6.3,4.5,7.9,6.5,5.8,2.9,5.7,4.7,None,N/A,0,Difficult,No,0,No,None,N/A,0
158,35,Male,Sweden,Government/Public sector,CTO/VP Engineering,Large (1 001–5 000),1,$100k–$150k,Remote,Was already remote,6.8,6.3,0.0,8.6,5.2,5.6,9.7,4.1,1.0,6.5,4.7,None,N/A,0,Difficult,Don't know,0,No,None,N/A,0
159,23,Prefer not to say,Germany,E-commerce,QA/Test Engineer,Small (51–200),0,$75k–$100k,Hybrid,No,6.3,6.7,0.8,7.5,8.5,6.9,9.7,4.4,3.0,6.4,5.2,Anxiety,Formally diagnosed,1,Moderate,Yes,1,Yes,1–2 weeks,No,1
160,36,Male,Germany,Gaming,Full-Stack Developer,Enterprise (5 000+),9,$100k–$150k,Remote,Was already remote,7.4,5.8,0.3,7.6,5.9,5.3,8.0,5.3,1.7,7.8,4.8,Anxiety,Formally diagnosed,0,Easy,Yes,0,No,None,No,1
161,24,Male,USA,Government/Public sector,Software Engineer,Enterprise (5 000+),3,$100k–$150k,Remote,No,6.1,6.3,7.3,5.5,5.8,6.6,10.0,9.8,6.9,5.0,7.1,None,N/A,0,Difficult,Yes,1,Yes,None,N/A,0
162,37,Male,UK,SaaS/Software,DevOps/SRE,Enterprise (5 000+),5,$75k–$100k,Remote,No,4.2,6.7,6.0,4.6,2.3,8.0,7.7,10.0,2.2,4.4,8.3,None,N/A,0,Moderate,Yes,0,No,None,N/A,0
163,40,Male,USA,AI/ML startup,Data Scientist,Medium (201–1 000),2,$100k–$150k,Hybrid,Was already remote,6.6,5.6,0.2,5.2,5.5,5.4,8.4,5.9,2.8,5.8,6.1,ADHD,Self-reported,1,Moderate,Yes,1,Yes,1–3 days,Yes,1
164,25,Female,Argentina,FinTech,QA/Test Engineer,Medium (201–1 000),0,$50k–$75k,Hybrid,Was already remote,4.7,9.1,0.6,7.3,5.8,7.0,6.8,8.7,3.3,4.7,5.8,Anxiety,Self-reported,1,Difficult,Don't know,0,No,1–2 weeks,Yes,1
165,39,Male,USA,FinTech,CTO/VP Engineering,Startup (1–50),2,$75k–$100k,Remote,No,6.8,8.2,1.8,4.4,6.5,7.8,5.8,7.7,4.3,4.7,8.7,None,N/A,0,Difficult,No,0,No,None,N/A,0
166,35,Male,Singapore,Big Tech,DevOps/SRE,Enterprise (5 000+),4,$150k–$200k,Remote,Was already remote,6.5,8.0,0.2,6.0,5.1,5.0,5.7,5.6,1.0,5.6,6.0,Depression,Self-reported,1,Moderate,Don't know,0,No,>2 weeks,No,1
167,38,Male,Australia,Consulting/Agency,Full-Stack Developer,Enterprise (5 000+),0,$50k–$75k,Remote,No,4.9,7.6,2.3,4.9,6.7,4.5,5.6,4.7,3.9,7.9,4.7,None,N/A,0,No access,Yes,0,No,None,N/A,0
168,46,Male,UK,Cybersecurity,Engineering Manager,Startup (1–50),4,$50k–$75k,Hybrid,Yes,9.7,6.9,5.2,4.6,7.3,4.1,5.8,7.3,3.1,8.9,2.2,None,N/A,0,Moderate,Don't know,0,Yes,None,N/A,0
169,30,Male,Germany,SaaS/Software,ML/AI Engineer,Medium (201–1 000),12,$75k–$100k,Hybrid,Was already remote,8.3,5.3,1.5,8.1,4.5,6.4,6.5,4.1,2.6,7.3,1.9,None,N/A,1,Moderate,No,0,Yes,None,N/A,0
170,26,Female,Brazil,SaaS/Software,Software Engineer,Enterprise (5 000+),1,$75k–$100k,Hybrid,Was already remote,5.9,5.4,4.3,6.5,9.5,5.2,9.7,10.0,1.8,6.1,3.9,None,N/A,1,Moderate,Yes,1,Yes,None,N/A,0
171,25,Female,Singapore,AI/ML startup,Cloud Architect,Startup (1–50),14,$75k–$100k,In-person,Yes,6.9,7.8,0.5,8.4,4.1,6.6,7.3,7.1,2.4,6.9,4.8,Depression,Self-reported,1,Easy,No,0,Yes,None,No,1
172,25,Non-binary,USA,Big Tech,Mobile Developer,Small (51–200),0,$75k–$100k,In-person,Yes,6.6,7.0,0.6,5.7,2.4,5.9,7.4,8.5,4.8,6.4,3.6,Anxiety,Formally diagnosed,0,No access,No,0,No,None,No,1
173,31,Female,UK,HealthTech,Cloud Architect,Enterprise (5 000+),9,$50k–$75k,Remote,No,5.0,8.2,3.1,8.3,7.1,7.7,10.0,6.2,1.0,5.1,7.0,None,N/A,0,Moderate,Don't know,0,No,None,N/A,0
174,34,Female,UK,Consulting/Agency,Software Engineer,Large (1 001–5 000),10,$50k–$75k,Remote,Was already remote,7.0,6.9,6.1,7.7,6.2,6.0,8.8,9.1,2.0,7.9,5.8,ADHD,Self-reported,1,Easy,Yes,0,No,1–2 weeks,Partially,1
175,34,Male,USA,E-commerce,Security Engineer,Enterprise (5 000+),1,$75k–$100k,Remote,Yes,5.6,5.9,2.5,4.9,7.1,5.7,7.9,8.7,2.9,5.6,6.5,Depression,Self-reported,0,Moderate,Yes,0,Yes,>2 weeks,Partially,1
176,38,Female,India,E-commerce,Full-Stack Developer,Startup (1–50),17,$75k–$100k,Hybrid,Was already remote,3.5,5.9,1.2,8.4,5.0,6.4,7.5,7.2,2.2,3.0,8.4,None,N/A,0,Moderate,No,0,Yes,None,N/A,0
177,32,Female,Japan,HealthTech,Full-Stack Developer,Small (51–200),2,$75k–$100k,Hybrid,Yes,5.1,7.5,0.8,4.9,8.4,6.2,6.3,3.2,3.2,6.4,5.3,None,N/A,0,Difficult,No,0,Yes,None,N/A,0
178,42,Female,UK,Big Tech,Product Manager,Large (1 001–5 000),0,$150k–$200k,Hybrid,Yes,5.1,7.7,3.3,9.0,7.5,6.2,7.8,4.4,1.9,4.2,5.2,Anxiety & Burnout,Formally diagnosed,0,No access,Yes,0,Yes,1–3 days,Partially,1
179,30,Male,France,Consulting/Agency,CTO/VP Engineering,Medium (201–1 000),4,$100k–$150k,Remote,Yes,2.5,8.0,1.1,9.2,10.0,7.7,10.0,7.5,1.0,3.9,6.5,None,N/A,0,Difficult,Yes,0,Yes,None,N/A,0
180,52,Male,India,SaaS/Software,Data Scientist,Small (51–200),31,$100k–$150k,Remote,Was already remote,8.4,5.0,0.0,7.0,5.1,5.3,5.0,8.7,3.7,7.5,4.4,Other,Self-reported,1,Easy,Yes,0,Yes,4–7 days,Yes,1
181,36,Female,UK,FinTech,Full-Stack Developer,Enterprise (5 000+),12,$100k–$150k,Remote,Yes,5.1,7.1,0.4,6.2,5.3,6.2,5.2,7.8,5.5,6.9,4.2,Anxiety,Formally diagnosed,0,Difficult,No,0,No,None,No,1
182,25,Female,USA,SaaS/Software,Mobile Developer,Enterprise (5 000+),1,$75k–$100k,In-person,Yes,5.3,7.1,1.7,4.4,4.4,7.1,5.8,7.8,1.9,4.6,4.9,None,N/A,0,Difficult,Don't know,0,No,None,N/A,0
183,23,Prefer not to say,France,E-commerce,Security Engineer,Small (51–200),4,>$200k,In-person,Yes,10.0,5.0,0.1,10.0,4.1,2.7,5.7,8.3,5.2,8.8,4.3,Depression,Self-reported,0,Difficult,Yes,0,Yes,None,Yes,1
184,35,Male,Japan,Government/Public sector,Mobile Developer,Small (51–200),0,<$50k,Hybrid,Yes,4.2,8.5,0.2,3.7,6.4,6.2,9.1,7.2,3.1,5.5,7.3,None,N/A,0,Easy,No,0,No,None,N/A,0
185,30,Male,Australia,AI/ML startup,Backend Developer,Startup (1–50),3,$75k–$100k,Hybrid,Yes,5.8,6.5,0.4,3.8,3.5,8.1,9.7,7.5,3.9,6.8,6.5,None,N/A,0,Moderate,No,0,Yes,None,N/A,0
186,37,Male,USA,AI/ML startup,Mobile Developer,Medium (201–1 000),4,$75k–$100k,Remote,Yes,3.1,8.9,2.0,5.0,3.3,7.2,10.0,9.4,1.7,2.4,8.4,None,N/A,0,Difficult,Don't know,1,No,None,N/A,0
187,35,Female,USA,Cybersecurity,Cloud Architect,Startup (1–50),2,$150k–$200k,Remote,No,4.8,7.3,2.0,7.2,6.2,8.1,7.2,6.5,1.0,5.7,7.4,None,N/A,0,Difficult,Don't know,0,No,None,N/A,0
188,31,Male,USA,Gaming,Data Analyst,Medium (201–1 000),3,>$200k,Remote,No,5.1,6.7,1.8,1.8,8.6,6.0,7.8,9.4,4.6,8.2,3.7,Other,Self-reported,0,Moderate,No,0,No,None,No,1
189,25,Male,Germany,E-commerce,Data Analyst,Medium (201–1 000),13,$150k–$200k,Remote,Yes,8.0,6.3,0.5,4.7,2.4,4.4,8.0,2.7,1.6,7.1,4.4,None,N/A,0,No access,Yes,0,No,None,N/A,0
190,20,Prefer not to say,Netherlands,Big Tech,QA/Test Engineer,Enterprise (5 000+),3,$75k–$100k,Hybrid,Was already remote,4.5,4.7,6.0,6.1,6.8,8.9,8.0,6.1,2.6,5.4,5.1,None,N/A,0,Difficult,No,0,Yes,None,N/A,0
191,28,Male,USA,AI/ML startup,Frontend Developer,Small (51–200),9,>$200k,Hybrid,Yes,7.5,6.3,1.2,9.7,4.9,4.0,5.7,5.7,1.2,5.7,6.7,Burnout,Formally diagnosed,1,Easy,Yes,1,Yes,1–3 days,Yes,1
192,38,Female,Brazil,Government/Public sector,Security Engineer,Medium (201–1 000),2,$50k–$75k,Remote,Was already remote,10.0,3.2,2.2,5.7,2.1,5.2,5.0,8.0,6.2,8.1,1.5,Anxiety & Depression,Formally diagnosed,1,Moderate,No,0,Yes,None,No,1
193,33,Male,Germany,SaaS/Software,QA/Test Engineer,Large (1 001–5 000),19,$100k–$150k,Remote,Yes,9.2,5.4,5.1,5.9,4.8,7.6,8.6,5.1,3.1,8.9,1.8,Other,Formally diagnosed,1,Difficult,Yes,1,No,None,No,1
194,22,Female,Australia,Cybersecurity,CTO/VP Engineering,Medium (201–1 000),0,>$200k,In-person,Was already remote,1.0,8.2,7.8,8.8,7.8,5.3,8.9,5.2,1.0,5.5,7.0,None,N/A,0,Easy,No,0,No,None,N/A,0
195,33,Female,New Zealand,FinTech,CTO/VP Engineering,Enterprise (5 000+),4,$150k–$200k,Hybrid,Yes,6.9,6.0,6.3,6.0,7.3,6.5,5.8,4.5,1.0,7.0,6.5,None,N/A,0,Moderate,Yes,0,Yes,None,N/A,0
196,34,Non-binary,USA,E-commerce,Product Manager,Large (1 001–5 000),8,$75k–$100k,In-person,No,8.8,7.7,1.3,3.6,2.2,5.1,7.0,7.6,2.4,6.9,5.8,Burnout,Self-reported,0,Moderate,Don't know,0,No,4–7 days,No,1
197,25,Non-binary,Ireland,Gaming,DevOps/SRE,Enterprise (5 000+),9,$150k–$200k,Remote,Yes,4.5,7.0,3.9,7.2,5.9,7.0,8.8,7.2,1.0,4.6,6.5,None,N/A,0,No access,No,1,No,None,N/A,0
198,33,Male,USA,Big Tech,Frontend Developer,Small (51–200),1,$75k–$100k,In-person,Yes,5.8,7.4,1.1,3.0,8.4,7.8,5.2,7.8,3.8,3.8,7.2,Anxiety,Formally diagnosed,1,Easy,Don't know,0,No,>2 weeks,No,1
199,32,Male,UK,Cybersecurity,DevOps/SRE,Medium (201–1 000),2,$50k–$75k,Remote,No,5.4,6.6,6.8,6.5,9.0,7.0,9.1,5.7,3.8,3.5,6.7,None,N/A,1,Difficult,Don't know,0,No,None,N/A,0
200,23,Male,Japan,FinTech,Data Analyst,Medium (201–1 000),5,$150k–$200k,In-person,No,7.7,6.7,0.1,8.1,5.6,4.9,6.6,7.1,2.6,7.0,7.1,None,N/A,0,Moderate,No,0,No,None,N/A,0
201,34,Female,Spain,Gaming,Data Analyst,Enterprise (5 000+),2,$50k–$75k,Remote,Was already remote,5.1,6.5,5.4,5.6,5.3,5.6,10.0,5.3,1.0,5.4,7.0,Anxiety & Burnout,Self-reported,0,Easy,No,0,No,None,Yes,1
202,36,Female,Canada,Gaming,Data Analyst,Small (51–200),5,$50k–$75k,Remote,No,9.4,6.6,1.0,5.4,7.0,5.3,5.4,7.1,3.4,9.2,3.8,Anxiety & Depression,Self-reported,0,Difficult,Don't know,0,No,None,Yes,1
203,40,Male,India,Cybersecurity,Full-Stack Developer,Startup (1–50),2,$100k–$150k,Remote,Yes,8.2,7.5,0.3,8.4,7.3,6.6,7.1,9.0,3.5,2.8,6.2,None,N/A,0,Easy,Yes,0,No,None,N/A,0
204,39,Female,Australia,SaaS/Software,Product Manager,Large (1 001–5 000),2,$100k–$150k,Remote,Was already remote,3.2,7.4,2.2,6.2,4.6,8.6,10.0,6.3,3.2,4.6,8.9,None,N/A,0,Moderate,Don't know,0,Yes,None,N/A,0
205,21,Male,Brazil,Big Tech,Backend Developer,Small (51–200),0,<$50k,Remote,No,3.2,8.8,3.6,5.5,6.1,8.4,10.0,5.7,3.0,5.3,5.1,Anxiety,Self-reported,1,Easy,Yes,1,Yes,4–7 days,No,1
206,24,Female,USA,HealthTech,Security Engineer,Large (1 001–5 000),0,<$50k,Hybrid,Yes,6.4,6.3,8.9,6.7,5.4,3.4,6.6,6.3,2.7,7.2,7.3,Burnout,Formally diagnosed,0,Moderate,Yes,0,No,4–7 days,No,1
207,35,Prefer not to say,Sweden,Gaming,Mobile Developer,Enterprise (5 000+),9,$150k–$200k,Remote,Was already remote,5.6,8.2,0.2,9.4,7.3,6.5,6.4,7.1,3.7,3.2,7.4,ADHD,Self-reported,1,Moderate,Yes,0,No,None,Yes,1
208,35,Male,Canada,AI/ML startup,CTO/VP Engineering,Enterprise (5 000+),3,$50k–$75k,In-person,Was already remote,5.9,7.6,8.6,5.2,4.9,4.2,8.5,7.7,4.9,4.8,7.3,Anxiety,Self-reported,0,No access,Yes,0,Yes,1–3 days,Partially,1
209,35,Male,Canada,HealthTech,Security Engineer,Small (51–200),4,$100k–$150k,In-person,Yes,5.0,6.6,5.9,6.2,3.7,3.6,8.1,6.4,3.5,5.1,6.8,Depression,Formally diagnosed,1,Easy,Yes,1,Yes,1–3 days,Partially,1
210,60,Male,UK,Government/Public sector,Security Engineer,Small (51–200),2,>$200k,Remote,Yes,4.1,7.9,3.4,2.5,1.9,6.3,10.0,6.2,1.0,4.3,7.3,None,N/A,1,Moderate,Yes,0,No,None,N/A,0
211,36,Female,Canada,Cybersecurity,QA/Test Engineer,Medium (201–1 000),0,$100k–$150k,In-person,Yes,6.0,7.4,0.2,8.7,6.6,4.7,8.3,8.2,1.0,5.1,6.0,ADHD,Self-reported,0,Moderate,Don't know,0,Yes,None,Partially,1
212,40,Male,Mexico,Gaming,DevOps/SRE,Medium (201–1 000),3,$50k–$75k,Hybrid,No,6.8,7.4,5.3,4.8,3.9,4.3,8.2,5.9,2.3,5.6,5.1,None,N/A,0,No access,No,0,No,None,N/A,0
213,39,Male,Germany,AI/ML startup,Security Engineer,Large (1 001–5 000),1,$75k–$100k,Remote,No,7.9,3.9,3.3,6.9,5.4,5.9,5.5,6.7,1.4,6.7,5.6,Depression,Self-reported,1,Difficult,Don't know,0,No,4–7 days,No,1
214,36,Male,Poland,Government/Public sector,ML/AI Engineer,Large (1 001–5 000),10,$100k–$150k,Hybrid,No,8.2,4.9,1.5,9.5,5.9,6.2,8.2,6.2,5.7,6.5,6.4,None,N/A,0,Moderate,Yes,0,Yes,None,N/A,0
215,29,Male,USA,HealthTech,Cloud Architect,Large (1 001–5 000),23,$150k–$200k,Hybrid,No,6.1,6.3,7.3,6.7,4.7,6.5,9.4,6.4,3.1,6.4,5.7,None,N/A,0,No access,Don't know,0,Yes,None,N/A,0
216,37,Male,France,FinTech,QA/Test Engineer,Startup (1–50),12,$100k–$150k,Hybrid,Yes,6.6,6.8,3.4,9.0,6.7,5.1,7.7,7.1,1.5,5.4,5.5,Depression & Burnout,Self-reported,1,Difficult,Yes,1,Yes,>2 weeks,Partially,1
217,26,Female,Sweden,E-commerce,Software Engineer,Large (1 001–5 000),4,<$50k,Remote,Yes,3.0,8.0,1.8,8.4,10.0,8.6,8.7,7.0,2.2,1.2,8.9,Burnout,Formally diagnosed,0,Difficult,Yes,0,No,None,Yes,1
218,30,Male,Australia,HealthTech,Data Scientist,Startup (1–50),5,$50k–$75k,In-person,Was already remote,7.3,5.9,0.0,7.2,9.3,4.0,7.6,5.8,1.0,7.4,4.8,Depression & Burnout,Not sure / undiagnosed,1,Moderate,Yes,1,No,1–2 weeks,No,1
219,28,Female,India,E-commerce,Frontend Developer,Startup (1–50),16,$75k–$100k,Hybrid,Was already remote,8.4,7.0,4.0,2.1,3.9,7.3,5.3,7.9,6.2,5.2,4.7,None,N/A,0,No access,Don't know,0,Yes,None,N/A,0
220,32,Female,Germany,AI/ML startup,CTO/VP Engineering,Large (1 001–5 000),4,$100k–$150k,Remote,Yes,7.2,4.0,0.4,1.8,4.4,6.4,3.8,6.0,6.1,6.9,4.1,Depression & Burnout,Self-reported,1,Moderate,Don't know,0,No,4–7 days,Yes,1
221,49,Male,Japan,Gaming,DevOps/SRE,Medium (201–1 000),5,$100k–$150k,In-person,Yes,5.9,5.1,0.9,8.9,4.1,6.5,3.6,6.1,1.5,4.6,6.6,None,N/A,0,Moderate,Yes,0,No,None,N/A,0
222,18,Male,Brazil,E-commerce,Product Manager,Large (1 001–5 000),5,<$50k,Hybrid,Yes,4.3,6.4,2.3,7.1,2.7,5.8,6.6,7.8,1.9,5.3,7.1,None,N/A,0,Easy,No,0,Yes,None,N/A,0
223,37,Female,USA,Cybersecurity,CTO/VP Engineering,Medium (201–1 000),6,$150k–$200k,Hybrid,Yes,4.3,9.3,5.1,7.0,6.3,6.1,8.0,7.6,1.2,3.8,8.7,None,N/A,0,No access,Yes,0,Yes,None,N/A,0
224,19,Non-binary,Japan,AI/ML startup,Cloud Architect,Startup (1–50),5,$100k–$150k,Remote,Yes,5.7,7.7,8.9,5.5,6.9,6.7,10.0,6.7,3.3,8.4,5.1,None,N/A,0,No access,Don't know,0,No,None,N/A,0
225,28,Male,UK,Gaming,Data Analyst,Small (51–200),6,$150k–$200k,Remote,Yes,6.8,6.0,0.3,5.6,6.3,6.1,7.5,6.7,2.6,7.1,5.8,None,N/A,0,Moderate,Yes,0,No,None,N/A,0
226,40,Male,USA,AI/ML startup,Software Engineer,Large (1 001–5 000),7,$75k–$100k,Remote,Yes,2.3,9.3,8.2,6.0,6.3,7.1,10.0,6.2,1.8,2.9,8.5,None,N/A,0,No access,Yes,0,No,None,N/A,0
227,32,Male,Singapore,HealthTech,Data Scientist,Small (51–200),9,$100k–$150k,Remote,No,3.6,6.0,3.6,5.5,2.1,5.4,8.7,6.4,2.5,3.4,8.8,None,N/A,0,Difficult,Yes,0,No,None,N/A,0
228,23,Female,Canada,AI/ML startup,DevOps/SRE,Large (1 001–5 000),2,$75k–$100k,In-person,Was already remote,7.7,5.4,6.0,7.1,2.3,3.9,6.0,5.4,1.3,8.2,4.0,Other,Formally diagnosed,0,Easy,Yes,0,No,None,No,1
229,26,Male,Sweden,HealthTech,Backend Developer,Large (1 001–5 000),7,$150k–$200k,Hybrid,Was already remote,9.1,6.2,5.4,7.7,7.2,3.3,5.8,10.0,6.2,6.6,5.6,None,N/A,1,Difficult,Yes,1,No,None,N/A,0
230,37,Male,USA,Cybersecurity,Data Analyst,Medium (201–1 000),0,$150k–$200k,Hybrid,No,5.7,6.8,1.6,4.6,5.7,3.6,6.8,7.8,4.5,3.8,6.3,None,N/A,1,No access,Yes,1,Yes,None,N/A,0
231,26,Female,USA,Big Tech,DevOps/SRE,Enterprise (5 000+),11,$150k–$200k,Hybrid,No,7.2,6.8,3.4,7.9,7.7,5.8,5.6,5.8,2.7,5.3,5.4,None,N/A,0,Moderate,Yes,0,No,None,N/A,0
232,33,Female,Canada,Cybersecurity,Engineering Manager,Enterprise (5 000+),1,$75k–$100k,Remote,No,5.8,6.2,10.0,6.6,4.0,5.5,8.9,7.3,1.2,5.4,5.5,None,N/A,0,Difficult,No,0,Yes,None,N/A,0
233,32,Male,USA,Government/Public sector,ML/AI Engineer,Enterprise (5 000+),2,$100k–$150k,In-person,Yes,6.2,7.3,3.6,6.2,5.3,6.9,7.3,3.5,3.3,5.4,7.2,None,N/A,0,Easy,Yes,0,No,None,N/A,0
234,27,Male,Netherlands,HealthTech,ML/AI Engineer,Large (1 001–5 000),8,$75k–$100k,Hybrid,No,4.0,7.2,2.4,6.9,4.9,5.5,7.3,5.7,3.9,7.4,5.9,Anxiety,Self-reported,1,No access,Don't know,0,Yes,1–2 weeks,Yes,1
235,48,Female,USA,Gaming,Security Engineer,Small (51–200),5,$150k–$200k,Hybrid,Yes,7.0,7.7,1.1,4.4,9.1,4.3,7.6,8.9,1.0,7.0,4.5,ADHD,Self-reported,0,Difficult,Yes,0,Yes,4–7 days,No,1
236,36,Male,Canada,Consulting/Agency,Product Manager,Medium (201–1 000),2,<$50k,Hybrid,Yes,4.7,7.8,0.6,5.2,9.1,7.8,9.7,10.0,1.5,4.9,6.8,Anxiety,Self-reported,1,Easy,Yes,0,Yes,None,No,1
237,18,Male,USA,Big Tech,ML/AI Engineer,Large (1 001–5 000),1,<$50k,In-person,No,6.4,5.8,20.0,1.9,3.8,5.9,6.3,5.5,3.9,7.1,3.2,Anxiety,Self-reported,0,Easy,Yes,0,No,None,Partially,1
238,33,Female,USA,Cybersecurity,Backend Developer,Small (51–200),17,$50k–$75k,Hybrid,Yes,7.4,5.0,3.1,7.0,6.2,6.8,8.6,7.4,5.4,6.0,9.0,Depression,Formally diagnosed,1,Moderate,No,1,No,None,Partially,1
239,27,Male,Sweden,Consulting/Agency,Product Manager,Large (1 001–5 000),0,$50k–$75k,In-person,Was already remote,7.1,7.5,0.5,6.3,7.5,4.6,7.5,5.6,3.3,6.4,5.9,None,N/A,0,Moderate,Don't know,0,No,None,N/A,0
240,38,Female,USA,FinTech,Security Engineer,Medium (201–1 000),0,<$50k,Hybrid,Was already remote,4.5,5.7,0.4,6.1,7.9,4.1,9.8,8.4,2.0,6.0,5.3,None,N/A,0,Moderate,Yes,0,Yes,None,N/A,0
241,26,Non-binary,India,Consulting/Agency,Engineering Manager,Startup (1–50),6,$50k–$75k,Hybrid,Yes,6.5,7.6,4.5,6.0,4.3,6.6,9.5,3.8,3.5,5.1,6.7,Depression,Formally diagnosed,1,Moderate,Don't know,0,Yes,1–3 days,No,1
242,31,Male,Spain,Government/Public sector,Security Engineer,Medium (201–1 000),5,$75k–$100k,Remote,Yes,5.0,6.5,6.8,7.2,6.7,8.1,6.3,7.2,3.9,5.6,4.3,None,N/A,0,Easy,Yes,0,No,None,N/A,0
243,35,Male,Australia,Government/Public sector,Engineering Manager,Startup (1–50),7,$50k–$75k,Hybrid,Yes,7.3,7.0,1.3,5.1,6.2,5.0,4.8,4.2,3.8,6.7,6.6,Burnout,Not sure / undiagnosed,0,Easy,Yes,0,No,None,No,1
244,38,Female,Sweden,Cybersecurity,Frontend Developer,Startup (1–50),7,$150k–$200k,Remote,Was already remote,7.5,5.6,10.2,6.9,5.7,8.2,6.1,6.3,2.2,6.5,7.8,ADHD,Self-reported,1,Easy,No,0,No,1–3 days,No,1
245,22,Female,USA,Consulting/Agency,Cloud Architect,Enterprise (5 000+),10,<$50k,Hybrid,Yes,7.4,6.8,0.7,8.4,1.0,6.2,6.5,6.0,4.2,4.8,4.8,None,N/A,0,Difficult,Don't know,0,No,None,N/A,0
246,29,Non-binary,USA,E-commerce,Backend Developer,Medium (201–1 000),14,>$200k,Hybrid,Yes,8.7,7.3,3.9,2.8,4.8,5.0,6.9,6.7,5.8,7.6,5.8,None,N/A,0,No access,Yes,0,No,None,N/A,0
247,28,Female,Ireland,Gaming,Product Manager,Medium (201–1 000),8,$150k–$200k,Hybrid,Yes,7.0,5.9,0.5,5.9,5.1,6.4,7.8,9.1,5.7,7.8,4.4,Burnout,Self-reported,0,Easy,No,0,Yes,1–3 days,No,1
248,27,Male,France,FinTech,Backend Developer,Small (51–200),1,$50k–$75k,Remote,Yes,8.8,5.0,0.4,4.8,7.3,4.4,9.6,7.6,4.5,8.0,6.5,Depression,Formally diagnosed,0,Difficult,Yes,0,No,None,Yes,1
249,45,Female,India,HealthTech,Security Engineer,Medium (201–1 000),3,$50k–$75k,Remote,Was already remote,7.4,5.4,2.6,8.5,5.4,6.2,3.9,6.7,2.4,8.6,3.4,Anxiety & Depression,Self-reported,1,Easy,No,0,No,1–2 weeks,No,1
250,35,Male,Australia,SaaS/Software,CTO/VP Engineering,Small (51–200),5,$50k–$75k,Hybrid,Yes,4.8,4.3,0.2,7.2,8.4,4.4,8.6,6.7,1.4,7.4,5.5,Burnout,Formally diagnosed,1,Easy,Don't know,1,Yes,1–3 days,No,1
251,22,Male,UK,E-commerce,ML/AI Engineer,Large (1 001–5 000),4,$100k–$150k,Remote,Was already remote,6.5,5.5,0.4,7.8,2.9,6.6,8.9,6.9,1.7,6.2,7.7,None,N/A,0,Moderate,No,0,No,None,N/A,0
252,38,Male,USA,FinTech,CTO/VP Engineering,Large (1 001–5 000),0,$100k–$150k,Hybrid,No,8.0,7.5,0.0,7.8,8.6,5.5,5.2,8.0,1.4,6.6,6.6,None,N/A,0,Difficult,Yes,0,Yes,None,N/A,0
253,47,Male,Sweden,FinTech,Engineering Manager,Enterprise (5 000+),4,$75k–$100k,Hybrid,No,8.1,4.2,0.5,9.7,4.6,5.5,6.1,7.3,3.3,6.1,5.9,Anxiety & Burnout,Self-reported,0,Moderate,Yes,0,Yes,1–3 days,Partially,1
254,39,Female,Australia,SaaS/Software,Security Engineer,Startup (1–50),11,$75k–$100k,Hybrid,No,5.3,6.2,5.2,7.0,4.7,5.9,9.9,9.0,5.8,7.9,6.2,Anxiety & Depression,Not sure / undiagnosed,1,Easy,Yes,1,No,1–3 days,No,1
255,20,Male,Canada,Government/Public sector,Frontend Developer,Medium (201–1 000),2,$100k–$150k,Hybrid,Was already remote,5.3,6.9,8.3,4.8,5.3,4.8,5.8,4.9,6.6,7.7,6.1,Anxiety,Not sure / undiagnosed,1,Easy,Yes,1,No,4–7 days,Yes,1
256,28,Male,Ireland,FinTech,Backend Developer,Large (1 001–5 000),6,$75k–$100k,Remote,Was already remote,7.2,6.5,0.0,7.2,2.6,8.9,7.9,6.3,1.2,6.1,4.3,Anxiety & Burnout,Self-reported,1,Moderate,Don't know,0,No,None,Partially,1
257,41,Male,UK,E-commerce,Frontend Developer,Startup (1–50),5,>$200k,In-person,No,4.7,6.0,1.1,5.6,6.1,4.4,10.0,6.4,3.2,4.7,5.5,None,N/A,0,Difficult,Don't know,0,No,None,N/A,0
258,26,Female,USA,Cybersecurity,Engineering Manager,Startup (1–50),2,$75k–$100k,Hybrid,No,5.8,8.1,0.0,7.1,10.0,4.4,4.7,6.1,2.4,5.9,5.1,None,N/A,0,Moderate,Yes,0,No,None,N/A,0
259,35,Female,Singapore,AI/ML startup,Data Scientist,Large (1 001–5 000),4,$75k–$100k,Hybrid,Yes,6.3,7.3,6.5,6.4,3.9,5.6,6.8,6.5,2.5,7.5,5.3,ADHD,Formally diagnosed,1,Easy,Yes,1,No,1–2 weeks,Partially,1
260,37,Male,Sweden,AI/ML startup,Backend Developer,Large (1 001–5 000),1,$50k–$75k,Hybrid,Was already remote,5.9,5.6,0.5,4.7,4.9,5.7,10.0,7.3,3.5,8.7,4.5,Anxiety,Self-reported,1,Moderate,Yes,0,No,1–2 weeks,Partially,1
261,25,Male,Germany,AI/ML startup,QA/Test Engineer,Medium (201–1 000),4,$100k–$150k,Remote,Yes,7.6,6.1,4.4,6.0,7.1,6.2,7.8,4.8,6.0,10.0,2.5,Anxiety,Self-reported,0,No access,Don't know,0,No,None,Partially,1
262,31,Male,USA,E-commerce,Data Analyst,Startup (1–50),8,$75k–$100k,Hybrid,Yes,7.5,5.6,0.0,3.1,5.7,6.4,7.5,2.5,5.1,6.8,6.0,Depression,Formally diagnosed,1,Difficult,No,0,No,None,Partially,1
263,18,Non-binary,USA,Gaming,ML/AI Engineer,Medium (201–1 000),7,$50k–$75k,Hybrid,No,6.4,7.0,1.4,5.7,7.9,4.4,9.0,7.2,4.3,7.8,4.8,None,N/A,0,Moderate,Don't know,0,No,None,N/A,0
264,24,Female,India,HealthTech,DevOps/SRE,Medium (201–1 000),2,$75k–$100k,In-person,Yes,4.1,8.6,1.8,6.1,2.8,7.7,7.0,5.1,1.0,3.4,9.4,Depression,Not sure / undiagnosed,1,Easy,No,0,Yes,None,Partially,1
265,30,Female,UK,SaaS/Software,Frontend Developer,Medium (201–1 000),0,$75k–$100k,Hybrid,No,8.6,6.6,0.4,4.0,3.5,4.6,5.9,4.4,4.9,7.0,5.5,Anxiety,Formally diagnosed,0,No access,Yes,0,No,1–3 days,No,1
266,22,Female,Brazil,Big Tech,ML/AI Engineer,Medium (201–1 000),8,$100k–$150k,Hybrid,Yes,4.7,8.6,3.0,5.5,6.4,4.1,8.0,6.2,2.5,3.5,7.5,Anxiety & Burnout,Formally diagnosed,1,Moderate,Yes,1,Yes,1–3 days,Yes,1
267,44,Male,Poland,Government/Public sector,Software Engineer,Medium (201–1 000),1,$50k–$75k,Hybrid,Was already remote,5.1,6.7,1.7,10.0,1.0,6.8,8.5,9.6,3.7,5.4,5.3,None,N/A,0,Easy,No,0,No,None,N/A,0
268,21,Female,Sweden,AI/ML startup,QA/Test Engineer,Large (1 001–5 000),0,$150k–$200k,Hybrid,Was already remote,4.6,5.1,1.9,7.4,3.1,6.1,7.6,9.3,1.0,7.6,5.7,None,N/A,0,Easy,Yes,0,No,None,N/A,0
269,28,Male,UK,Consulting/Agency,ML/AI Engineer,Large (1 001–5 000),3,$75k–$100k,Remote,No,3.4,6.4,1.2,3.9,2.1,7.5,6.1,6.2,1.0,4.6,4.6,ADHD,Self-reported,0,Easy,Don't know,0,Yes,1–2 weeks,No,1
270,32,Male,Sweden,Government/Public sector,Cloud Architect,Large (1 001–5 000),7,$100k–$150k,In-person,No,7.9,7.0,1.1,5.6,6.0,5.9,7.6,4.1,4.7,5.1,8.0,Depression,Formally diagnosed,1,Moderate,Yes,1,Yes,None,Partially,1
271,42,Male,UK,E-commerce,CTO/VP Engineering,Small (51–200),9,$100k–$150k,Remote,Yes,9.3,5.8,3.5,4.4,4.9,7.2,5.1,8.3,5.9,6.9,5.4,Anxiety,Self-reported,0,Easy,Yes,0,Yes,None,Yes,1
272,21,Female,USA,Gaming,Data Analyst,Medium (201–1 000),22,$100k–$150k,In-person,Was already remote,3.8,7.2,1.7,8.0,3.0,4.7,9.1,10.0,2.4,5.1,7.8,Burnout,Not sure / undiagnosed,1,Easy,Don't know,0,Yes,1–2 weeks,No,1
273,40,Non-binary,USA,Gaming,QA/Test Engineer,Startup (1–50),1,$100k–$150k,Remote,Yes,2.8,6.8,7.4,4.8,6.2,4.3,9.3,9.7,4.8,5.2,6.2,None,N/A,0,Moderate,No,0,Yes,None,N/A,0
274,32,Male,UK,AI/ML startup,Data Analyst,Medium (201–1 000),1,$75k–$100k,Remote,Yes,6.3,5.9,0.3,5.5,7.5,5.9,6.6,6.5,1.9,7.7,3.4,None,N/A,0,Easy,Don't know,0,Yes,None,N/A,0
275,24,Female,Ireland,Consulting/Agency,Security Engineer,Enterprise (5 000+),5,>$200k,Hybrid,Was already remote,6.7,7.7,6.1,8.2,3.1,4.8,6.2,7.5,2.2,9.3,1.4,Anxiety,Formally diagnosed,1,No access,Don't know,0,No,None,Yes,1
276,35,Female,USA,Big Tech,ML/AI Engineer,Large (1 001–5 000),9,$100k–$150k,In-person,No,2.2,9.5,4.1,7.0,5.6,6.2,10.0,7.4,1.0,5.1,5.9,None,N/A,0,Difficult,No,0,No,None,N/A,0
277,33,Male,USA,AI/ML startup,QA/Test Engineer,Small (51–200),1,$75k–$100k,Hybrid,Yes,4.2,6.5,2.2,6.1,6.3,4.3,10.0,6.9,1.5,4.7,6.2,None,N/A,0,Difficult,Yes,0,No,None,N/A,0
278,27,Male,New Zealand,SaaS/Software,Cloud Architect,Small (51–200),2,$75k–$100k,In-person,Was already remote,8.4,5.4,0.0,6.5,7.0,3.9,6.6,5.4,2.7,5.7,6.5,None,N/A,0,Difficult,Yes,0,Yes,None,N/A,0
279,32,Male,USA,Government/Public sector,DevOps/SRE,Startup (1–50),2,<$50k,Remote,Was already remote,7.1,7.3,0.0,5.0,2.7,5.0,8.7,4.8,4.0,5.2,5.9,Anxiety & Depression,Formally diagnosed,1,No access,No,0,Yes,1–3 days,Yes,1
280,29,Female,Sweden,Cybersecurity,Mobile Developer,Small (51–200),8,$100k–$150k,In-person,Yes,8.4,7.8,0.9,9.3,3.8,3.1,7.6,8.2,4.0,9.1,4.2,Depression & Burnout,Not sure / undiagnosed,0,Difficult,Don't know,0,Yes,None,Yes,1
281,32,Male,UK,Government/Public sector,DevOps/SRE,Medium (201–1 000),1,$75k–$100k,Hybrid,Yes,4.1,8.2,7.6,4.4,5.6,4.1,9.7,6.9,2.1,4.9,6.8,None,N/A,0,Difficult,Don't know,0,No,None,N/A,0
282,36,Male,USA,Consulting/Agency,Data Analyst,Small (51–200),19,>$200k,Remote,No,6.0,8.7,10.7,7.2,5.8,5.9,8.0,7.4,4.4,4.7,8.8,None,N/A,0,Easy,Yes,0,Yes,None,N/A,0
283,43,Male,Spain,AI/ML startup,Data Analyst,Small (51–200),3,$75k–$100k,In-person,Was already remote,5.9,7.9,9.0,7.5,10.0,6.9,9.1,5.8,2.6,7.2,7.0,None,N/A,0,Difficult,Yes,0,Yes,None,N/A,0
284,22,Female,USA,SaaS/Software,Cloud Architect,Startup (1–50),1,$100k–$150k,Remote,Yes,7.9,7.1,0.3,9.5,7.5,5.3,8.4,5.4,7.2,4.0,7.1,Anxiety,Formally diagnosed,1,Moderate,No,0,Yes,4–7 days,Yes,1
285,47,Male,Germany,Consulting/Agency,Data Scientist,Large (1 001–5 000),1,$150k–$200k,Remote,Yes,4.9,8.2,1.1,6.1,5.0,4.2,9.6,3.4,2.2,5.1,6.3,None,N/A,1,No access,No,0,No,None,N/A,0
286,18,Male,USA,HealthTech,Engineering Manager,Medium (201–1 000),0,$150k–$200k,Hybrid,No,5.1,7.3,4.7,4.4,5.2,8.4,5.3,3.2,4.2,5.2,6.7,None,N/A,0,Difficult,Yes,0,No,None,N/A,0
287,30,Male,USA,Consulting/Agency,DevOps/SRE,Large (1 001–5 000),6,$50k–$75k,Hybrid,No,6.9,6.5,9.3,7.1,5.3,3.1,7.4,8.3,1.0,9.6,2.5,None,N/A,0,Easy,Don't know,0,Yes,None,N/A,0
288,36,Female,USA,E-commerce,Cloud Architect,Small (51–200),8,>$200k,Remote,Was already remote,7.4,6.9,0.0,4.7,3.4,5.9,10.0,9.8,6.2,8.4,7.2,Depression & Burnout,Formally diagnosed,0,Easy,Don't know,0,No,4–7 days,Yes,1
289,34,Female,USA,Consulting/Agency,Security Engineer,Large (1 001–5 000),0,>$200k,Remote,Was already remote,5.2,7.4,1.6,5.0,5.3,5.9,9.2,6.7,2.4,6.5,6.3,None,N/A,0,Moderate,Yes,0,Yes,None,N/A,0
290,27,Male,USA,Big Tech,DevOps/SRE,Medium (201–1 000),4,>$200k,In-person,Was already remote,6.4,5.8,5.9,3.9,9.9,4.2,5.9,6.7,6.1,8.3,3.3,Depression,Formally diagnosed,1,Easy,No,0,No,None,No,1
291,30,Female,Netherlands,AI/ML startup,Cloud Architect,Small (51–200),8,$150k–$200k,Hybrid,No,7.7,6.8,1.6,4.9,1.0,4.5,4.5,5.3,3.2,6.6,4.8,Depression,Self-reported,1,Moderate,Don't know,0,No,None,No,1
292,28,Female,Canada,E-commerce,Frontend Developer,Small (51–200),2,$150k–$200k,Remote,Was already remote,6.6,6.7,6.0,6.0,5.9,7.1,7.6,4.6,2.5,5.9,6.8,Anxiety,Formally diagnosed,0,Moderate,No,0,No,None,Yes,1
293,27,Female,UK,Consulting/Agency,Product Manager,Medium (201–1 000),3,$100k–$150k,Hybrid,Yes,5.2,7.3,0.4,4.4,10.0,6.0,4.9,5.4,3.7,4.4,6.4,Anxiety,Formally diagnosed,0,Easy,Yes,0,Yes,>2 weeks,No,1
294,38,Female,UK,E-commerce,Backend Developer,Medium (201–1 000),2,$150k–$200k,Hybrid,Yes,6.6,6.5,4.8,5.3,9.4,6.9,8.1,9.2,3.5,5.5,8.2,Burnout,Self-reported,0,Moderate,Yes,0,No,1–2 weeks,Partially,1
295,34,Male,Mexico,SaaS/Software,Frontend Developer,Startup (1–50),2,$100k–$150k,Remote,No,7.2,6.8,1.1,7.7,7.7,9.3,7.1,10.0,1.0,4.8,8.7,ADHD,Formally diagnosed,0,Difficult,Yes,0,No,1–3 days,No,1
296,26,Male,Spain,Cybersecurity,Data Analyst,Large (1 001–5 000),3,$100k–$150k,Hybrid,Was already remote,6.2,6.9,3.8,6.9,6.0,6.8,6.6,4.4,1.0,6.4,4.7,Depression,Not sure / undiagnosed,0,Difficult,Yes,0,No,4–7 days,No,1
297,38,Female,France,E-commerce,Full-Stack Developer,Startup (1–50),0,$100k–$150k,Remote,No,7.0,5.2,0.7,8.0,7.7,7.1,9.2,7.9,4.1,5.4,5.2,None,N/A,0,Difficult,No,0,No,None,N/A,0
298,34,Male,Singapore,Government/Public sector,Backend Developer,Medium (201–1 000),3,>$200k,Remote,No,7.7,5.4,3.4,7.8,6.6,5.5,6.6,8.9,3.8,7.6,5.4,None,N/A,0,Moderate,Yes,0,No,None,N/A,0
299,38,Female,UK,HealthTech,CTO/VP Engineering,Medium (201–1 000),15,$50k–$75k,In-person,Yes,6.8,4.8,3.7,6.7,9.3,6.2,6.2,5.7,4.0,7.7,5.8,Depression,Self-reported,1,Moderate,Don't know,0,No,None,No,1
300,36,Male,UK,Gaming,Full-Stack Developer,Medium (201–1 000),0,$150k–$200k,Remote,Yes,7.6,7.8,1.2,5.8,7.3,6.3,8.8,6.9,4.8,7.6,6.4,Burnout,Self-reported,1,Easy,Don't know,1,Yes,None,No,1
301,25,Non-binary,India,HealthTech,Software Engineer,Enterprise (5 000+),0,$75k–$100k,Hybrid,Was already remote,5.7,6.6,12.0,6.4,4.4,5.2,8.3,5.1,1.6,5.7,7.6,Anxiety & Depression,Self-reported,1,Difficult,No,0,No,1–2 weeks,Partially,1
302,27,Female,India,Consulting/Agency,Data Analyst,Enterprise (5 000+),8,$75k–$100k,Hybrid,Yes,5.1,7.1,0.0,5.0,9.8,6.2,7.5,8.6,2.0,4.0,8.0,Anxiety & Depression,Not sure / undiagnosed,0,Easy,Yes,0,No,4–7 days,No,1
303,37,Male,Canada,Cybersecurity,Mobile Developer,Startup (1–50),0,$50k–$75k,Hybrid,Yes,8.6,6.0,2.9,4.3,5.4,4.4,4.4,7.7,2.1,8.0,3.4,Burnout,Self-reported,0,Moderate,Yes,0,No,1–2 weeks,No,1
304,36,Male,UK,HealthTech,Security Engineer,Medium (201–1 000),1,$75k–$100k,In-person,Was already remote,2.0,6.4,9.2,8.0,3.8,7.5,9.3,4.0,1.0,6.1,6.4,None,N/A,0,Difficult,Don't know,0,Yes,None,N/A,0
305,31,Female,Italy,Gaming,ML/AI Engineer,Large (1 001–5 000),3,>$200k,Remote,Yes,6.8,6.2,6.3,7.8,6.6,4.2,6.0,6.1,4.1,6.5,7.5,Anxiety & Depression,Not sure / undiagnosed,0,Moderate,Yes,0,Yes,None,Yes,1
306,32,Female,Brazil,Big Tech,Product Manager,Small (51–200),15,$75k–$100k,Remote,Yes,5.5,6.7,2.8,7.1,7.6,6.5,9.1,5.8,1.9,6.0,7.1,None,N/A,0,No access,Don't know,1,No,None,N/A,0
307,41,Male,Canada,Big Tech,Full-Stack Developer,Large (1 001–5 000),1,$100k–$150k,Hybrid,No,7.2,4.4,7.3,6.0,5.7,6.6,5.0,9.2,3.3,6.6,6.1,None,N/A,0,No access,No,0,No,None,N/A,0
308,27,Female,France,Cybersecurity,Backend Developer,Enterprise (5 000+),14,$50k–$75k,In-person,Yes,3.9,7.6,0.7,6.9,6.2,7.6,10.0,7.0,2.7,4.3,6.6,Anxiety,Self-reported,0,Easy,No,0,Yes,1–3 days,No,1
309,36,Male,USA,Gaming,Engineering Manager,Large (1 001–5 000),6,>$200k,In-person,Yes,6.7,6.8,2.3,8.1,9.3,4.7,9.2,6.1,1.3,8.2,5.3,None,N/A,0,Difficult,Yes,0,No,None,N/A,0
310,30,Male,USA,Gaming,Data Analyst,Startup (1–50),6,$150k–$200k,In-person,No,7.1,6.0,13.4,4.1,5.5,6.0,7.0,8.4,2.9,6.9,6.4,None,N/A,0,Easy,No,0,Yes,None,N/A,0
311,30,Female,UK,SaaS/Software,Frontend Developer,Large (1 001–5 000),7,$75k–$100k,Remote,Yes,6.7,8.0,16.2,6.1,7.5,7.8,8.6,3.5,4.4,4.6,6.4,Depression,Self-reported,0,Easy,Don't know,0,No,4–7 days,No,1
312,40,Female,UK,FinTech,Data Scientist,Enterprise (5 000+),0,$75k–$100k,Remote,Was already remote,4.4,7.4,4.1,8.7,8.3,6.8,10.0,3.8,1.0,5.0,5.5,None,N/A,0,Moderate,Yes,0,Yes,None,N/A,0
313,38,Female,USA,E-commerce,CTO/VP Engineering,Large (1 001–5 000),0,$100k–$150k,Remote,Was already remote,4.9,7.8,0.7,6.7,4.4,8.8,7.1,9.4,2.4,5.5,7.7,Anxiety & Depression,Formally diagnosed,1,Moderate,Yes,0,No,4–7 days,Yes,1
314,38,Female,Brazil,Cybersecurity,Cloud Architect,Medium (201–1 000),2,$75k–$100k,Remote,Was already remote,7.3,6.7,0.0,7.9,5.8,5.6,8.0,5.8,4.0,7.4,5.1,ADHD,Formally diagnosed,1,No access,Yes,1,Yes,None,Partially,1
315,41,Male,UK,AI/ML startup,QA/Test Engineer,Enterprise (5 000+),0,$75k–$100k,Remote,No,5.8,7.1,8.7,9.6,8.9,4.7,9.0,5.3,2.7,4.1,5.8,None,N/A,0,Difficult,No,0,Yes,None,N/A,0
316,32,Female,Germany,SaaS/Software,DevOps/SRE,Enterprise (5 000+),24,>$200k,In-person,Yes,2.4,5.0,8.2,8.7,8.1,5.4,8.3,6.0,1.8,4.2,8.6,None,N/A,0,Moderate,Yes,0,No,None,N/A,0
317,37,Male,USA,Big Tech,Product Manager,Enterprise (5 000+),4,$150k–$200k,Hybrid,Yes,5.1,6.2,1.3,4.0,4.8,6.0,9.7,10.0,2.4,7.9,4.3,Depression,Self-reported,1,Easy,Yes,1,No,4–7 days,No,1
318,29,Male,USA,SaaS/Software,Engineering Manager,Medium (201–1 000),3,$75k–$100k,In-person,Yes,8.1,6.0,8.5,8.5,5.4,5.7,7.6,8.5,1.9,6.1,3.6,None,N/A,0,Moderate,Don't know,0,Yes,None,N/A,0
319,34,Male,Ireland,Consulting/Agency,Product Manager,Large (1 001–5 000),8,>$200k,Remote,No,5.7,5.4,0.3,7.1,1.0,4.6,9.4,3.8,3.4,5.8,7.1,Depression & Burnout,Not sure / undiagnosed,0,Difficult,Yes,0,Yes,None,No,1
320,31,Male,India,E-commerce,Mobile Developer,Large (1 001–5 000),20,<$50k,Hybrid,Yes,3.6,6.8,1.6,8.5,8.1,6.7,9.8,6.8,2.2,5.5,7.9,None,N/A,0,Easy,Yes,0,No,None,N/A,0
321,32,Male,Poland,AI/ML startup,DevOps/SRE,Small (51–200),17,$100k–$150k,In-person,Yes,5.4,7.7,3.5,1.4,7.0,7.6,9.9,5.2,4.5,4.0,9.2,None,N/A,0,Moderate,Don't know,0,Yes,None,N/A,0
322,36,Male,Argentina,Cybersecurity,DevOps/SRE,Medium (201–1 000),8,$100k–$150k,Hybrid,Was already remote,6.0,6.6,0.4,7.8,2.4,5.4,8.3,8.8,1.0,5.0,8.6,None,N/A,0,Easy,Yes,0,Yes,None,N/A,0
323,25,Male,UK,Consulting/Agency,CTO/VP Engineering,Large (1 001–5 000),2,<$50k,In-person,Yes,4.7,5.4,15.9,7.1,7.3,6.4,7.6,4.6,1.0,3.6,6.8,None,N/A,0,Moderate,Yes,0,Yes,None,N/A,0
324,47,Male,USA,FinTech,DevOps/SRE,Enterprise (5 000+),0,$50k–$75k,Remote,Was already remote,8.4,6.6,0.0,7.2,6.3,5.7,6.4,7.3,2.7,5.9,6.1,None,N/A,0,Moderate,Don't know,0,No,None,N/A,0
325,24,Female,Japan,AI/ML startup,Cloud Architect,Enterprise (5 000+),0,$75k–$100k,Remote,No,5.5,4.6,0.9,4.3,7.2,6.7,7.3,6.0,2.5,6.6,4.4,None,N/A,0,Moderate,Don't know,0,No,None,N/A,0
326,22,Male,Argentina,Gaming,Data Scientist,Small (51–200),0,$150k–$200k,Hybrid,Was already remote,5.6,7.3,2.1,6.9,7.1,4.6,7.4,6.6,3.1,3.2,6.9,None,N/A,1,Moderate,Don't know,0,No,None,N/A,0
327,40,Male,India,AI/ML startup,Software Engineer,Medium (201–1 000),0,>$200k,In-person,No,5.7,6.1,5.1,7.6,5.5,3.7,9.2,7.0,1.1,8.3,4.8,Anxiety,Not sure / undiagnosed,1,Moderate,No,0,Yes,None,Partially,1
328,37,Female,Sweden,SaaS/Software,Security Engineer,Medium (201–1 000),15,$100k–$150k,Remote,Yes,2.8,9.4,1.1,9.4,3.2,7.7,9.1,8.6,1.0,3.7,7.9,None,N/A,1,Moderate,No,0,Yes,None,N/A,0
329,36,Female,Sweden,Government/Public sector,Data Scientist,Enterprise (5 000+),14,$100k–$150k,In-person,No,6.7,4.8,3.4,7.3,4.7,5.8,7.7,5.3,4.0,5.6,6.9,Burnout,Self-reported,0,Moderate,No,0,No,4–7 days,Partially,1
330,36,Female,UK,Consulting/Agency,Frontend Developer,Startup (1–50),6,$100k–$150k,Remote,No,4.9,6.8,0.4,7.5,4.8,7.5,5.3,4.5,2.1,2.9,6.1,Depression,Self-reported,1,Moderate,Yes,1,Yes,None,No,1
331,31,Male,Germany,SaaS/Software,Security Engineer,Large (1 001–5 000),7,$75k–$100k,In-person,Yes,1.6,6.3,1.3,6.4,2.3,7.6,10.0,7.3,2.7,3.3,8.5,None,N/A,0,Difficult,Yes,0,No,None,N/A,0
332,25,Female,Brazil,Gaming,Software Engineer,Large (1 001–5 000),3,$150k–$200k,Remote,Yes,3.3,6.8,0.6,3.9,6.0,8.0,9.3,4.9,2.2,5.7,6.4,ADHD,Formally diagnosed,0,Easy,Yes,0,Yes,None,No,1
333,32,Male,Australia,Big Tech,QA/Test Engineer,Enterprise (5 000+),1,$100k–$150k,Hybrid,No,5.9,9.0,2.5,7.8,7.3,5.7,8.1,7.3,3.5,6.2,6.2,Anxiety,Formally diagnosed,1,Moderate,No,0,No,1–2 weeks,No,1
334,26,Male,USA,SaaS/Software,DevOps/SRE,Medium (201–1 000),13,$75k–$100k,Remote,Yes,8.2,5.7,1.1,6.5,4.1,4.8,4.1,6.3,6.9,8.8,2.8,ADHD,Formally diagnosed,0,Moderate,Yes,1,Yes,None,No,1
335,39,Male,UK,AI/ML startup,Data Scientist,Large (1 001–5 000),1,$50k–$75k,Hybrid,No,7.3,5.0,0.6,9.0,6.5,6.7,6.4,4.9,4.8,6.9,3.8,Burnout,Formally diagnosed,1,Easy,Yes,0,Yes,1–2 weeks,Partially,1
336,30,Female,USA,FinTech,CTO/VP Engineering,Enterprise (5 000+),7,>$200k,In-person,Yes,7.0,7.1,2.1,5.1,7.1,4.0,5.0,4.7,1.0,7.8,6.2,ADHD,Self-reported,1,Moderate,Yes,1,No,None,No,1
337,25,Male,USA,AI/ML startup,CTO/VP Engineering,Large (1 001–5 000),1,<$50k,Remote,Was already remote,6.2,6.1,2.1,7.5,7.1,6.4,6.7,7.9,4.0,6.7,4.4,Depression,Formally diagnosed,0,No access,Yes,0,Yes,1–3 days,Yes,1
338,29,Male,Ireland,AI/ML startup,ML/AI Engineer,Startup (1–50),11,>$200k,Hybrid,Yes,6.7,6.0,1.8,6.1,4.3,2.9,7.2,6.2,4.7,7.2,6.5,None,N/A,0,Difficult,No,0,No,None,N/A,0
339,35,Male,USA,Consulting/Agency,Frontend Developer,Small (51–200),5,$75k–$100k,Hybrid,Was already remote,6.2,6.2,0.3,8.9,10.0,7.9,7.8,4.9,3.9,5.7,5.4,None,N/A,0,Easy,Yes,0,Yes,None,N/A,0
340,27,Female,USA,Cybersecurity,QA/Test Engineer,Large (1 001–5 000),5,$100k–$150k,Remote,Yes,4.7,6.5,8.0,5.2,6.0,6.3,7.9,6.4,1.0,3.6,7.5,None,N/A,0,Easy,Don't know,0,Yes,None,N/A,0
341,25,Female,USA,E-commerce,CTO/VP Engineering,Small (51–200),0,$75k–$100k,In-person,No,4.7,8.1,3.5,6.7,3.4,3.1,7.9,5.0,3.0,5.1,4.1,None,N/A,0,No access,Yes,0,Yes,None,N/A,0
342,33,Male,India,AI/ML startup,CTO/VP Engineering,Large (1 001–5 000),2,$150k–$200k,Hybrid,Yes,6.0,4.9,0.2,6.1,5.0,7.8,7.3,6.9,1.9,5.8,3.8,Burnout,Self-reported,0,No access,Yes,0,No,1–2 weeks,No,1
343,33,Female,Germany,AI/ML startup,QA/Test Engineer,Large (1 001–5 000),4,$100k–$150k,Hybrid,Was already remote,4.6,7.0,1.1,8.7,2.9,6.3,6.5,7.2,1.5,5.7,5.6,Depression & Burnout,Formally diagnosed,0,Easy,Yes,0,No,None,No,1
344,28,Male,USA,E-commerce,Backend Developer,Enterprise (5 000+),1,$50k–$75k,Hybrid,Yes,3.0,7.5,5.6,7.3,5.0,6.8,8.1,6.6,2.4,4.9,9.0,None,N/A,0,Difficult,Yes,0,Yes,None,N/A,0
345,28,Female,USA,FinTech,Backend Developer,Medium (201–1 000),11,$75k–$100k,Hybrid,Was already remote,7.1,6.5,4.7,3.0,8.4,7.9,8.4,5.7,2.3,5.2,7.5,Burnout,Not sure / undiagnosed,0,Easy,Yes,0,No,None,No,1
346,33,Male,USA,Consulting/Agency,QA/Test Engineer,Large (1 001–5 000),9,$75k–$100k,Remote,No,6.8,5.2,4.0,4.6,6.9,5.6,9.3,4.5,4.1,7.2,5.5,None,N/A,0,Moderate,No,0,No,None,N/A,0
347,21,Female,Canada,Big Tech,Software Engineer,Startup (1–50),3,$150k–$200k,Hybrid,Yes,2.9,6.1,6.0,2.0,9.1,8.8,9.0,6.8,1.3,3.3,7.6,None,N/A,0,Moderate,Don't know,0,Yes,None,N/A,0
348,21,Male,USA,Gaming,Data Analyst,Medium (201–1 000),2,$150k–$200k,Remote,Yes,3.8,6.7,3.5,7.7,6.3,5.4,9.4,4.9,1.0,5.5,8.1,Anxiety & Depression,Formally diagnosed,0,Moderate,Yes,0,No,None,No,1
349,26,Female,Mexico,Gaming,Mobile Developer,Small (51–200),8,$150k–$200k,Remote,Was already remote,6.6,5.3,0.7,1.2,8.4,6.9,6.9,5.5,5.8,7.0,4.7,None,N/A,0,No access,Yes,0,Yes,None,N/A,0
350,30,Male,Canada,SaaS/Software,Frontend Developer,Large (1 001–5 000),1,<$50k,Hybrid,Yes,3.9,7.4,1.8,7.5,3.3,7.0,7.8,6.4,1.2,5.7,5.1,ADHD,Self-reported,1,Difficult,Don't know,0,Yes,4–7 days,No,1
351,34,Male,USA,Consulting/Agency,Backend Developer,Large (1 001–5 000),0,$100k–$150k,Remote,No,6.0,7.9,2.2,5.8,3.6,7.5,6.8,7.2,2.8,6.6,4.4,Anxiety,Formally diagnosed,1,Moderate,Yes,0,No,None,Yes,1
352,43,Male,France,Government/Public sector,Product Manager,Small (51–200),0,>$200k,In-person,No,7.5,6.3,0.3,8.7,6.7,3.4,10.0,9.3,6.9,10.0,4.3,None,N/A,0,Moderate,Yes,0,No,None,N/A,0
353,38,Female,UK,Big Tech,Mobile Developer,Small (51–200),0,$150k–$200k,In-person,Yes,5.2,6.4,6.7,4.6,7.6,3.3,6.7,5.2,3.9,3.7,7.2,Anxiety & Depression,Not sure / undiagnosed,0,Moderate,Yes,0,No,None,No,1
354,30,Male,India,Gaming,Cloud Architect,Large (1 001–5 000),3,$50k–$75k,Hybrid,Was already remote,7.2,4.0,4.2,5.5,7.5,8.7,8.1,5.5,4.8,5.1,4.8,Anxiety & Depression,Self-reported,0,No access,Yes,0,Yes,None,Yes,1
355,31,Female,USA,Government/Public sector,DevOps/SRE,Large (1 001–5 000),1,$100k–$150k,In-person,Yes,5.1,7.1,13.7,6.7,3.6,7.0,6.3,3.2,2.5,5.0,5.7,None,N/A,0,Easy,No,0,No,None,N/A,0
356,24,Male,Germany,Cybersecurity,Frontend Developer,Large (1 001–5 000),6,$150k–$200k,In-person,No,5.4,5.8,1.8,4.3,9.0,5.2,10.0,6.7,1.6,9.2,3.1,Anxiety,Formally diagnosed,1,Easy,Yes,0,Yes,1–3 days,No,1
357,31,Female,Netherlands,Government/Public sector,Security Engineer,Enterprise (5 000+),5,$100k–$150k,Remote,No,6.7,6.1,6.7,6.3,1.5,7.0,8.9,4.4,3.9,4.9,7.4,None,N/A,0,Easy,Yes,0,Yes,None,N/A,0
358,29,Female,Mexico,Government/Public sector,Security Engineer,Enterprise (5 000+),4,$50k–$75k,Remote,Yes,7.2,5.5,4.7,4.6,9.2,5.2,7.5,8.1,5.4,6.3,4.8,Depression,Formally diagnosed,1,Easy,Yes,1,No,None,Partially,1
359,34,Female,USA,Big Tech,Cloud Architect,Medium (201–1 000),2,<$50k,Hybrid,Yes,3.7,6.8,6.6,7.5,3.2,6.7,10.0,7.0,2.7,4.2,8.9,None,N/A,0,Difficult,Yes,0,No,None,N/A,0
360,25,Female,UK,Cybersecurity,Mobile Developer,Small (51–200),10,>$200k,In-person,Yes,3.6,7.3,4.5,7.7,9.1,4.9,9.2,4.3,4.3,4.4,6.6,None,N/A,0,Moderate,Yes,0,No,None,N/A,0
361,35,Female,Canada,Government/Public sector,QA/Test Engineer,Medium (201–1 000),6,$75k–$100k,Remote,No,3.3,7.6,2.0,8.3,4.6,7.2,10.0,6.4,1.5,4.3,8.7,None,N/A,0,Difficult,Yes,0,Yes,None,N/A,0
362,43,Male,Mexico,E-commerce,Security Engineer,Large (1 001–5 000),1,$75k–$100k,Remote,Yes,9.0,7.1,0.0,4.4,6.2,3.8,8.2,6.5,5.5,8.0,3.9,None,N/A,0,Moderate,No,0,Yes,None,N/A,0
363,31,Female,Ireland,HealthTech,QA/Test Engineer,Medium (201–1 000),3,$150k–$200k,Remote,Yes,5.2,6.5,1.1,8.1,5.7,9.2,7.9,8.6,3.7,4.7,4.4,None,N/A,0,Difficult,Yes,0,No,None,N/A,0
364,35,Male,USA,AI/ML startup,Engineering Manager,Large (1 001–5 000),0,$100k–$150k,In-person,Yes,4.7,6.6,3.0,3.5,2.8,5.5,8.3,7.3,3.2,6.0,6.4,Burnout,Not sure / undiagnosed,1,Difficult,No,0,Yes,None,No,1
365,37,Female,USA,FinTech,ML/AI Engineer,Startup (1–50),2,>$200k,Remote,No,6.5,7.8,7.0,4.0,6.1,5.4,7.7,5.1,1.8,8.0,5.0,Other,Self-reported,1,Easy,Yes,0,Yes,1–3 days,No,1
366,28,Female,Canada,AI/ML startup,Cloud Architect,Enterprise (5 000+),32,$50k–$75k,Remote,Yes,3.0,8.2,2.6,6.9,3.5,6.1,7.5,9.7,4.7,4.4,6.2,Anxiety,Formally diagnosed,0,Easy,Yes,0,No,>2 weeks,No,1
367,33,Male,USA,SaaS/Software,Data Analyst,Large (1 001–5 000),1,$100k–$150k,Remote,No,5.3,8.1,3.1,3.9,4.7,9.0,7.5,4.5,2.9,2.9,5.4,Burnout,Formally diagnosed,1,Moderate,Don't know,0,No,None,No,1
368,32,Male,UK,Government/Public sector,CTO/VP Engineering,Medium (201–1 000),6,$50k–$75k,Hybrid,Yes,6.0,7.6,4.3,8.6,10.0,5.9,7.0,9.6,2.5,5.3,4.6,Anxiety & Depression,Self-reported,1,Moderate,Yes,1,Yes,None,No,1
369,32,Male,USA,Gaming,DevOps/SRE,Medium (201–1 000),1,<$50k,Hybrid,Was already remote,4.3,9.6,7.0,8.0,6.2,8.4,9.9,6.6,1.5,3.6,5.8,None,N/A,0,Moderate,Don't know,0,Yes,None,N/A,0
370,26,Female,India,Consulting/Agency,Product Manager,Startup (1–50),15,$50k–$75k,In-person,Yes,3.9,7.9,4.0,10.0,5.1,6.2,7.0,4.2,1.0,5.8,7.7,Anxiety,Self-reported,1,Moderate,Don't know,0,Yes,None,Partially,1
371,32,Non-binary,Poland,SaaS/Software,Full-Stack Developer,Large (1 001–5 000),2,$100k–$150k,Remote,Yes,5.3,5.6,3.4,5.6,7.5,7.6,9.2,5.2,3.8,6.4,7.4,Anxiety,Self-reported,1,Easy,No,0,Yes,None,No,1
372,35,Female,Argentina,Big Tech,Backend Developer,Large (1 001–5 000),2,$100k–$150k,In-person,No,5.1,7.6,15.3,7.4,7.0,5.9,8.7,7.4,1.0,6.4,6.6,Anxiety,Self-reported,0,Moderate,Yes,1,Yes,None,Partially,1
373,42,Female,UK,Consulting/Agency,ML/AI Engineer,Large (1 001–5 000),4,$100k–$150k,Hybrid,Yes,5.1,7.2,6.9,6.6,3.8,4.5,6.0,8.9,1.0,6.8,5.0,None,N/A,0,No access,No,0,No,None,N/A,0
374,39,Non-binary,India,Consulting/Agency,QA/Test Engineer,Startup (1–50),4,<$50k,In-person,Yes,3.3,6.8,5.1,6.2,3.7,8.0,10.0,5.0,2.2,4.4,9.5,None,N/A,0,Moderate,Yes,0,No,None,N/A,0
375,48,Male,Japan,Big Tech,Data Analyst,Small (51–200),4,$100k–$150k,Remote,Was already remote,3.3,6.7,6.7,9.2,8.5,7.8,9.9,5.6,2.0,2.8,10.0,None,N/A,0,No access,Yes,0,Yes,None,N/A,0
376,26,Male,USA,E-commerce,Software Engineer,Medium (201–1 000),4,$50k–$75k,Hybrid,Yes,8.3,5.9,20.0,5.9,6.4,4.3,6.0,4.7,2.5,7.4,3.5,Depression & Burnout,Formally diagnosed,0,Moderate,Yes,0,Yes,None,No,1
377,38,Female,Australia,AI/ML startup,ML/AI Engineer,Small (51–200),2,$50k–$75k,In-person,Yes,3.6,4.7,2.8,6.5,10.0,6.0,8.7,5.4,1.0,3.9,7.4,None,N/A,0,Easy,Yes,0,Yes,None,N/A,0
378,33,Female,UK,SaaS/Software,Data Analyst,Medium (201–1 000),3,$100k–$150k,Remote,Yes,5.6,3.9,4.1,7.5,2.0,7.1,6.5,5.2,1.6,2.9,7.4,Burnout,Self-reported,1,Difficult,Don't know,0,No,1–2 weeks,Yes,1
379,48,Female,USA,AI/ML startup,Engineering Manager,Small (51–200),4,$75k–$100k,In-person,Was already remote,5.7,6.7,5.7,8.2,8.4,4.8,10.0,5.3,4.9,5.9,7.1,Anxiety & Burnout,Not sure / undiagnosed,0,Moderate,No,0,Yes,None,No,1
380,25,Male,UK,Cybersecurity,Security Engineer,Small (51–200),6,$100k–$150k,Remote,Yes,5.1,6.2,2.0,5.2,6.9,5.6,8.0,6.9,3.6,7.0,6.0,None,N/A,0,No access,Yes,0,No,None,N/A,0
381,25,Male,USA,Gaming,Frontend Developer,Large (1 001–5 000),1,$100k–$150k,Remote,Yes,5.7,6.0,10.7,8.4,3.8,5.1,7.9,5.0,1.0,4.7,4.8,None,N/A,0,Difficult,Yes,0,Yes,None,N/A,0
382,27,Male,Australia,SaaS/Software,Frontend Developer,Enterprise (5 000+),6,$50k–$75k,Hybrid,Yes,5.4,6.3,1.6,7.7,6.8,5.7,8.3,6.6,1.8,3.7,6.2,None,N/A,0,No access,Don't know,0,Yes,None,N/A,0
383,18,Male,USA,Big Tech,Data Scientist,Medium (201–1 000),14,>$200k,In-person,No,5.3,5.1,0.9,6.5,3.2,7.0,8.9,9.4,1.3,6.6,4.3,None,N/A,0,Difficult,Yes,0,No,None,N/A,0
384,28,Male,USA,Government/Public sector,ML/AI Engineer,Large (1 001–5 000),7,$100k–$150k,Hybrid,No,7.9,7.0,3.1,5.7,6.8,4.4,7.5,4.2,1.0,8.5,4.2,None,N/A,0,Easy,Yes,0,Yes,None,N/A,0
385,26,Female,USA,SaaS/Software,CTO/VP Engineering,Startup (1–50),0,<$50k,Hybrid,No,4.3,6.6,0.5,9.1,8.0,5.6,8.7,7.9,1.8,4.3,6.8,None,N/A,0,Difficult,Yes,0,No,None,N/A,0
386,33,Male,Singapore,SaaS/Software,Frontend Developer,Medium (201–1 000),3,$100k–$150k,Hybrid,Was already remote,4.9,6.9,0.5,9.0,5.5,5.8,7.8,4.3,3.5,3.3,5.7,None,N/A,0,Difficult,Don't know,0,Yes,None,N/A,0
387,34,Female,Canada,HealthTech,Security Engineer,Enterprise (5 000+),3,$100k–$150k,Hybrid,No,7.6,7.3,11.6,4.6,5.3,4.9,7.5,6.2,3.9,8.5,3.5,Burnout,Self-reported,0,Easy,Yes,0,No,1–3 days,Partially,1
388,46,Male,Germany,Big Tech,QA/Test Engineer,Startup (1–50),2,$100k–$150k,Hybrid,Was already remote,4.9,6.4,1.2,3.8,4.1,6.6,9.1,7.1,1.0,4.6,6.3,None,N/A,0,Difficult,No,0,No,None,N/A,0
389,39,Female,Germany,Big Tech,Mobile Developer,Small (51–200),3,$150k–$200k,In-person,No,5.2,7.7,0.1,6.5,8.0,5.4,9.1,6.6,4.5,7.1,6.1,None,N/A,0,Moderate,Don't know,0,Yes,None,N/A,0
390,27,Male,UK,AI/ML startup,Frontend Developer,Startup (1–50),3,>$200k,Remote,Yes,4.9,7.2,2.3,4.2,6.3,6.1,9.1,7.5,1.3,4.6,8.9,Anxiety & Burnout,Formally diagnosed,1,Easy,No,0,Yes,4–7 days,Yes,1
391,25,Male,USA,Gaming,Data Analyst,Medium (201–1 000),0,>$200k,Hybrid,Yes,7.9,7.1,6.3,5.1,5.1,5.5,7.2,4.8,3.8,7.6,3.3,None,N/A,0,Easy,Yes,0,No,None,N/A,0
392,35,Male,France,Big Tech,Full-Stack Developer,Large (1 001–5 000),1,$100k–$150k,Remote,No,7.6,7.3,0.7,4.2,8.8,7.2,8.3,6.5,1.7,6.3,6.5,Depression,Not sure / undiagnosed,0,Moderate,Yes,0,No,1–3 days,Yes,1
393,22,Prefer not to say,USA,FinTech,Backend Developer,Startup (1–50),1,$100k–$150k,Remote,Yes,3.9,7.6,2.2,8.3,8.3,8.1,6.8,4.9,5.0,4.0,7.7,None,N/A,0,Moderate,Yes,0,No,None,N/A,0
394,45,Female,USA,Big Tech,QA/Test Engineer,Startup (1–50),2,<$50k,Remote,No,8.5,5.9,0.0,5.0,5.9,5.2,4.4,6.7,4.3,7.6,4.4,Depression & Burnout,Formally diagnosed,0,Difficult,No,0,Yes,>2 weeks,Yes,1
395,40,Male,France,FinTech,Security Engineer,Enterprise (5 000+),1,$150k–$200k,Hybrid,Was already remote,2.1,8.0,2.3,5.7,6.1,8.0,6.8,8.3,1.0,3.8,7.0,None,N/A,0,Moderate,Don't know,0,No,None,N/A,0
396,28,Male,USA,Government/Public sector,Engineering Manager,Medium (201–1 000),0,<$50k,Hybrid,Yes,3.0,6.1,12.3,7.7,8.0,6.9,9.6,8.7,1.8,4.8,7.5,None,N/A,0,No access,No,0,Yes,None,N/A,0
397,19,Non-binary,USA,Gaming,DevOps/SRE,Medium (201–1 000),1,$100k–$150k,In-person,Was already remote,3.1,7.6,7.9,8.6,5.9,5.5,10.0,7.9,1.0,3.8,7.4,None,N/A,0,Moderate,Yes,0,No,None,N/A,0
398,42,Male,Canada,E-commerce,Engineering Manager,Enterprise (5 000+),10,$50k–$75k,Remote,Yes,4.0,7.9,5.0,5.5,3.0,4.6,10.0,7.2,5.1,7.8,5.1,Anxiety & Burnout,Not sure / undiagnosed,0,Moderate,Don't know,0,Yes,None,No,1
399,31,Male,Canada,SaaS/Software,Mobile Developer,Small (51–200),8,$75k–$100k,Remote,Yes,5.2,5.7,5.3,7.9,6.3,7.2,7.7,7.0,1.7,2.4,6.7,None,N/A,0,Difficult,Yes,0,Yes,None,N/A,0
400,41,Female,France,Gaming,Data Analyst,Enterprise (5 000+),3,$50k–$75k,Hybrid,No,4.1,8.4,4.1,8.3,7.3,6.3,8.8,6.8,1.0,5.8,7.1,Anxiety,Formally diagnosed,1,No access,Don't know,0,Yes,None,Partially,1
401,20,Non-binary,India,AI/ML startup,Full-Stack Developer,Enterprise (5 000+),11,$50k–$75k,Remote,No,3.8,7.0,0.8,4.4,8.4,8.3,7.5,8.4,1.1,4.7,8.6,Burnout,Not sure / undiagnosed,1,Moderate,Don't know,0,No,1–3 days,Yes,1
402,27,Male,India,SaaS/Software,Frontend Developer,Small (51–200),1,$50k–$75k,In-person,Was already remote,6.8,6.8,0.0,8.4,9.3,7.6,9.2,2.8,1.0,3.5,8.5,None,N/A,0,No access,Don't know,0,Yes,None,N/A,0
403,32,Male,France,FinTech,Product Manager,Medium (201–1 000),4,$75k–$100k,In-person,No,5.3,5.4,2.6,7.6,9.9,4.4,8.2,6.6,2.4,7.0,4.4,Anxiety,Self-reported,0,Difficult,Don't know,0,Yes,1–2 weeks,No,1
404,32,Non-binary,USA,Consulting/Agency,Data Scientist,Medium (201–1 000),0,$100k–$150k,Hybrid,Was already remote,7.3,3.8,2.5,4.3,5.3,3.6,6.7,6.9,3.0,8.4,2.9,Depression,Self-reported,0,Moderate,Don't know,0,Yes,1–2 weeks,No,1
405,28,Male,UK,Gaming,Full-Stack Developer,Enterprise (5 000+),9,$100k–$150k,Hybrid,No,7.6,7.6,11.8,6.9,6.0,3.8,6.3,4.6,3.5,8.5,2.9,Anxiety,Self-reported,1,Moderate,Yes,1,No,1–3 days,No,1
406,36,Male,Canada,AI/ML startup,Engineering Manager,Small (51–200),0,$100k–$150k,Remote,No,6.2,6.4,1.8,4.2,2.5,7.0,8.1,2.1,3.8,4.2,6.6,None,N/A,0,Difficult,Yes,0,Yes,None,N/A,0
407,23,Female,USA,FinTech,Frontend Developer,Large (1 001–5 000),0,$100k–$150k,Hybrid,Yes,7.1,7.4,8.1,5.3,4.5,5.1,5.2,5.1,1.9,8.1,5.4,Anxiety,Self-reported,0,Moderate,Yes,0,Yes,None,Yes,1
408,30,Female,Italy,AI/ML startup,Full-Stack Developer,Enterprise (5 000+),1,$150k–$200k,Remote,Yes,5.5,6.5,16.1,5.8,2.5,6.8,6.9,8.9,1.8,5.1,4.9,Depression & Burnout,Self-reported,1,Easy,Don't know,0,Yes,None,Yes,1
409,32,Male,Brazil,AI/ML startup,Cloud Architect,Large (1 001–5 000),12,$100k–$150k,In-person,No,3.6,6.1,6.9,8.2,8.9,5.8,10.0,10.0,4.8,4.3,8.5,None,N/A,0,Moderate,Yes,0,No,None,N/A,0
410,35,Prefer not to say,USA,AI/ML startup,Full-Stack Developer,Enterprise (5 000+),0,<$50k,In-person,No,3.3,9.1,2.2,6.9,5.9,7.4,5.9,2.2,1.0,4.0,7.7,Anxiety,Self-reported,0,Moderate,Yes,0,No,1–3 days,Yes,1
411,37,Female,USA,Gaming,Data Analyst,Large (1 001–5 000),2,$50k–$75k,Remote,Was already remote,2.4,7.3,5.6,7.1,6.2,7.7,7.2,7.7,3.9,5.7,5.1,None,N/A,0,Moderate,No,0,Yes,None,N/A,0
412,23,Male,USA,Consulting/Agency,Product Manager,Enterprise (5 000+),2,$75k–$100k,Remote,Yes,7.3,6.4,2.1,5.3,7.5,4.5,8.7,6.1,4.6,7.9,3.1,Depression,Formally diagnosed,0,Easy,Yes,0,No,4–7 days,No,1
413,20,Prefer not to say,USA,FinTech,Frontend Developer,Small (51–200),8,>$200k,Remote,Yes,6.1,6.4,0.5,6.0,5.9,5.3,9.5,5.8,7.6,6.1,6.7,None,N/A,0,Easy,No,0,No,None,N/A,0
414,41,Male,USA,E-commerce,Product Manager,Large (1 001–5 000),3,$50k–$75k,In-person,Yes,1.0,6.1,1.6,3.6,6.2,8.1,10.0,4.3,3.1,6.9,6.0,Anxiety & Depression,Formally diagnosed,1,Moderate,Yes,1,Yes,None,Partially,1
415,34,Male,Germany,FinTech,CTO/VP Engineering,Large (1 001–5 000),5,$150k–$200k,Remote,No,7.0,7.0,0.0,7.3,5.2,5.4,7.3,6.6,3.1,7.8,3.2,None,N/A,0,Difficult,No,0,No,None,N/A,0
416,26,Female,Japan,Big Tech,ML/AI Engineer,Medium (201–1 000),2,<$50k,Remote,Was already remote,6.0,7.0,1.1,6.9,6.5,7.3,8.1,2.2,3.5,6.1,5.8,None,N/A,0,Moderate,Don't know,0,No,None,N/A,0
417,43,Male,France,SaaS/Software,Data Analyst,Startup (1–50),4,$75k–$100k,Remote,Yes,4.2,8.0,4.3,8.1,8.5,7.2,9.8,8.1,2.7,4.4,6.8,Burnout,Self-reported,0,Easy,Don't know,0,No,None,Yes,1
418,32,Male,USA,Consulting/Agency,Backend Developer,Large (1 001–5 000),0,$150k–$200k,In-person,Yes,4.2,6.1,8.8,7.8,9.7,7.1,7.9,10.0,3.3,3.2,9.5,Depression,Self-reported,1,Easy,Yes,1,No,1–2 weeks,Yes,1
419,40,Male,UK,Gaming,Backend Developer,Startup (1–50),2,$75k–$100k,Hybrid,No,5.4,5.0,1.3,2.5,4.5,8.0,7.7,5.5,2.7,8.3,6.2,Anxiety,Self-reported,0,Easy,Yes,0,No,1–3 days,No,1
420,32,Male,Canada,HealthTech,Full-Stack Developer,Medium (201–1 000),10,$100k–$150k,In-person,Yes,8.0,6.8,1.8,5.1,8.0,3.6,5.0,3.7,1.8,10.0,6.0,Anxiety,Self-reported,0,No access,Yes,0,No,None,No,1
421,47,Female,Sweden,E-commerce,Cloud Architect,Medium (201–1 000),6,>$200k,Hybrid,Yes,5.9,8.0,2.0,10.0,3.2,7.5,6.3,3.9,1.0,6.1,2.4,Other,Formally diagnosed,0,Difficult,No,0,No,1–3 days,Partially,1
422,45,Female,Brazil,SaaS/Software,Engineering Manager,Enterprise (5 000+),22,<$50k,In-person,No,4.6,5.1,0.5,6.6,3.2,4.4,8.9,5.7,1.0,5.5,5.8,None,N/A,0,Easy,Yes,0,No,None,N/A,0
423,30,Prefer not to say,Spain,HealthTech,Security Engineer,Small (51–200),8,$100k–$150k,Hybrid,Yes,9.9,4.2,3.6,9.2,5.0,5.8,5.8,4.1,5.5,7.2,4.6,None,N/A,0,Moderate,Yes,0,Yes,None,N/A,0
424,39,Male,Canada,Big Tech,QA/Test Engineer,Large (1 001–5 000),3,$75k–$100k,Remote,Yes,7.6,5.6,1.8,6.4,4.8,5.3,6.1,6.4,3.0,6.0,4.3,None,N/A,0,Moderate,No,0,Yes,None,N/A,0
425,36,Male,Australia,FinTech,Data Scientist,Startup (1–50),6,>$200k,In-person,Was already remote,7.6,4.6,8.0,5.8,5.1,1.7,8.9,7.3,5.7,9.1,4.3,ADHD,Not sure / undiagnosed,1,Easy,Yes,1,Yes,None,No,1
426,42,Male,USA,FinTech,ML/AI Engineer,Medium (201–1 000),8,$150k–$200k,Hybrid,Yes,7.7,5.8,5.5,4.3,5.2,8.2,5.8,5.8,2.0,6.5,4.5,Anxiety,Formally diagnosed,0,Easy,Yes,0,Yes,1–3 days,Yes,1
427,24,Male,Germany,Consulting/Agency,Mobile Developer,Medium (201–1 000),1,$50k–$75k,In-person,Yes,8.1,6.5,0.3,6.8,7.0,4.4,6.2,6.2,4.4,5.8,7.5,Depression,Self-reported,1,Moderate,Yes,1,Yes,None,No,1
428,37,Male,USA,Gaming,Cloud Architect,Large (1 001–5 000),0,>$200k,In-person,Yes,6.8,7.2,0.8,5.5,8.6,6.1,7.5,7.7,2.0,6.5,4.5,None,N/A,0,No access,Yes,0,Yes,None,N/A,0
429,39,Female,Canada,Gaming,Security Engineer,Large (1 001–5 000),2,$75k–$100k,Hybrid,Yes,6.0,7.2,2.4,7.8,9.6,5.5,7.5,5.8,4.4,4.2,7.2,Burnout,Self-reported,1,Moderate,Yes,1,No,1–3 days,Partially,1
430,18,Non-binary,India,SaaS/Software,Data Analyst,Large (1 001–5 000),0,$50k–$75k,Hybrid,No,6.2,6.4,0.1,8.6,7.3,7.0,7.3,8.9,1.9,7.0,3.5,Anxiety & Burnout,Self-reported,1,Moderate,Don't know,0,No,None,Yes,1
431,23,Prefer not to say,USA,Cybersecurity,Cloud Architect,Large (1 001–5 000),1,$100k–$150k,Hybrid,No,3.5,8.5,1.4,4.7,8.4,5.6,7.1,7.8,3.8,6.7,4.5,None,N/A,0,Easy,Yes,1,No,None,N/A,0
432,18,Male,USA,Big Tech,CTO/VP Engineering,Medium (201–1 000),16,$150k–$200k,In-person,Yes,2.0,5.4,6.9,4.9,4.2,5.9,10.0,6.9,1.0,7.0,4.3,None,N/A,0,Moderate,Yes,0,No,None,N/A,0
433,29,Female,USA,Cybersecurity,QA/Test Engineer,Large (1 001–5 000),10,$150k–$200k,Hybrid,No,7.3,5.1,0.0,6.4,7.5,6.3,7.1,6.5,2.1,7.0,5.4,Anxiety & Depression,Self-reported,1,Difficult,Don't know,0,Yes,None,No,1
434,37,Male,USA,AI/ML startup,Software Engineer,Medium (201–1 000),4,$100k–$150k,In-person,Yes,9.3,5.9,1.6,5.5,4.7,4.1,6.9,7.0,7.1,7.3,5.3,None,N/A,1,Moderate,Yes,1,Yes,None,N/A,0
435,43,Male,USA,E-commerce,Engineering Manager,Startup (1–50),2,$100k–$150k,Hybrid,No,5.3,5.9,1.7,6.2,8.2,4.8,8.2,8.4,5.2,3.1,9.4,Anxiety,Formally diagnosed,1,No access,Yes,0,Yes,None,No,1
436,32,Female,USA,FinTech,Data Scientist,Enterprise (5 000+),1,>$200k,Hybrid,No,8.5,5.9,0.0,6.6,6.7,5.7,9.5,6.3,1.6,8.0,4.3,Anxiety,Formally diagnosed,1,Difficult,Don't know,0,Yes,1–2 weeks,Yes,1
437,44,Female,USA,SaaS/Software,Backend Developer,Enterprise (5 000+),4,$150k–$200k,Remote,Yes,8.8,6.5,11.2,9.4,6.5,6.1,8.2,7.9,1.7,6.8,4.6,None,N/A,0,Moderate,Yes,0,No,None,N/A,0
438,21,Male,USA,Cybersecurity,Cloud Architect,Small (51–200),4,$100k–$150k,In-person,Yes,5.1,6.2,6.1,7.7,4.5,5.4,6.5,7.7,1.0,9.6,3.4,Depression,Self-reported,1,Moderate,Yes,0,Yes,4–7 days,Yes,1
439,19,Male,Italy,Consulting/Agency,Backend Developer,Enterprise (5 000+),8,$50k–$75k,Hybrid,Was already remote,8.2,5.5,0.2,9.1,4.7,4.3,10.0,3.8,1.0,8.3,5.0,Anxiety,Self-reported,1,Difficult,Don't know,0,Yes,1–3 days,No,1
440,31,Male,USA,Government/Public sector,QA/Test Engineer,Large (1 001–5 000),14,$150k–$200k,Hybrid,No,7.1,6.0,4.8,4.6,2.9,5.4,6.6,8.9,1.0,6.6,5.1,Burnout,Not sure / undiagnosed,0,Easy,Don't know,0,Yes,1–2 weeks,No,1
441,34,Female,USA,Gaming,ML/AI Engineer,Medium (201–1 000),2,$150k–$200k,Hybrid,Was already remote,5.4,7.7,0.0,7.6,4.7,7.2,7.2,6.2,5.1,5.6,7.5,Anxiety,Self-reported,1,No access,No,0,No,1–3 days,Partially,1
442,31,Male,Germany,FinTech,Engineering Manager,Small (51–200),1,>$200k,Hybrid,Yes,7.0,7.1,0.6,9.3,4.4,5.1,6.5,4.4,4.3,7.3,4.9,Anxiety,Formally diagnosed,0,Moderate,No,0,Yes,1–3 days,No,1
443,18,Prefer not to say,Japan,SaaS/Software,Data Scientist,Enterprise (5 000+),2,$50k–$75k,In-person,No,6.5,7.4,0.0,6.3,4.3,2.8,6.8,8.3,1.0,9.5,3.3,None,N/A,1,Difficult,Don't know,0,Yes,None,N/A,0
444,31,Male,Australia,HealthTech,Mobile Developer,Large (1 001–5 000),3,$150k–$200k,Remote,Yes,2.5,7.5,2.6,6.5,5.1,7.4,8.4,6.4,1.0,4.2,6.8,None,N/A,0,No access,Yes,0,Yes,None,N/A,0
445,22,Male,USA,E-commerce,QA/Test Engineer,Medium (201–1 000),0,>$200k,Hybrid,No,10.0,5.9,2.2,5.7,10.0,4.5,6.6,4.7,6.6,8.0,6.7,Anxiety,Formally diagnosed,1,Difficult,Don't know,0,Yes,1–3 days,No,1
446,37,Male,Germany,AI/ML startup,Software Engineer,Large (1 001–5 000),10,$100k–$150k,Remote,No,4.1,8.3,0.9,7.0,9.1,7.4,9.6,7.9,3.4,2.1,8.8,None,N/A,0,Easy,Yes,0,No,None,N/A,0
447,34,Male,France,Consulting/Agency,Engineering Manager,Medium (201–1 000),29,$150k–$200k,Hybrid,Was already remote,6.4,5.6,0.6,3.4,8.8,6.0,7.3,6.3,4.5,6.8,4.6,None,N/A,0,Moderate,Yes,0,Yes,None,N/A,0
448,24,Male,France,Big Tech,Data Analyst,Medium (201–1 000),14,>$200k,Hybrid,Yes,9.3,7.2,0.5,7.5,4.9,5.7,5.3,6.4,5.3,7.1,3.7,ADHD,Self-reported,1,Easy,Yes,0,Yes,4–7 days,Partially,1
449,28,Female,Australia,Consulting/Agency,QA/Test Engineer,Large (1 001–5 000),10,$100k–$150k,Hybrid,Yes,5.5,6.9,3.3,6.4,6.0,5.9,8.2,7.3,3.0,4.6,7.8,Depression,Formally diagnosed,1,Moderate,Don't know,0,No,4–7 days,No,1
450,24,Female,Singapore,AI/ML startup,Full-Stack Developer,Medium (201–1 000),26,$100k–$150k,Remote,No,4.7,6.9,1.4,3.3,5.1,6.7,8.2,3.3,2.5,4.2,3.9,Anxiety & Burnout,Self-reported,0,No access,Don't know,0,Yes,4–7 days,Yes,1
451,31,Non-binary,Singapore,Government/Public sector,Frontend Developer,Large (1 001–5 000),13,<$50k,Remote,No,6.2,6.0,2.9,7.8,3.5,6.8,5.1,7.2,1.0,3.1,7.8,None,N/A,0,Moderate,Yes,0,No,None,N/A,0
452,39,Female,Germany,Big Tech,Full-Stack Developer,Enterprise (5 000+),6,$100k–$150k,In-person,No,5.4,8.0,1.4,8.8,5.9,3.1,9.1,8.0,1.5,4.2,9.4,Anxiety & Depression,Self-reported,0,Easy,Don't know,1,Yes,1–3 days,No,1
453,24,Female,Canada,Big Tech,Data Scientist,Enterprise (5 000+),1,$75k–$100k,Remote,Was already remote,8.2,7.0,0.1,6.1,6.4,5.2,6.4,6.8,3.3,5.5,7.7,None,N/A,0,No access,No,0,Yes,None,N/A,0
454,35,Female,India,SaaS/Software,Cloud Architect,Large (1 001–5 000),0,$50k–$75k,Hybrid,Was already remote,4.5,5.4,6.9,6.5,8.1,5.8,10.0,6.7,2.5,4.1,8.5,None,N/A,1,Easy,Don't know,0,No,None,N/A,0
455,28,Female,Brazil,Consulting/Agency,Engineering Manager,Enterprise (5 000+),0,$100k–$150k,In-person,Yes,5.0,7.2,1.7,3.8,6.1,5.3,6.5,9.2,3.3,5.8,4.4,None,N/A,0,Moderate,No,0,Yes,None,N/A,0
456,26,Male,USA,FinTech,Product Manager,Enterprise (5 000+),2,<$50k,Hybrid,No,5.8,5.8,8.5,4.0,1.1,4.3,8.0,3.8,6.1,8.0,5.0,None,N/A,0,Easy,Don't know,0,No,None,N/A,0
457,31,Male,Argentina,AI/ML startup,Full-Stack Developer,Small (51–200),9,>$200k,Remote,No,3.7,6.8,1.6,6.8,4.2,7.4,10.0,7.6,4.7,4.4,7.5,None,N/A,0,Difficult,Yes,0,Yes,None,N/A,0
458,24,Male,USA,Government/Public sector,Frontend Developer,Enterprise (5 000+),3,$100k–$150k,Hybrid,Yes,5.0,5.1,2.7,3.2,4.8,5.8,9.6,7.1,1.8,4.1,9.0,Anxiety & Depression,Self-reported,0,Moderate,Yes,0,No,1–3 days,Partially,1
459,27,Male,Canada,Government/Public sector,Full-Stack Developer,Startup (1–50),2,$100k–$150k,Hybrid,Yes,5.0,7.0,0.2,5.1,2.6,4.2,7.8,4.0,1.5,5.5,7.5,Burnout,Self-reported,1,Moderate,No,0,Yes,None,Partially,1
460,23,Male,Singapore,Gaming,Engineering Manager,Small (51–200),0,$75k–$100k,Hybrid,Yes,3.7,7.3,4.3,3.9,4.8,5.8,6.7,6.5,2.2,4.5,6.4,None,N/A,0,Moderate,No,0,No,None,N/A,0
461,46,Prefer not to say,USA,E-commerce,Cloud Architect,Large (1 001–5 000),0,$50k–$75k,Remote,Was already remote,4.9,7.1,5.6,5.6,7.7,6.9,8.5,8.0,6.4,7.1,3.9,None,N/A,0,Easy,Don't know,0,Yes,None,N/A,0
462,32,Male,Canada,SaaS/Software,QA/Test Engineer,Medium (201–1 000),2,$75k–$100k,Remote,No,7.3,5.8,11.8,8.0,4.8,7.6,5.9,7.6,2.3,5.6,4.4,Anxiety & Depression,Formally diagnosed,0,Moderate,Yes,0,Yes,None,Partially,1
463,26,Male,USA,SaaS/Software,CTO/VP Engineering,Medium (201–1 000),0,$75k–$100k,Hybrid,No,2.4,7.1,7.1,6.1,7.4,9.2,8.4,6.2,1.0,4.1,5.0,ADHD,Formally diagnosed,1,Difficult,Don't know,0,Yes,4–7 days,Partially,1
464,33,Male,UK,HealthTech,Frontend Developer,Large (1 001–5 000),0,$150k–$200k,Remote,Was already remote,7.8,4.1,0.5,8.1,6.1,5.7,5.5,5.4,4.2,8.5,6.5,Burnout,Not sure / undiagnosed,1,Moderate,Yes,1,Yes,4–7 days,No,1
465,31,Male,USA,SaaS/Software,Data Analyst,Small (51–200),2,$150k–$200k,In-person,Yes,5.1,7.8,2.8,6.1,7.7,7.2,10.0,6.7,2.1,5.2,6.9,Anxiety,Self-reported,0,Moderate,Don't know,0,No,None,No,1
466,30,Male,UK,Big Tech,Product Manager,Enterprise (5 000+),3,$150k–$200k,Hybrid,No,6.6,4.5,2.7,8.0,3.0,7.1,6.7,6.2,3.0,6.8,4.6,Anxiety,Self-reported,0,Easy,Don't know,0,No,1–3 days,Yes,1
467,36,Male,UK,HealthTech,QA/Test Engineer,Medium (201–1 000),1,$150k–$200k,In-person,No,7.8,6.6,0.0,5.4,6.8,5.5,7.1,7.2,2.9,6.8,5.0,Anxiety,Self-reported,0,No access,Yes,0,Yes,1–3 days,Partially,1
468,37,Male,Argentina,Government/Public sector,Software Engineer,Enterprise (5 000+),6,$100k–$150k,Remote,No,4.3,6.7,0.5,9.0,4.5,5.8,6.9,5.3,1.6,4.2,8.4,Anxiety & Burnout,Self-reported,0,No access,No,0,Yes,None,Yes,1
469,28,Male,Argentina,FinTech,Software Engineer,Medium (201–1 000),2,$100k–$150k,Remote,Yes,6.8,7.0,0.9,5.4,8.5,7.1,8.9,6.2,4.5,5.9,5.1,None,N/A,0,Difficult,Yes,0,Yes,None,N/A,0
470,27,Female,USA,Cybersecurity,Data Scientist,Large (1 001–5 000),0,$75k–$100k,In-person,Was already remote,3.6,7.3,5.2,6.7,3.3,5.1,9.0,8.2,1.9,5.2,6.2,None,N/A,0,Difficult,No,0,Yes,None,N/A,0
471,29,Female,France,E-commerce,Cloud Architect,Medium (201–1 000),5,$100k–$150k,Hybrid,Yes,3.5,6.1,1.6,3.3,8.1,7.9,10.0,8.7,2.8,3.8,6.6,Anxiety & Burnout,Self-reported,1,No access,No,0,Yes,None,No,1
472,18,Male,USA,E-commerce,Engineering Manager,Large (1 001–5 000),2,$50k–$75k,Remote,Yes,5.6,7.3,7.1,8.1,5.9,6.3,6.8,4.8,2.2,5.6,6.8,Burnout,Not sure / undiagnosed,1,Difficult,Don't know,0,No,>2 weeks,Partially,1
473,20,Male,USA,FinTech,DevOps/SRE,Small (51–200),0,$100k–$150k,Hybrid,No,5.7,6.6,3.4,3.5,6.6,5.8,7.9,4.3,1.8,7.4,5.6,Anxiety,Formally diagnosed,0,Difficult,No,0,Yes,None,No,1
474,42,Male,USA,FinTech,Cloud Architect,Medium (201–1 000),16,$50k–$75k,In-person,No,7.7,5.9,1.4,8.1,6.2,5.6,6.0,2.7,3.1,6.0,5.3,None,N/A,1,Easy,Don't know,0,No,None,N/A,0
475,44,Female,South Africa,Cybersecurity,Full-Stack Developer,Startup (1–50),4,$100k–$150k,Hybrid,Was already remote,3.3,7.4,3.2,5.3,2.4,9.0,8.1,5.8,1.6,1.4,9.0,Anxiety,Not sure / undiagnosed,1,Difficult,Yes,1,No,1–2 weeks,Yes,1
476,30,Male,Mexico,Gaming,Frontend Developer,Medium (201–1 000),3,$75k–$100k,Remote,Was already remote,7.1,7.6,0.8,4.1,7.2,6.8,8.4,9.6,5.9,7.8,4.9,Burnout,Self-reported,1,Difficult,Yes,0,No,1–3 days,No,1
477,36,Male,USA,Consulting/Agency,QA/Test Engineer,Enterprise (5 000+),10,<$50k,Hybrid,No,5.2,6.4,12.7,6.6,5.5,8.7,8.2,7.5,6.1,4.7,6.1,None,N/A,0,No access,No,0,No,None,N/A,0
478,34,Female,USA,E-commerce,CTO/VP Engineering,Startup (1–50),15,$100k–$150k,Hybrid,Yes,5.7,7.0,0.5,4.6,8.6,4.8,6.6,8.1,2.4,6.4,5.8,None,N/A,0,Moderate,No,0,No,None,N/A,0
479,55,Male,USA,Gaming,Software Engineer,Large (1 001–5 000),1,$50k–$75k,Hybrid,Was already remote,2.1,7.7,7.7,7.7,7.1,6.4,7.0,6.6,1.0,6.1,3.8,None,N/A,0,Difficult,Yes,0,No,None,N/A,0
480,40,Male,Germany,SaaS/Software,Product Manager,Large (1 001–5 000),9,$50k–$75k,In-person,Yes,5.6,6.2,3.8,5.6,7.7,5.1,7.9,7.7,4.6,5.6,7.4,None,N/A,0,Moderate,Yes,0,Yes,None,N/A,0
481,31,Male,Germany,FinTech,Cloud Architect,Small (51–200),9,$75k–$100k,Remote,Yes,7.3,5.6,3.7,6.2,5.6,5.3,6.7,5.6,2.3,6.3,5.4,Other,Self-reported,0,Difficult,Yes,0,No,4–7 days,Yes,1
482,24,Non-binary,USA,HealthTech,Security Engineer,Small (51–200),0,$75k–$100k,Remote,Yes,5.4,5.6,6.2,5.9,7.0,7.8,9.7,6.8,3.5,4.7,5.8,None,N/A,0,Difficult,No,0,No,None,N/A,0
483,19,Female,Netherlands,Gaming,Mobile Developer,Small (51–200),6,$150k–$200k,Hybrid,No,5.3,7.3,0.4,3.5,7.4,5.3,9.9,7.6,3.2,8.1,4.9,Anxiety,Not sure / undiagnosed,0,Moderate,Don't know,0,No,1–2 weeks,Yes,1
484,33,Female,USA,Gaming,DevOps/SRE,Small (51–200),0,$100k–$150k,Remote,Yes,9.3,5.2,3.0,7.0,8.0,4.6,7.0,8.9,3.0,7.1,6.2,Depression,Self-reported,0,Easy,Don't know,0,Yes,None,No,1
485,26,Male,Spain,E-commerce,Product Manager,Startup (1–50),4,$150k–$200k,Hybrid,Yes,5.9,5.2,5.0,5.5,7.6,4.0,8.6,7.4,4.9,4.6,4.5,Anxiety & Depression,Not sure / undiagnosed,1,Moderate,No,1,Yes,None,Yes,1
486,21,Male,Australia,Government/Public sector,Cloud Architect,Medium (201–1 000),6,$50k–$75k,Hybrid,No,2.8,7.2,15.2,5.0,8.3,6.9,8.3,6.5,1.2,4.2,6.3,None,N/A,0,Difficult,Yes,0,Yes,None,N/A,0
487,27,Prefer not to say,Canada,HealthTech,Full-Stack Developer,Medium (201–1 000),2,$75k–$100k,Remote,Yes,3.1,8.3,5.3,6.0,4.4,9.0,9.5,4.7,1.1,4.8,7.2,None,N/A,0,No access,Don't know,0,Yes,None,N/A,0
488,23,Prefer not to say,Sweden,Consulting/Agency,Security Engineer,Large (1 001–5 000),11,$100k–$150k,Remote,Yes,8.6,7.3,9.6,9.9,5.8,6.4,7.7,6.0,1.0,5.0,6.4,Anxiety,Not sure / undiagnosed,0,Moderate,Yes,0,Yes,None,No,1
489,44,Male,Brazil,SaaS/Software,ML/AI Engineer,Large (1 001–5 000),8,$50k–$75k,Hybrid,Yes,5.1,3.6,6.6,4.3,5.1,9.0,7.8,7.3,3.5,5.0,6.5,ADHD,Formally diagnosed,0,No access,Yes,0,No,None,No,1
490,38,Female,USA,Cybersecurity,DevOps/SRE,Large (1 001–5 000),14,$50k–$75k,In-person,Was already remote,7.4,6.4,6.6,2.9,6.7,6.4,8.4,6.0,3.2,8.4,5.2,Depression & Burnout,Self-reported,1,Moderate,No,0,No,>2 weeks,No,1
491,31,Male,UK,AI/ML startup,Backend Developer,Medium (201–1 000),2,$100k–$150k,In-person,Was already remote,5.3,7.3,8.6,7.8,5.5,7.1,7.7,4.6,1.0,5.3,5.7,None,N/A,0,No access,Don't know,0,No,None,N/A,0
492,43,Male,Mexico,Government/Public sector,ML/AI Engineer,Small (51–200),0,$100k–$150k,Hybrid,Yes,6.7,7.0,2.2,5.4,4.5,8.4,7.4,7.6,1.0,3.7,8.1,None,N/A,0,Moderate,Yes,0,No,None,N/A,0
493,32,Female,USA,E-commerce,Mobile Developer,Medium (201–1 000),9,$75k–$100k,Remote,No,5.1,6.7,4.3,5.2,4.9,7.6,9.2,6.4,3.3,7.3,5.0,None,N/A,0,Easy,No,0,Yes,None,N/A,0
494,25,Male,USA,Government/Public sector,ML/AI Engineer,Small (51–200),1,$75k–$100k,Hybrid,Was already remote,5.7,8.4,0.3,5.1,5.7,4.3,5.8,5.2,3.6,4.4,5.4,None,N/A,0,Difficult,No,0,No,None,N/A,0
495,43,Non-binary,Canada,HealthTech,Mobile Developer,Medium (201–1 000),3,$150k–$200k,Hybrid,Yes,6.8,7.8,1.0,8.3,5.4,6.5,6.7,2.6,1.0,5.6,7.2,Anxiety,Self-reported,0,Moderate,Yes,0,Yes,4–7 days,No,1
496,36,Male,Sweden,Big Tech,Full-Stack Developer,Enterprise (5 000+),9,$50k–$75k,Remote,Was already remote,3.7,7.0,7.8,6.4,4.0,7.9,10.0,6.6,2.3,5.9,6.3,Depression,Self-reported,1,Moderate,Yes,1,No,1–3 days,No,1
497,24,Male,Netherlands,Consulting/Agency,Product Manager,Small (51–200),1,>$200k,Remote,Was already remote,6.5,6.0,12.9,4.8,5.9,6.1,5.2,5.8,1.0,5.9,6.4,Burnout,Self-reported,1,Easy,No,0,Yes,4–7 days,No,1
498,30,Non-binary,Spain,SaaS/Software,Data Analyst,Medium (201–1 000),2,>$200k,Hybrid,Yes,6.3,6.9,0.0,6.5,6.1,4.7,9.1,10.0,5.6,7.2,5.0,Anxiety,Self-reported,1,Difficult,Don't know,0,No,None,No,1
499,25,Non-binary,Germany,Government/Public sector,Software Engineer,Large (1 001–5 000),3,$150k–$200k,Hybrid,Yes,3.2,7.7,3.6,7.1,4.6,7.7,8.0,9.0,1.3,7.4,4.4,Anxiety,Self-reported,0,Easy,Yes,0,Yes,None,Yes,1
500,21,Male,USA,Consulting/Agency,Frontend Developer,Large (1 001–5 000),1,$75k–$100k,Remote,Was already remote,10.0,5.8,3.2,5.8,4.9,4.9,4.5,4.5,5.0,6.9,3.7,None,N/A,0,Moderate,Yes,0,Yes,None,N/A,0
501,38,Male,India,AI/ML startup,Frontend Developer,Small (51–200),3,<$50k,Remote,Yes,5.3,6.9,2.5,6.9,8.7,6.2,7.4,8.7,2.9,5.6,6.4,Depression,Not sure / undiagnosed,0,Easy,No,0,Yes,None,Partially,1
502,46,Female,Netherlands,SaaS/Software,CTO/VP Engineering,Small (51–200),0,>$200k,Remote,Yes,4.1,8.7,1.2,7.0,2.6,10.0,6.3,6.7,4.1,5.8,6.3,None,N/A,0,No access,Yes,0,No,None,N/A,0
503,21,Male,USA,AI/ML startup,QA/Test Engineer,Enterprise (5 000+),1,$75k–$100k,Hybrid,No,8.6,7.7,0.0,2.1,6.1,6.9,5.4,8.4,4.5,7.7,3.0,Anxiety & Depression,Self-reported,1,Easy,Don't know,0,Yes,4–7 days,Yes,1
504,36,Prefer not to say,USA,Gaming,QA/Test Engineer,Startup (1–50),9,$75k–$100k,In-person,Yes,3.7,7.9,10.9,9.4,9.3,4.0,10.0,10.0,1.0,6.0,7.4,Anxiety,Formally diagnosed,0,Moderate,Yes,0,No,1–2 weeks,No,1
505,27,Non-binary,USA,Government/Public sector,ML/AI Engineer,Large (1 001–5 000),2,$75k–$100k,In-person,Was already remote,4.9,7.8,1.0,7.1,5.3,9.3,10.0,5.6,2.9,5.8,7.7,None,N/A,0,Easy,Yes,0,No,None,N/A,0
506,28,Male,India,AI/ML startup,ML/AI Engineer,Enterprise (5 000+),5,$75k–$100k,Hybrid,Yes,6.3,7.5,0.9,3.2,7.6,6.2,6.1,5.7,5.6,4.2,5.5,Anxiety & Burnout,Formally diagnosed,1,Difficult,No,0,No,None,Partially,1
507,27,Male,Ireland,Consulting/Agency,Data Analyst,Enterprise (5 000+),1,$150k–$200k,In-person,Yes,4.9,6.6,3.6,8.1,2.7,6.7,7.9,4.8,3.9,6.4,5.1,None,N/A,0,Easy,Don't know,0,No,None,N/A,0
508,25,Male,Australia,Big Tech,Cloud Architect,Startup (1–50),5,>$200k,In-person,Was already remote,6.9,6.9,1.4,9.5,2.3,6.4,7.9,8.1,1.2,4.3,5.7,Burnout,Formally diagnosed,1,Easy,No,0,Yes,None,Partially,1
509,32,Non-binary,Italy,Cybersecurity,Full-Stack Developer,Medium (201–1 000),35,$150k–$200k,Hybrid,Was already remote,7.0,6.7,1.4,6.9,5.9,7.4,8.4,8.0,2.1,4.3,6.4,None,N/A,0,Difficult,Yes,0,Yes,None,N/A,0
510,25,Male,USA,FinTech,Software Engineer,Small (51–200),4,$100k–$150k,Remote,Was already remote,4.6,8.2,0.4,6.1,4.1,8.2,10.0,9.7,2.7,5.0,8.8,Anxiety & Depression,Self-reported,1,Easy,Yes,1,Yes,1–3 days,No,1
511,34,Male,Ireland,Big Tech,Frontend Developer,Medium (201–1 000),5,$75k–$100k,Hybrid,No,8.6,6.3,15.8,8.1,7.1,4.1,6.0,7.6,4.6,6.2,5.7,Depression,Self-reported,1,Difficult,Yes,1,No,4–7 days,Yes,1
512,31,Male,Brazil,E-commerce,Mobile Developer,Large (1 001–5 000),0,$100k–$150k,Remote,Was already remote,5.4,7.6,1.0,5.9,6.6,7.6,8.0,3.9,1.0,5.5,7.6,None,N/A,1,Easy,Don't know,0,No,None,N/A,0
513,30,Female,UK,Big Tech,Security Engineer,Enterprise (5 000+),2,$75k–$100k,In-person,No,6.4,6.4,0.0,5.5,9.5,6.7,5.7,9.2,3.4,6.2,5.5,Depression,Formally diagnosed,1,Difficult,Yes,1,No,None,Partially,1
514,25,Male,New Zealand,AI/ML startup,Cloud Architect,Medium (201–1 000),10,$50k–$75k,Remote,Was already remote,5.3,7.5,3.9,6.2,7.3,8.5,7.3,7.1,3.4,3.7,7.5,None,N/A,0,Moderate,Yes,0,Yes,None,N/A,0
515,27,Male,USA,E-commerce,Data Analyst,Medium (201–1 000),9,$50k–$75k,Hybrid,Yes,5.2,7.1,4.8,7.0,5.6,4.7,7.5,6.0,1.6,4.4,7.8,Anxiety,Self-reported,0,Easy,Yes,0,Yes,1–3 days,Yes,1
516,37,Non-binary,Ireland,Big Tech,Frontend Developer,Medium (201–1 000),4,$100k–$150k,In-person,Was already remote,5.9,5.8,0.0,6.7,6.9,6.5,6.8,4.9,3.1,5.1,6.9,None,N/A,1,Moderate,Don't know,0,Yes,None,N/A,0
517,35,Non-binary,Singapore,FinTech,Backend Developer,Startup (1–50),12,<$50k,Remote,No,9.3,6.6,0.0,6.9,5.7,6.7,7.0,8.2,6.2,7.4,6.0,ADHD,Formally diagnosed,0,Moderate,Yes,0,No,None,Yes,1
518,24,Female,Netherlands,Consulting/Agency,QA/Test Engineer,Small (51–200),0,>$200k,Remote,Yes,6.8,7.6,0.3,3.3,3.3,5.2,10.0,4.0,4.5,9.7,5.0,Depression & Burnout,Formally diagnosed,0,Moderate,Yes,0,Yes,1–3 days,No,1
519,32,Male,Germany,Cybersecurity,Backend Developer,Small (51–200),5,>$200k,In-person,Yes,4.1,5.2,5.7,5.3,7.4,6.8,6.9,9.8,1.4,3.4,5.7,None,N/A,0,Difficult,Yes,0,Yes,None,N/A,0
520,37,Male,USA,AI/ML startup,Software Engineer,Large (1 001–5 000),1,$50k–$75k,Hybrid,Was already remote,6.1,4.6,0.4,8.3,7.0,5.6,7.4,6.5,3.4,4.6,7.3,Anxiety,Not sure / undiagnosed,0,Moderate,Yes,0,No,1–3 days,No,1
521,19,Female,Germany,Government/Public sector,Software Engineer,Medium (201–1 000),5,$100k–$150k,In-person,Was already remote,5.0,7.1,0.9,5.1,4.5,4.8,8.1,2.5,1.3,7.0,6.1,ADHD,Formally diagnosed,1,Moderate,No,0,No,1–3 days,Yes,1
522,36,Male,UK,SaaS/Software,Full-Stack Developer,Small (51–200),0,$150k–$200k,Hybrid,Yes,7.7,6.6,14.4,3.3,9.0,4.1,9.3,7.2,5.8,6.2,6.1,Anxiety,Formally diagnosed,1,No access,Yes,0,Yes,None,Partially,1
523,27,Non-binary,Sweden,HealthTech,Security Engineer,Medium (201–1 000),15,>$200k,Hybrid,No,5.8,5.6,4.0,10.0,4.5,5.6,7.3,7.0,2.8,5.5,7.4,Anxiety,Self-reported,1,Difficult,Yes,1,Yes,4–7 days,No,1
524,36,Female,Netherlands,Government/Public sector,DevOps/SRE,Small (51–200),8,>$200k,In-person,Was already remote,3.4,7.5,2.2,10.0,9.5,7.2,9.1,6.2,5.5,4.5,7.0,Anxiety,Self-reported,0,Easy,Yes,0,No,1–3 days,No,1
525,26,Male,Spain,Gaming,ML/AI Engineer,Small (51–200),1,$75k–$100k,In-person,Yes,6.7,6.3,4.4,8.9,5.7,1.7,7.5,9.8,3.9,8.3,3.8,ADHD,Formally diagnosed,1,Difficult,Yes,0,Yes,1–3 days,No,1
526,18,Non-binary,USA,AI/ML startup,QA/Test Engineer,Enterprise (5 000+),5,$50k–$75k,Remote,Yes,4.5,4.7,2.3,6.3,2.6,5.3,9.9,8.5,4.1,5.3,7.1,None,N/A,1,Easy,Yes,0,Yes,None,N/A,0
527,19,Non-binary,Sweden,SaaS/Software,Data Analyst,Enterprise (5 000+),7,$75k–$100k,Hybrid,No,6.7,6.6,0.4,7.4,9.7,5.0,9.0,4.1,2.6,4.8,6.2,None,N/A,0,Difficult,Yes,0,Yes,None,N/A,0
528,32,Male,Mexico,Consulting/Agency,Security Engineer,Startup (1–50),1,$100k–$150k,Remote,Yes,7.7,5.1,1.6,4.8,8.0,7.6,6.3,7.6,3.2,7.5,4.8,Depression,Self-reported,0,Difficult,Yes,0,No,4–7 days,No,1
529,33,Female,Sweden,Gaming,Mobile Developer,Large (1 001–5 000),0,$75k–$100k,In-person,Yes,5.5,7.3,5.0,5.6,7.8,5.3,7.1,8.1,2.3,7.0,5.8,Burnout,Self-reported,1,No access,Yes,1,Yes,4–7 days,No,1
530,25,Male,USA,HealthTech,Security Engineer,Medium (201–1 000),2,$150k–$200k,Hybrid,Yes,5.7,6.1,0.5,4.8,1.0,7.8,8.8,5.7,2.3,5.6,6.3,None,N/A,0,Easy,Yes,0,Yes,None,N/A,0
531,36,Male,USA,AI/ML startup,Full-Stack Developer,Medium (201–1 000),0,$75k–$100k,Hybrid,Was already remote,6.3,6.9,2.0,7.7,1.7,5.2,9.6,5.9,5.8,4.4,7.4,None,N/A,0,Moderate,Yes,0,Yes,None,N/A,0
532,19,Male,USA,Government/Public sector,Data Analyst,Large (1 001–5 000),4,$150k–$200k,In-person,Yes,4.8,8.1,0.5,10.0,8.0,3.5,5.9,6.4,1.0,7.2,5.9,None,N/A,0,Moderate,No,0,No,None,N/A,0
533,31,Female,India,Big Tech,Cloud Architect,Small (51–200),3,$75k–$100k,Hybrid,Yes,6.2,6.1,6.1,6.0,8.0,3.8,7.1,3.8,3.2,7.7,5.1,Other,Formally diagnosed,1,Moderate,Yes,1,Yes,None,Yes,1
534,22,Non-binary,India,Government/Public sector,DevOps/SRE,Startup (1–50),3,$75k–$100k,Remote,Yes,6.4,6.4,5.6,8.4,3.0,5.6,7.6,5.9,1.3,5.6,8.1,Other,Self-reported,0,Easy,No,0,Yes,1–3 days,No,1
535,27,Male,Italy,Government/Public sector,Full-Stack Developer,Small (51–200),4,$100k–$150k,In-person,Yes,4.4,8.3,4.1,8.7,6.8,3.5,5.5,6.6,2.2,5.4,7.9,None,N/A,0,Difficult,No,0,Yes,None,N/A,0
536,32,Male,UK,HealthTech,CTO/VP Engineering,Small (51–200),22,$75k–$100k,Remote,Yes,8.2,6.7,8.0,7.1,5.8,5.9,6.0,8.5,3.2,9.0,4.3,ADHD,Self-reported,1,Moderate,Yes,1,No,None,Yes,1
537,25,Female,UK,AI/ML startup,Product Manager,Startup (1–50),8,$150k–$200k,Hybrid,Yes,2.9,7.2,2.4,7.7,3.5,9.5,9.3,5.3,1.0,4.8,6.2,Depression & Burnout,Formally diagnosed,1,Difficult,Yes,0,No,None,No,1
538,29,Male,India,AI/ML startup,Mobile Developer,Small (51–200),5,$75k–$100k,In-person,Yes,7.5,7.9,0.0,7.0,4.9,3.0,5.7,6.6,4.2,8.4,4.4,None,N/A,0,No access,No,0,No,None,N/A,0
539,39,Female,Brazil,E-commerce,Frontend Developer,Medium (201–1 000),2,$150k–$200k,In-person,Yes,8.5,5.8,12.0,8.3,9.6,5.6,4.5,4.8,5.0,9.3,1.5,Anxiety,Formally diagnosed,0,Moderate,Don't know,0,Yes,None,Partially,1
540,27,Male,Mexico,Government/Public sector,ML/AI Engineer,Large (1 001–5 000),0,>$200k,Remote,Yes,7.4,6.0,1.8,3.6,4.2,8.1,7.5,5.1,5.5,7.6,3.8,Anxiety & Depression,Formally diagnosed,1,Difficult,Yes,1,No,4–7 days,Partially,1
541,38,Male,Sweden,Consulting/Agency,ML/AI Engineer,Small (51–200),0,$150k–$200k,In-person,No,4.1,6.0,2.5,7.0,2.4,5.3,9.1,5.1,2.2,3.5,7.9,None,N/A,0,Moderate,Yes,0,No,None,N/A,0
542,23,Male,UK,SaaS/Software,Security Engineer,Small (51–200),7,$100k–$150k,Remote,Was already remote,7.6,6.9,0.0,6.5,5.0,5.6,6.0,5.6,2.0,4.8,5.7,None,N/A,0,No access,Yes,0,Yes,None,N/A,0
543,35,Female,India,SaaS/Software,ML/AI Engineer,Small (51–200),2,$100k–$150k,Remote,No,9.8,4.6,1.6,6.2,1.0,3.5,6.8,6.7,2.9,8.0,3.5,ADHD,Not sure / undiagnosed,1,Difficult,No,0,Yes,1–3 days,Yes,1
544,42,Male,Japan,Gaming,Backend Developer,Enterprise (5 000+),2,$75k–$100k,Remote,Was already remote,5.7,8.1,3.4,5.1,5.4,4.7,4.3,7.4,1.8,5.8,5.5,Depression,Formally diagnosed,1,Easy,Yes,0,No,None,Yes,1
545,18,Female,Canada,HealthTech,Engineering Manager,Small (51–200),12,$100k–$150k,Remote,Was already remote,6.0,6.0,2.0,9.1,2.6,6.8,8.5,8.2,2.6,4.9,8.1,Depression,Self-reported,1,Moderate,Yes,1,No,4–7 days,No,1
546,26,Male,USA,Government/Public sector,QA/Test Engineer,Enterprise (5 000+),3,>$200k,Remote,Yes,7.4,6.8,7.8,6.8,3.7,9.2,9.2,4.2,3.8,5.7,6.8,Anxiety,Self-reported,0,Moderate,Yes,0,Yes,None,No,1
547,36,Male,USA,Consulting/Agency,Full-Stack Developer,Medium (201–1 000),12,$50k–$75k,Remote,No,4.4,7.0,4.9,8.6,6.4,6.2,10.0,7.2,2.3,4.5,7.5,Burnout,Self-reported,1,Easy,Yes,0,Yes,None,Partially,1
548,30,Male,USA,Gaming,Full-Stack Developer,Enterprise (5 000+),11,$150k–$200k,Remote,No,3.2,7.8,0.6,6.9,2.9,8.2,9.0,3.8,2.0,2.7,6.7,None,N/A,0,Moderate,Yes,0,Yes,None,N/A,0
549,34,Non-binary,France,AI/ML startup,Backend Developer,Medium (201–1 000),0,$150k–$200k,In-person,Yes,6.8,6.9,2.2,8.6,3.8,3.7,9.1,1.7,2.9,4.2,8.5,Depression,Formally diagnosed,0,Moderate,Don't know,0,No,1–2 weeks,Yes,1
550,27,Non-binary,USA,SaaS/Software,Software Engineer,Small (51–200),15,>$200k,In-person,No,6.1,6.7,17.4,7.6,9.0,4.4,7.5,7.2,1.5,5.9,3.7,Burnout,Self-reported,0,No access,Don't know,0,Yes,None,No,1
551,32,Male,USA,FinTech,QA/Test Engineer,Medium (201–1 000),0,$75k–$100k,Hybrid,No,4.1,6.6,1.0,6.2,6.2,5.0,10.0,6.9,1.0,7.8,4.1,Burnout,Formally diagnosed,1,Easy,No,0,No,None,No,1
552,30,Male,USA,E-commerce,DevOps/SRE,Medium (201–1 000),18,$75k–$100k,In-person,Was already remote,6.7,6.7,2.9,8.9,6.4,4.0,5.9,8.3,2.4,7.9,4.4,Burnout,Self-reported,0,Difficult,Yes,0,No,None,Yes,1
553,40,Male,Germany,Consulting/Agency,DevOps/SRE,Large (1 001–5 000),3,$75k–$100k,Remote,Was already remote,5.4,8.1,1.0,7.6,7.2,6.8,8.0,4.7,4.3,6.3,8.8,None,N/A,0,Moderate,Yes,0,No,None,N/A,0
554,33,Male,UK,Gaming,ML/AI Engineer,Medium (201–1 000),7,$150k–$200k,Hybrid,Yes,6.7,6.1,1.2,6.2,5.9,3.3,9.8,5.7,3.7,7.7,7.6,None,N/A,0,No access,Yes,0,No,None,N/A,0
555,34,Male,Australia,Gaming,Security Engineer,Startup (1–50),6,$50k–$75k,Remote,Yes,6.3,5.3,0.0,3.2,7.9,6.2,8.2,7.2,1.7,5.9,6.4,Anxiety,Not sure / undiagnosed,1,Easy,No,0,Yes,1–3 days,No,1
556,28,Non-binary,USA,Consulting/Agency,Full-Stack Developer,Large (1 001–5 000),4,$75k–$100k,Hybrid,Yes,6.2,7.2,3.7,7.6,7.1,2.8,8.8,5.9,3.0,7.4,4.0,Depression,Formally diagnosed,0,Moderate,Don't know,0,No,None,Yes,1
557,28,Non-binary,USA,Big Tech,Data Scientist,Enterprise (5 000+),5,$75k–$100k,In-person,Yes,6.0,6.9,4.8,10.0,3.8,4.6,8.5,6.0,1.0,5.6,4.7,None,N/A,0,Difficult,No,1,No,None,N/A,0
558,28,Male,Canada,FinTech,Software Engineer,Enterprise (5 000+),16,$75k–$100k,In-person,No,2.8,8.8,5.8,8.0,6.7,4.6,8.9,7.1,1.8,4.6,7.2,Anxiety & Depression,Formally diagnosed,0,No access,Don't know,0,Yes,None,Yes,1
559,34,Male,UK,AI/ML startup,Engineering Manager,Medium (201–1 000),14,$100k–$150k,In-person,Yes,3.3,7.8,12.8,7.0,2.8,8.1,10.0,8.3,2.0,4.7,7.3,None,N/A,0,Moderate,Yes,0,No,None,N/A,0
560,28,Female,USA,SaaS/Software,CTO/VP Engineering,Startup (1–50),5,$100k–$150k,Hybrid,Was already remote,9.2,7.2,5.2,5.0,1.0,5.1,5.0,8.9,2.5,8.0,3.4,Burnout,Self-reported,0,Difficult,No,0,No,1–2 weeks,No,1
561,34,Female,USA,Government/Public sector,Data Analyst,Startup (1–50),5,>$200k,Remote,Yes,8.5,7.9,0.0,3.2,8.5,5.4,5.5,7.8,3.9,6.6,5.3,Burnout,Self-reported,1,No access,No,0,Yes,1–3 days,Partially,1
562,47,Male,Ireland,Consulting/Agency,ML/AI Engineer,Large (1 001–5 000),1,$75k–$100k,Hybrid,Yes,5.5,6.4,0.8,8.2,5.6,4.1,8.6,4.9,1.0,5.1,8.2,Anxiety & Depression,Self-reported,1,Moderate,Don't know,1,No,1–3 days,No,1
563,38,Male,Australia,HealthTech,Mobile Developer,Large (1 001–5 000),9,$150k–$200k,In-person,Was already remote,6.8,6.3,4.6,7.1,8.1,5.0,10.0,4.5,4.5,8.3,5.9,ADHD,Formally diagnosed,1,No access,Yes,0,No,4–7 days,Partially,1
564,29,Male,USA,FinTech,CTO/VP Engineering,Enterprise (5 000+),5,$100k–$150k,Hybrid,No,3.0,8.5,5.8,4.3,5.8,6.4,6.5,10.0,4.9,4.0,8.5,ADHD,Self-reported,1,Easy,Yes,1,No,None,No,1
565,41,Male,USA,E-commerce,DevOps/SRE,Medium (201–1 000),9,$50k–$75k,In-person,No,3.3,7.3,0.9,5.8,7.2,6.5,7.2,5.7,1.0,7.4,2.6,None,N/A,0,Difficult,Yes,0,Yes,None,N/A,0
566,28,Male,New Zealand,E-commerce,DevOps/SRE,Enterprise (5 000+),5,$150k–$200k,Hybrid,No,1.0,7.2,1.1,5.8,8.4,7.2,10.0,5.9,1.0,4.0,7.5,Anxiety & Depression,Self-reported,0,Difficult,No,0,No,>2 weeks,Yes,1
567,18,Male,Australia,HealthTech,QA/Test Engineer,Large (1 001–5 000),1,$50k–$75k,Hybrid,Yes,4.1,6.7,2.1,7.4,3.0,5.4,9.3,6.6,1.0,6.2,5.7,Anxiety & Depression,Not sure / undiagnosed,1,Easy,Yes,0,Yes,None,No,1
568,24,Female,UK,FinTech,Software Engineer,Medium (201–1 000),1,$150k–$200k,Hybrid,Was already remote,4.8,6.2,4.2,6.5,6.8,6.2,8.8,3.7,1.3,4.9,4.9,None,N/A,0,Easy,Don't know,0,No,None,N/A,0
569,18,Male,Australia,Gaming,Software Engineer,Large (1 001–5 000),0,$150k–$200k,In-person,No,7.3,4.1,6.4,8.5,7.3,2.8,7.6,4.8,4.3,6.8,5.6,Anxiety & Burnout,Formally diagnosed,1,Moderate,Yes,1,No,1–3 days,Partially,1
570,29,Male,Netherlands,E-commerce,Data Scientist,Startup (1–50),4,$100k–$150k,Hybrid,Yes,5.6,7.4,0.5,10.0,7.1,2.1,7.1,7.4,2.1,3.2,7.0,None,N/A,0,Moderate,Yes,0,Yes,None,N/A,0
571,32,Male,Netherlands,Gaming,DevOps/SRE,Large (1 001–5 000),1,$75k–$100k,Hybrid,Yes,6.5,5.7,5.5,7.3,2.9,4.4,7.2,3.7,3.4,8.3,4.6,Anxiety,Self-reported,0,Easy,Yes,0,Yes,1–3 days,No,1
572,44,Female,Canada,Big Tech,Frontend Developer,Enterprise (5 000+),5,$100k–$150k,In-person,Was already remote,5.3,5.1,3.9,2.4,5.8,3.5,8.2,5.3,4.1,6.6,4.4,Depression,Self-reported,1,Difficult,Yes,1,No,4–7 days,Yes,1
573,34,Female,Canada,FinTech,QA/Test Engineer,Small (51–200),0,$150k–$200k,Hybrid,Yes,5.8,7.6,0.4,7.9,7.4,7.6,10.0,4.4,2.1,5.1,6.5,None,N/A,0,Easy,Don't know,0,No,None,N/A,0
574,30,Male,USA,Consulting/Agency,CTO/VP Engineering,Large (1 001–5 000),2,$100k–$150k,Remote,Was already remote,5.3,5.1,7.1,7.8,7.2,8.5,10.0,5.3,1.0,4.7,8.0,None,N/A,0,Difficult,Don't know,0,No,None,N/A,0
575,38,Male,Spain,Government/Public sector,Cloud Architect,Small (51–200),1,$150k–$200k,Remote,No,6.5,7.7,9.0,8.0,9.4,7.3,10.0,5.8,3.5,6.1,6.5,Burnout,Self-reported,1,Easy,Yes,1,No,None,Partially,1
576,18,Prefer not to say,India,SaaS/Software,Full-Stack Developer,Large (1 001–5 000),2,$100k–$150k,Hybrid,Yes,1.1,8.4,2.2,9.3,7.1,7.3,10.0,8.0,1.0,2.3,6.3,None,N/A,0,Difficult,No,0,No,None,N/A,0
577,33,Male,USA,Big Tech,Frontend Developer,Large (1 001–5 000),0,$75k–$100k,Hybrid,Yes,6.0,7.1,0.3,8.7,4.4,4.5,6.5,8.1,1.0,5.6,6.9,None,N/A,1,Difficult,Yes,0,No,None,N/A,0
578,37,Male,Spain,Gaming,Security Engineer,Enterprise (5 000+),7,$50k–$75k,Remote,Was already remote,5.7,5.3,11.8,7.1,7.8,6.5,6.6,6.5,1.0,7.1,4.8,None,N/A,0,Difficult,Yes,0,No,None,N/A,0
579,20,Male,Spain,FinTech,Product Manager,Large (1 001–5 000),0,$100k–$150k,Hybrid,No,9.0,3.9,0.0,2.7,7.9,3.6,6.7,6.1,2.6,9.4,3.6,Anxiety,Formally diagnosed,0,Difficult,Don't know,0,No,None,Partially,1
580,40,Male,Italy,Big Tech,QA/Test Engineer,Medium (201–1 000),0,$150k–$200k,Hybrid,Yes,6.4,5.7,10.0,7.6,3.8,4.6,8.4,3.8,1.8,7.4,6.3,None,N/A,0,Easy,Yes,0,No,None,N/A,0
581,34,Male,Singapore,Gaming,Data Analyst,Startup (1–50),16,$50k–$75k,Remote,No,8.9,3.2,0.0,8.1,10.0,4.4,8.9,3.6,3.8,6.9,4.4,Anxiety,Self-reported,1,Moderate,Don't know,0,Yes,1–3 days,No,1
582,28,Non-binary,Argentina,Government/Public sector,Full-Stack Developer,Large (1 001–5 000),1,$50k–$75k,In-person,No,4.6,4.3,2.1,9.8,10.0,6.9,6.9,6.9,1.8,7.1,6.3,Depression,Self-reported,1,Moderate,Yes,0,No,None,Partially,1
583,36,Female,USA,Government/Public sector,Software Engineer,Medium (201–1 000),9,<$50k,Hybrid,Yes,4.6,7.8,1.4,9.0,4.7,5.9,7.1,8.7,1.4,5.1,7.9,None,N/A,0,Moderate,Yes,0,Yes,None,N/A,0
584,49,Male,Brazil,HealthTech,Cloud Architect,Large (1 001–5 000),18,$100k–$150k,In-person,No,9.0,8.1,0.0,9.0,2.9,1.0,8.0,6.8,2.2,5.7,6.6,Burnout,Formally diagnosed,0,Difficult,No,0,No,None,Partially,1
585,33,Non-binary,Brazil,AI/ML startup,Full-Stack Developer,Startup (1–50),4,$100k–$150k,In-person,No,5.6,6.8,1.4,5.0,3.6,4.2,6.4,6.7,1.0,7.3,4.3,Anxiety & Depression,Self-reported,1,Difficult,Yes,1,No,1–2 weeks,No,1
586,33,Male,USA,E-commerce,QA/Test Engineer,Enterprise (5 000+),4,$100k–$150k,Remote,Yes,4.5,6.9,2.8,6.8,3.3,6.7,8.5,10.0,1.8,3.7,8.0,Anxiety,Formally diagnosed,1,Difficult,Yes,0,No,4–7 days,Yes,1
587,28,Male,USA,Government/Public sector,Security Engineer,Medium (201–1 000),2,$75k–$100k,Hybrid,Was already remote,6.0,5.9,0.1,2.7,3.0,6.0,10.0,7.8,4.0,6.8,4.8,None,N/A,0,Easy,No,0,Yes,None,N/A,0
588,25,Female,Italy,Cybersecurity,DevOps/SRE,Enterprise (5 000+),3,$100k–$150k,Hybrid,Was already remote,6.3,7.5,5.4,4.6,4.6,3.6,8.9,4.2,4.4,5.1,7.5,Burnout,Formally diagnosed,1,Easy,No,0,Yes,None,Yes,1
589,38,Female,USA,Government/Public sector,Security Engineer,Large (1 001–5 000),3,$150k–$200k,In-person,Yes,8.2,4.4,4.7,7.0,3.5,5.4,7.0,4.3,4.9,7.5,5.3,ADHD,Formally diagnosed,0,Moderate,Yes,0,No,None,No,1
590,25,Male,Singapore,Big Tech,Product Manager,Startup (1–50),0,$50k–$75k,Remote,Yes,4.6,7.1,5.7,5.8,9.2,8.3,9.1,5.6,4.9,4.6,7.1,None,N/A,1,No access,Yes,1,No,None,N/A,0
591,32,Male,USA,SaaS/Software,Mobile Developer,Medium (201–1 000),2,$50k–$75k,Hybrid,No,7.3,8.3,3.4,6.0,2.4,6.0,4.2,4.5,3.4,5.6,6.0,Depression,Formally diagnosed,1,Moderate,No,0,Yes,None,Partially,1
592,28,Female,USA,FinTech,Software Engineer,Enterprise (5 000+),9,$100k–$150k,In-person,Yes,9.2,6.1,1.0,9.3,6.5,4.3,8.8,5.3,5.5,10.0,3.8,Anxiety,Self-reported,1,Difficult,No,0,Yes,None,No,1
593,35,Female,Canada,Big Tech,Frontend Developer,Large (1 001–5 000),1,$150k–$200k,Hybrid,Was already remote,8.0,5.8,5.4,1.3,5.2,6.0,4.2,6.5,3.7,6.2,4.4,Anxiety & Burnout,Self-reported,1,Moderate,Yes,1,Yes,4–7 days,No,1
594,34,Female,USA,AI/ML startup,Mobile Developer,Medium (201–1 000),7,$75k–$100k,Remote,No,9.3,7.6,5.5,8.2,6.7,6.0,5.5,4.2,1.0,6.4,6.1,Depression,Formally diagnosed,0,No access,Don't know,0,No,None,No,1
595,39,Male,Australia,Government/Public sector,CTO/VP Engineering,Enterprise (5 000+),5,>$200k,Remote,Was already remote,6.0,8.7,0.9,9.6,5.6,5.1,6.7,6.4,3.5,4.0,7.2,None,N/A,0,Easy,Yes,0,No,None,N/A,0
596,28,Male,Germany,Consulting/Agency,CTO/VP Engineering,Small (51–200),0,<$50k,Remote,No,7.1,8.0,1.7,7.1,6.2,7.5,7.4,6.8,3.2,6.5,6.7,Anxiety,Not sure / undiagnosed,0,Difficult,Yes,0,No,1–3 days,Yes,1
597,29,Male,USA,FinTech,Mobile Developer,Medium (201–1 000),0,$50k–$75k,In-person,Yes,4.6,6.8,0.9,6.9,8.4,7.3,7.5,10.0,2.1,6.3,5.5,None,N/A,0,Easy,Yes,0,Yes,None,N/A,0
598,24,Male,USA,Big Tech,Backend Developer,Large (1 001–5 000),2,$100k–$150k,Remote,No,10.0,6.6,0.0,8.3,4.7,2.7,4.7,6.2,3.9,9.0,1.8,Burnout,Self-reported,0,Difficult,No,0,Yes,None,No,1
599,28,Non-binary,UK,Cybersecurity,Cloud Architect,Small (51–200),6,$150k–$200k,Hybrid,No,7.6,7.9,0.2,7.0,2.7,3.3,5.8,5.6,1.5,7.6,5.7,None,N/A,1,Difficult,Yes,1,Yes,None,N/A,0
600,34,Male,USA,SaaS/Software,Product Manager,Medium (201–1 000),2,$75k–$100k,Remote,Was already remote,6.4,5.9,5.7,5.5,5.8,6.7,10.0,9.8,1.4,7.0,7.3,None,N/A,0,Easy,Yes,0,No,None,N/A,0
601,37,Male,Sweden,E-commerce,Data Scientist,Large (1 001–5 000),6,$100k–$150k,Hybrid,Was already remote,5.9,5.6,0.8,9.1,4.2,6.3,7.5,3.8,2.0,5.2,7.6,Anxiety,Formally diagnosed,1,Difficult,No,0,No,None,No,1
602,25,Female,UK,FinTech,Backend Developer,Large (1 001–5 000),6,<$50k,In-person,No,2.2,7.9,3.6,3.7,6.6,7.8,9.8,10.0,2.9,2.5,8.2,Burnout,Formally diagnosed,0,Difficult,Yes,0,Yes,1–3 days,Partially,1
603,38,Male,USA,AI/ML startup,Data Analyst,Small (51–200),9,$100k–$150k,In-person,Yes,2.1,6.3,4.3,5.5,4.5,7.8,10.0,7.1,1.3,2.7,8.9,None,N/A,0,Difficult,No,0,No,None,N/A,0
604,42,Male,Canada,Consulting/Agency,Frontend Developer,Large (1 001–5 000),0,$75k–$100k,Hybrid,No,4.0,5.7,5.0,5.6,4.3,7.2,8.8,8.5,1.0,4.2,6.1,None,N/A,0,Easy,Don't know,0,Yes,None,N/A,0
605,35,Female,USA,Cybersecurity,Data Analyst,Medium (201–1 000),4,$100k–$150k,In-person,Yes,5.0,6.2,0.1,6.1,8.6,5.5,6.4,5.8,1.0,7.1,3.2,None,N/A,0,Easy,Yes,0,Yes,None,N/A,0
606,46,Female,USA,E-commerce,Full-Stack Developer,Medium (201–1 000),0,$100k–$150k,Remote,Yes,7.2,5.4,1.7,5.8,10.0,4.8,8.5,4.0,2.4,6.6,5.8,Depression,Formally diagnosed,0,Moderate,Yes,0,No,None,Yes,1
607,26,Female,USA,Gaming,DevOps/SRE,Large (1 001–5 000),1,$150k–$200k,Remote,Yes,7.5,5.2,0.5,3.2,4.0,7.3,6.9,4.3,4.3,7.1,5.7,ADHD,Formally diagnosed,1,Difficult,No,0,No,1–3 days,No,1
608,22,Male,Japan,SaaS/Software,Cloud Architect,Small (51–200),2,$100k–$150k,Hybrid,Yes,6.0,6.8,6.0,8.1,6.0,6.8,6.7,7.3,2.3,6.9,4.2,None,N/A,0,Difficult,No,0,No,None,N/A,0
609,18,Female,Spain,E-commerce,Full-Stack Developer,Large (1 001–5 000),6,$100k–$150k,Hybrid,Was already remote,6.6,6.8,0.0,8.0,5.0,7.0,5.8,10.0,2.0,8.1,4.1,None,N/A,0,Difficult,Yes,0,Yes,None,N/A,0
610,43,Female,Brazil,Government/Public sector,DevOps/SRE,Large (1 001–5 000),20,$100k–$150k,Remote,Yes,5.7,5.1,0.6,5.6,6.6,4.8,7.7,4.5,1.0,7.3,4.8,Burnout,Self-reported,1,No access,Yes,1,No,1–3 days,No,1
611,36,Male,UK,HealthTech,ML/AI Engineer,Large (1 001–5 000),2,>$200k,Hybrid,No,8.0,6.6,0.5,7.7,5.2,6.8,9.9,6.8,3.8,5.9,5.3,None,N/A,0,Difficult,Yes,0,No,None,N/A,0
612,31,Male,USA,Consulting/Agency,CTO/VP Engineering,Medium (201–1 000),4,$150k–$200k,In-person,No,4.7,7.1,0.4,9.1,7.3,7.2,8.0,3.8,4.5,2.6,8.8,None,N/A,0,No access,Don't know,0,No,None,N/A,0
613,34,Female,Germany,Cybersecurity,Cloud Architect,Medium (201–1 000),1,$150k–$200k,Hybrid,Was already remote,5.4,5.6,1.6,6.2,3.8,4.7,5.7,8.7,5.9,6.9,4.1,Anxiety & Depression,Formally diagnosed,0,Moderate,Yes,0,No,1–2 weeks,No,1
614,23,Male,France,E-commerce,ML/AI Engineer,Medium (201–1 000),6,$100k–$150k,Hybrid,No,6.3,6.5,4.4,8.1,8.4,6.0,7.4,7.1,1.8,6.3,4.7,Anxiety,Self-reported,1,Difficult,Yes,0,No,1–2 weeks,No,1
615,50,Female,Argentina,HealthTech,Data Analyst,Large (1 001–5 000),2,$100k–$150k,Remote,Was already remote,4.6,7.2,0.9,6.0,5.6,7.5,10.0,3.5,1.0,5.0,6.7,None,N/A,0,Difficult,Yes,0,No,None,N/A,0
616,32,Male,USA,E-commerce,Data Scientist,Medium (201–1 000),3,$75k–$100k,Hybrid,Yes,3.3,7.6,5.4,7.8,9.5,8.1,10.0,6.9,1.0,3.1,7.1,None,N/A,0,Easy,Don't know,0,Yes,None,N/A,0
617,32,Male,USA,Big Tech,Data Analyst,Small (51–200),4,$150k–$200k,In-person,Was already remote,6.6,7.4,2.2,10.0,9.5,4.8,6.3,7.3,1.0,6.3,4.9,None,N/A,0,Moderate,Yes,0,No,None,N/A,0
618,37,Male,Australia,Gaming,ML/AI Engineer,Large (1 001–5 000),6,$50k–$75k,Hybrid,Yes,10.0,6.6,0.1,7.9,6.3,4.2,3.8,8.5,3.2,8.3,3.5,Burnout,Self-reported,1,Difficult,No,0,Yes,4–7 days,No,1
619,35,Female,Brazil,SaaS/Software,Engineering Manager,Large (1 001–5 000),0,<$50k,In-person,No,6.2,6.6,1.3,5.9,5.1,5.2,10.0,7.3,3.0,5.6,7.8,None,N/A,0,Moderate,Yes,1,No,None,N/A,0
620,33,Male,Japan,Gaming,Backend Developer,Startup (1–50),4,$100k–$150k,Hybrid,Was already remote,7.3,5.3,0.0,6.5,4.6,4.1,5.9,1.0,2.2,5.0,5.5,Anxiety,Formally diagnosed,1,Moderate,Yes,1,Yes,1–3 days,Yes,1
621,26,Female,Australia,Big Tech,Cloud Architect,Enterprise (5 000+),3,$50k–$75k,Remote,Was already remote,5.4,6.2,0.9,5.4,6.8,6.7,5.9,2.6,1.0,5.6,5.8,None,N/A,0,Easy,Don't know,0,Yes,None,N/A,0
622,35,Female,Poland,E-commerce,Backend Developer,Startup (1–50),0,>$200k,In-person,Yes,6.7,6.7,4.1,6.5,6.9,5.8,7.5,7.4,2.9,7.4,7.5,None,N/A,1,Easy,Yes,0,No,None,N/A,0
623,46,Female,Germany,FinTech,Data Scientist,Medium (201–1 000),1,$150k–$200k,Hybrid,No,3.5,8.6,7.4,5.3,5.1,7.6,8.5,3.1,4.0,3.8,6.9,None,N/A,0,Easy,Yes,0,Yes,None,N/A,0
624,42,Non-binary,Spain,HealthTech,Cloud Architect,Medium (201–1 000),11,$100k–$150k,Remote,Yes,4.1,4.5,1.3,6.3,4.1,6.7,9.8,10.0,2.6,5.2,6.4,Anxiety & Burnout,Not sure / undiagnosed,0,No access,No,0,Yes,1–3 days,No,1
625,43,Female,South Africa,Consulting/Agency,Data Scientist,Startup (1–50),11,$75k–$100k,Remote,No,7.1,6.5,2.5,2.9,3.7,7.1,9.1,6.9,3.4,6.8,7.3,Anxiety & Burnout,Formally diagnosed,1,Easy,Don't know,0,No,1–3 days,No,1
626,28,Male,Japan,AI/ML startup,Data Scientist,Enterprise (5 000+),0,$100k–$150k,In-person,No,5.6,6.5,0.0,5.6,8.2,5.7,7.2,7.5,4.2,7.4,6.5,Anxiety & Depression,Not sure / undiagnosed,1,Moderate,Yes,0,No,None,Yes,1
627,24,Non-binary,USA,HealthTech,Data Analyst,Medium (201–1 000),6,$100k–$150k,Remote,Yes,3.0,7.5,0.8,6.2,3.5,7.5,6.8,5.5,1.9,2.6,8.3,None,N/A,0,Difficult,Yes,0,No,None,N/A,0
628,31,Female,USA,Gaming,Frontend Developer,Startup (1–50),4,$75k–$100k,Hybrid,Was already remote,5.2,5.2,11.6,9.3,4.6,8.9,8.4,6.8,1.0,4.0,6.4,Anxiety,Self-reported,1,Moderate,Yes,1,No,4–7 days,Yes,1
629,32,Male,Germany,HealthTech,CTO/VP Engineering,Large (1 001–5 000),15,>$200k,Hybrid,Yes,7.7,7.2,7.2,8.2,6.1,5.7,7.5,10.0,4.5,4.3,9.1,Anxiety,Formally diagnosed,1,Moderate,No,0,No,1–3 days,No,1
630,40,Male,Canada,Government/Public sector,QA/Test Engineer,Large (1 001–5 000),13,$50k–$75k,Remote,Was already remote,4.9,6.8,0.3,6.5,7.6,6.7,10.0,6.0,2.3,4.5,6.7,Anxiety & Burnout,Formally diagnosed,1,No access,Don't know,0,No,>2 weeks,No,1
631,19,Female,Singapore,E-commerce,Security Engineer,Enterprise (5 000+),4,$150k–$200k,Hybrid,Was already remote,1.9,7.2,6.9,4.1,6.5,7.4,7.9,7.5,1.0,1.5,8.1,Depression,Self-reported,1,No access,Yes,1,Yes,1–3 days,No,1
632,43,Male,USA,Big Tech,Cloud Architect,Medium (201–1 000),0,$150k–$200k,Hybrid,Yes,9.2,6.3,0.0,6.3,3.6,4.9,8.4,7.9,4.2,6.8,5.7,None,N/A,0,Difficult,Don't know,0,No,None,N/A,0
633,30,Female,USA,HealthTech,Software Engineer,Small (51–200),3,>$200k,In-person,No,6.2,6.9,5.8,5.8,4.9,4.9,10.0,4.7,1.0,7.9,5.0,None,N/A,1,Moderate,Yes,1,Yes,None,N/A,0
634,28,Male,Netherlands,HealthTech,Data Scientist,Startup (1–50),7,$100k–$150k,Remote,Yes,8.9,6.0,7.5,5.1,4.4,6.5,4.3,6.7,3.2,6.8,4.7,ADHD,Self-reported,1,Moderate,No,1,No,4–7 days,No,1
635,24,Male,USA,Big Tech,Engineering Manager,Large (1 001–5 000),16,$100k–$150k,Hybrid,Yes,6.6,5.8,0.1,7.9,8.0,5.8,6.5,7.1,3.7,6.4,4.5,Anxiety,Self-reported,0,Easy,Yes,0,Yes,1–3 days,No,1
636,19,Female,UK,Government/Public sector,Software Engineer,Large (1 001–5 000),2,>$200k,In-person,Was already remote,4.8,6.6,0.6,5.3,7.5,7.1,8.6,8.9,1.0,3.9,8.1,None,N/A,0,Difficult,Don't know,0,Yes,None,N/A,0
637,38,Male,UK,Government/Public sector,CTO/VP Engineering,Enterprise (5 000+),8,$150k–$200k,Remote,Yes,6.6,6.5,8.7,5.9,3.5,6.1,6.8,5.7,2.1,6.9,4.8,Depression,Formally diagnosed,0,Easy,Don't know,0,Yes,1–2 weeks,No,1
638,32,Male,India,AI/ML startup,Security Engineer,Large (1 001–5 000),6,$150k–$200k,Hybrid,Yes,6.6,8.5,0.8,3.8,5.4,8.1,7.8,3.5,4.0,5.4,7.2,None,N/A,0,Easy,Yes,0,No,None,N/A,0
639,22,Female,USA,AI/ML startup,Cloud Architect,Enterprise (5 000+),0,$150k–$200k,Hybrid,Was already remote,9.3,6.0,1.0,6.6,6.3,4.8,6.8,9.0,3.7,7.0,5.4,Other,Self-reported,0,No access,Yes,0,No,None,Partially,1
640,22,Male,Japan,Government/Public sector,Frontend Developer,Enterprise (5 000+),4,$100k–$150k,Hybrid,Yes,8.3,6.8,0.3,8.1,3.0,5.2,7.0,6.8,6.0,8.4,3.9,None,N/A,0,Moderate,Don't know,0,Yes,None,N/A,0
641,29,Female,Canada,FinTech,QA/Test Engineer,Medium (201–1 000),1,<$50k,Hybrid,No,7.2,7.3,4.2,5.2,7.9,4.8,7.3,7.9,6.0,6.1,5.5,Anxiety & Burnout,Self-reported,0,No access,Don't know,0,Yes,1–3 days,No,1
642,44,Female,Spain,AI/ML startup,Data Scientist,Small (51–200),6,$50k–$75k,Remote,No,6.7,6.5,0.4,8.4,6.4,6.8,7.9,7.7,3.0,7.3,4.4,Burnout,Not sure / undiagnosed,1,No access,Yes,1,Yes,1–3 days,No,1
643,30,Female,Canada,Government/Public sector,Data Scientist,Small (51–200),5,$100k–$150k,Hybrid,Was already remote,6.1,8.1,2.1,8.3,7.3,8.7,6.2,9.9,5.4,3.6,7.7,Anxiety,Self-reported,1,No access,Yes,0,No,None,No,1
644,20,Male,USA,Government/Public sector,Data Scientist,Small (51–200),19,$75k–$100k,Hybrid,Was already remote,5.0,5.0,6.7,5.7,3.0,6.3,9.4,7.1,1.0,6.9,4.2,ADHD,Formally diagnosed,1,No access,Yes,1,No,>2 weeks,Yes,1
645,30,Male,USA,HealthTech,Backend Developer,Medium (201–1 000),15,$100k–$150k,In-person,Yes,7.9,6.5,9.2,8.9,5.9,5.8,7.8,8.5,1.4,8.1,3.1,Other,Self-reported,1,Moderate,Yes,0,No,1–3 days,No,1
646,29,Female,USA,AI/ML startup,Engineering Manager,Startup (1–50),0,$100k–$150k,Hybrid,No,5.2,8.0,1.5,8.6,5.7,5.9,9.6,7.4,2.2,2.9,6.2,None,N/A,0,Easy,Don't know,0,No,None,N/A,0
647,18,Non-binary,Germany,E-commerce,Frontend Developer,Small (51–200),0,$100k–$150k,In-person,Was already remote,5.6,7.2,0.3,7.6,4.0,2.0,7.8,6.5,4.2,3.5,5.1,None,N/A,0,Difficult,Yes,0,Yes,None,N/A,0
648,31,Female,USA,Big Tech,Software Engineer,Small (51–200),8,$75k–$100k,Remote,Was already remote,6.1,4.6,5.5,10.0,5.4,8.7,5.1,9.9,1.8,6.1,5.7,None,N/A,0,No access,No,0,Yes,None,N/A,0
649,30,Female,UK,Big Tech,DevOps/SRE,Startup (1–50),6,$150k–$200k,Hybrid,No,4.9,7.1,0.4,8.3,7.7,7.0,9.6,8.7,1.4,4.7,5.7,Burnout,Self-reported,1,Difficult,Yes,0,No,4–7 days,Partially,1
650,37,Male,India,Cybersecurity,Cloud Architect,Medium (201–1 000),8,>$200k,Hybrid,No,5.2,6.7,5.2,8.6,4.1,9.8,9.9,5.2,1.0,5.0,5.4,None,N/A,0,Difficult,Don't know,0,No,None,N/A,0
651,45,Male,USA,HealthTech,DevOps/SRE,Startup (1–50),1,$150k–$200k,Remote,No,6.0,6.7,3.8,6.3,5.9,6.7,6.2,7.0,1.8,4.8,5.5,None,N/A,0,Easy,Yes,0,Yes,None,N/A,0
652,40,Male,USA,Cybersecurity,Frontend Developer,Medium (201–1 000),10,$50k–$75k,In-person,Was already remote,5.9,6.3,2.8,4.8,8.9,5.1,5.6,6.6,2.3,8.3,5.9,Anxiety & Burnout,Formally diagnosed,1,No access,Yes,1,Yes,>2 weeks,No,1
653,29,Male,Netherlands,Cybersecurity,Data Scientist,Small (51–200),3,$100k–$150k,Hybrid,No,8.6,6.9,8.8,5.1,2.5,5.0,5.8,6.4,4.5,8.3,4.5,None,N/A,0,Easy,Yes,0,Yes,None,N/A,0
654,23,Male,Mexico,HealthTech,DevOps/SRE,Large (1 001–5 000),1,$150k–$200k,Remote,Yes,3.2,7.0,1.9,6.4,5.8,8.4,5.2,7.4,1.0,4.8,5.4,None,N/A,0,Moderate,Don't know,0,Yes,None,N/A,0
655,51,Non-binary,USA,E-commerce,Software Engineer,Startup (1–50),0,$100k–$150k,Hybrid,Yes,7.0,7.8,0.0,8.1,4.6,5.3,7.3,7.1,2.8,5.3,5.9,Anxiety & Depression,Self-reported,1,Moderate,Yes,1,No,None,No,1
656,32,Male,USA,FinTech,Mobile Developer,Enterprise (5 000+),11,$100k–$150k,In-person,No,5.1,6.9,13.9,6.1,7.0,4.9,9.1,4.0,2.4,5.8,7.3,None,N/A,0,Difficult,No,0,Yes,None,N/A,0
657,32,Male,South Africa,SaaS/Software,CTO/VP Engineering,Medium (201–1 000),4,$75k–$100k,Remote,No,5.4,6.1,1.9,8.2,5.4,5.6,7.3,5.9,1.0,6.7,4.0,Depression,Self-reported,0,Easy,No,0,Yes,None,No,1
658,31,Male,USA,FinTech,Mobile Developer,Medium (201–1 000),20,$75k–$100k,Remote,Was already remote,1.7,9.6,2.9,3.0,7.9,7.9,9.0,6.0,1.4,3.4,8.0,None,N/A,0,Easy,Don't know,0,Yes,None,N/A,0
659,33,Non-binary,New Zealand,AI/ML startup,Cloud Architect,Medium (201–1 000),6,$75k–$100k,Remote,No,4.7,6.0,0.4,4.6,6.8,8.2,9.3,5.4,3.7,5.1,5.6,None,N/A,0,Easy,No,0,Yes,None,N/A,0
660,30,Female,USA,Government/Public sector,Cloud Architect,Medium (201–1 000),0,$50k–$75k,In-person,Yes,6.9,6.0,4.2,5.3,6.3,5.5,7.0,4.6,1.2,5.5,5.1,None,N/A,0,Moderate,Yes,0,Yes,None,N/A,0
661,27,Female,Singapore,Gaming,DevOps/SRE,Startup (1–50),4,$100k–$150k,Remote,Yes,4.8,7.2,4.5,4.8,7.5,7.1,8.3,5.7,2.7,5.0,6.8,None,N/A,0,Moderate,Yes,0,No,None,N/A,0
662,27,Non-binary,USA,Consulting/Agency,Cloud Architect,Large (1 001–5 000),0,$100k–$150k,In-person,No,5.1,5.1,0.5,7.7,5.5,5.4,10.0,6.0,4.2,5.0,6.4,Burnout,Self-reported,0,Difficult,Yes,0,No,None,Yes,1
663,31,Male,Mexico,HealthTech,CTO/VP Engineering,Enterprise (5 000+),4,$150k–$200k,Remote,Yes,5.5,6.9,0.8,6.2,4.8,5.2,8.0,6.4,4.2,4.5,6.3,None,N/A,0,Moderate,Yes,0,No,None,N/A,0
664,27,Female,UK,FinTech,Engineering Manager,Enterprise (5 000+),2,$75k–$100k,Remote,Was already remote,6.4,5.8,0.0,5.0,6.3,7.0,8.5,5.5,4.6,7.9,4.1,None,N/A,1,Easy,Don't know,0,No,None,N/A,0
665,26,Male,India,E-commerce,Software Engineer,Large (1 001–5 000),5,$100k–$150k,Hybrid,Yes,9.0,8.4,6.6,7.6,5.1,4.1,6.4,6.5,4.0,7.9,4.7,Other,Formally diagnosed,1,Easy,Yes,0,No,>2 weeks,Yes,1
666,32,Male,USA,FinTech,Data Scientist,Medium (201–1 000),4,$100k–$150k,Remote,No,5.9,6.3,0.7,9.6,3.6,6.8,8.1,2.8,2.8,4.3,7.0,None,N/A,0,Moderate,Yes,0,No,None,N/A,0
667,30,Female,USA,AI/ML startup,Data Scientist,Medium (201–1 000),1,>$200k,In-person,Yes,10.0,4.6,7.8,7.7,3.8,5.7,3.6,5.7,2.7,9.0,1.9,Burnout,Not sure / undiagnosed,1,Moderate,No,0,No,4–7 days,Partially,1
668,43,Female,Netherlands,Government/Public sector,Security Engineer,Large (1 001–5 000),0,$75k–$100k,Remote,Yes,10.0,6.1,1.6,5.3,3.4,4.9,2.1,9.0,3.5,5.8,4.0,Burnout,Not sure / undiagnosed,0,Difficult,Yes,0,Yes,1–3 days,Yes,1
669,18,Male,Germany,Cybersecurity,Data Analyst,Large (1 001–5 000),2,$75k–$100k,In-person,Yes,9.0,6.0,0.8,6.9,5.8,3.0,5.8,6.4,4.0,5.7,5.8,Depression,Not sure / undiagnosed,0,Moderate,Yes,0,No,1–3 days,No,1
670,40,Male,Mexico,Big Tech,Security Engineer,Medium (201–1 000),23,$100k–$150k,Hybrid,No,7.8,7.1,0.0,5.1,5.9,6.2,8.5,5.9,4.1,6.1,5.5,Anxiety & Depression,Not sure / undiagnosed,1,Difficult,No,0,Yes,1–3 days,Yes,1
671,41,Female,Canada,Gaming,ML/AI Engineer,Enterprise (5 000+),3,$150k–$200k,In-person,No,6.6,5.5,0.0,8.0,2.6,5.9,8.1,6.4,3.5,7.7,5.1,None,N/A,0,Moderate,Yes,0,Yes,None,N/A,0
672,18,Male,Singapore,FinTech,Backend Developer,Small (51–200),7,>$200k,Hybrid,Yes,8.7,7.7,0.0,6.8,8.0,3.8,6.2,10.0,3.9,8.4,5.3,Anxiety,Formally diagnosed,0,Easy,Yes,0,No,>2 weeks,No,1
673,29,Male,Canada,E-commerce,Cloud Architect,Medium (201–1 000),0,$100k–$150k,In-person,Yes,9.8,6.1,0.0,8.9,8.1,2.8,6.7,8.8,5.3,6.3,5.8,Depression,Self-reported,1,Easy,Don't know,0,Yes,1–2 weeks,No,1
674,29,Male,Italy,SaaS/Software,QA/Test Engineer,Enterprise (5 000+),2,$150k–$200k,Remote,No,6.2,5.7,0.7,6.6,5.5,7.0,7.0,6.7,5.0,5.8,5.0,None,N/A,0,Easy,Don't know,0,No,None,N/A,0
675,21,Male,South Africa,FinTech,QA/Test Engineer,Enterprise (5 000+),4,$100k–$150k,Remote,No,6.5,6.6,0.2,6.8,7.7,7.9,8.3,5.6,3.4,7.4,5.2,None,N/A,0,Moderate,No,0,No,None,N/A,0
676,26,Female,UK,E-commerce,Full-Stack Developer,Large (1 001–5 000),7,<$50k,Hybrid,Yes,7.4,7.0,3.1,3.6,5.0,6.4,5.9,5.2,4.5,6.4,4.2,Other,Self-reported,1,Easy,Don't know,0,Yes,None,Partially,1
677,23,Male,Ireland,Cybersecurity,Backend Developer,Small (51–200),4,>$200k,In-person,Was already remote,5.8,7.2,1.0,2.9,2.8,4.6,7.0,7.7,3.5,7.3,4.8,None,N/A,0,Difficult,Don't know,0,No,None,N/A,0
678,45,Male,Japan,E-commerce,Data Scientist,Small (51–200),3,$75k–$100k,Hybrid,Yes,8.7,4.7,3.4,7.0,5.6,7.0,4.9,7.4,1.0,8.0,4.0,Depression,Self-reported,0,Easy,Yes,1,No,1–3 days,No,1
679,39,Male,USA,E-commerce,CTO/VP Engineering,Startup (1–50),7,$50k–$75k,Remote,Was already remote,3.8,4.9,0.9,3.4,5.1,6.6,7.1,6.2,1.0,6.7,4.0,Anxiety,Formally diagnosed,1,Difficult,No,0,No,None,Yes,1
680,41,Female,India,Government/Public sector,QA/Test Engineer,Large (1 001–5 000),2,>$200k,Remote,Yes,6.6,4.9,0.4,4.8,6.4,8.0,6.7,8.8,4.4,6.3,5.7,Burnout,Formally diagnosed,1,Moderate,Yes,1,No,4–7 days,No,1
681,37,Male,USA,Government/Public sector,Software Engineer,Medium (201–1 000),0,$75k–$100k,Hybrid,No,3.9,7.3,5.7,7.2,7.3,8.3,10.0,6.0,3.9,4.9,6.1,None,N/A,0,Difficult,Yes,0,Yes,None,N/A,0
682,23,Male,Brazil,FinTech,Mobile Developer,Medium (201–1 000),2,$50k–$75k,Remote,Yes,5.9,7.0,3.3,5.7,8.1,7.5,7.8,5.0,4.1,7.8,4.0,Depression,Self-reported,1,Moderate,Don't know,0,Yes,1–2 weeks,Yes,1
683,28,Male,USA,Consulting/Agency,Engineering Manager,Medium (201–1 000),0,$75k–$100k,Hybrid,No,4.7,3.9,0.4,4.3,3.9,5.3,8.1,6.7,1.4,7.9,3.2,None,N/A,0,Difficult,Don't know,0,No,None,N/A,0
684,35,Female,USA,Government/Public sector,Full-Stack Developer,Medium (201–1 000),18,$100k–$150k,In-person,No,5.9,6.9,11.0,5.2,9.9,7.0,9.9,3.2,1.6,5.0,7.1,None,N/A,0,Moderate,Yes,0,No,None,N/A,0
685,22,Female,UK,Big Tech,DevOps/SRE,Medium (201–1 000),4,$50k–$75k,Hybrid,Yes,3.0,6.4,5.6,9.3,4.0,9.6,7.5,7.3,2.4,2.2,8.9,Depression,Self-reported,1,Difficult,Yes,1,No,1–3 days,Partially,1
686,37,Female,Germany,Big Tech,DevOps/SRE,Enterprise (5 000+),3,$75k–$100k,Hybrid,Yes,7.1,5.0,2.2,6.6,5.9,7.2,6.1,4.6,4.9,4.9,5.8,Burnout,Formally diagnosed,0,Moderate,Don't know,0,No,None,Yes,1
687,30,Non-binary,Japan,Gaming,Full-Stack Developer,Startup (1–50),13,$100k–$150k,Hybrid,Yes,5.3,6.0,1.4,7.3,6.7,4.6,7.4,6.9,3.1,6.3,5.5,None,N/A,0,No access,Yes,0,Yes,None,N/A,0
688,29,Female,New Zealand,HealthTech,ML/AI Engineer,Large (1 001–5 000),12,>$200k,Hybrid,No,7.9,6.2,0.0,6.6,5.4,3.6,7.2,9.5,4.9,5.1,6.7,Burnout,Not sure / undiagnosed,1,No access,No,0,Yes,None,Partially,1
689,37,Female,Canada,Cybersecurity,Product Manager,Medium (201–1 000),2,$75k–$100k,Hybrid,Was already remote,5.9,6.5,1.3,9.2,1.7,6.5,10.0,6.2,4.5,4.4,6.7,None,N/A,0,No access,Don't know,0,Yes,None,N/A,0
690,35,Male,USA,Consulting/Agency,Software Engineer,Large (1 001–5 000),11,$100k–$150k,In-person,Yes,7.5,3.8,0.7,7.1,3.4,3.2,10.0,7.4,4.4,7.9,3.8,Depression,Self-reported,1,Difficult,Yes,1,No,None,No,1
691,29,Male,France,Big Tech,QA/Test Engineer,Enterprise (5 000+),0,$100k–$150k,Hybrid,No,5.2,8.4,0.2,7.5,5.2,6.4,8.0,5.4,2.7,6.5,3.7,Depression & Burnout,Not sure / undiagnosed,1,Easy,Yes,0,No,1–3 days,Yes,1
692,40,Prefer not to say,Germany,AI/ML startup,ML/AI Engineer,Small (51–200),11,$50k–$75k,In-person,Yes,7.4,7.0,4.7,3.2,6.3,4.8,5.6,8.1,4.7,8.9,2.7,Anxiety,Formally diagnosed,0,Difficult,Don't know,0,No,4–7 days,Partially,1
693,23,Male,Canada,Big Tech,Software Engineer,Startup (1–50),2,$75k–$100k,Remote,Yes,9.8,5.9,0.5,6.2,3.9,4.2,5.0,6.9,4.4,7.3,3.8,None,N/A,0,Easy,Yes,0,Yes,None,N/A,0
694,36,Male,USA,E-commerce,Data Analyst,Small (51–200),4,$100k–$150k,Hybrid,Yes,4.6,5.0,7.8,6.0,6.8,7.6,7.6,5.7,2.1,6.2,8.7,Anxiety & Depression,Not sure / undiagnosed,1,Difficult,No,0,Yes,4–7 days,No,1
695,36,Female,Canada,Cybersecurity,QA/Test Engineer,Small (51–200),1,$150k–$200k,Hybrid,Yes,7.5,5.4,0.0,4.3,6.7,4.1,9.1,3.2,2.9,6.2,6.7,Anxiety & Depression,Self-reported,1,No access,Yes,1,No,None,Partially,1
696,29,Male,UK,Gaming,Engineering Manager,Large (1 001–5 000),23,$75k–$100k,In-person,Yes,3.8,7.0,1.7,3.7,7.2,7.1,10.0,6.8,2.6,6.1,5.7,Depression,Formally diagnosed,1,Moderate,Yes,1,Yes,1–3 days,No,1
697,34,Female,Netherlands,FinTech,Security Engineer,Startup (1–50),0,<$50k,Hybrid,Was already remote,5.8,7.5,0.9,5.8,5.8,5.8,8.5,5.7,3.0,6.4,4.6,Depression,Formally diagnosed,0,Easy,Yes,0,No,4–7 days,Yes,1
698,22,Female,Germany,Big Tech,Data Analyst,Startup (1–50),3,<$50k,Hybrid,Was already remote,2.7,8.5,7.7,10.0,5.1,7.0,7.1,9.3,4.4,5.2,6.8,None,N/A,0,Difficult,Yes,0,Yes,None,N/A,0
699,38,Male,Singapore,HealthTech,Data Scientist,Large (1 001–5 000),5,$100k–$150k,Remote,Was already remote,7.2,9.1,1.9,4.5,6.8,6.0,8.3,2.8,4.3,8.4,5.3,None,N/A,0,Difficult,Yes,0,Yes,None,N/A,0
700,30,Female,Germany,Gaming,Backend Developer,Medium (201–1 000),5,$100k–$150k,Hybrid,Was already remote,4.9,7.0,0.6,6.8,5.6,6.1,5.0,8.2,2.4,3.7,6.1,None,N/A,0,Easy,Don't know,0,Yes,None,N/A,0
701,28,Male,USA,Big Tech,Engineering Manager,Medium (201–1 000),7,$100k–$150k,In-person,No,7.3,5.6,0.9,6.2,8.4,7.1,5.8,6.8,3.7,5.7,6.2,Anxiety & Depression,Formally diagnosed,0,Moderate,Yes,1,Yes,4–7 days,Yes,1
702,39,Male,Japan,Consulting/Agency,Mobile Developer,Medium (201–1 000),7,$150k–$200k,Hybrid,Yes,6.5,7.3,9.6,7.5,3.7,2.8,6.8,5.9,2.9,7.3,4.1,Anxiety & Depression,Self-reported,0,Moderate,Yes,0,Yes,1–2 weeks,Yes,1
703,26,Female,Germany,Consulting/Agency,CTO/VP Engineering,Large (1 001–5 000),8,>$200k,Remote,No,5.6,5.6,2.6,10.0,9.0,8.6,9.3,9.4,2.3,3.8,7.9,None,N/A,0,Easy,Yes,0,Yes,None,N/A,0
704,21,Female,USA,Gaming,Cloud Architect,Startup (1–50),1,>$200k,Remote,No,7.4,6.7,0.0,2.5,7.1,3.2,8.5,8.2,3.5,8.8,2.9,Depression,Self-reported,1,Difficult,Don't know,0,No,None,No,1
705,20,Female,India,FinTech,Security Engineer,Medium (201–1 000),2,$100k–$150k,Remote,No,7.9,8.5,0.0,4.6,5.9,7.4,6.6,5.0,4.3,6.0,7.6,Anxiety,Formally diagnosed,1,Moderate,Don't know,0,Yes,None,Partially,1
706,36,Male,UK,AI/ML startup,Data Scientist,Large (1 001–5 000),2,$100k–$150k,Remote,No,5.2,6.4,0.9,9.3,6.3,6.6,7.0,4.7,3.3,6.9,5.0,None,N/A,0,No access,Yes,0,Yes,None,N/A,0
707,22,Female,Japan,AI/ML startup,DevOps/SRE,Medium (201–1 000),17,$50k–$75k,Remote,No,8.0,5.4,2.6,7.1,6.0,6.6,7.3,8.1,5.6,6.2,6.6,Burnout,Formally diagnosed,1,Difficult,Don't know,0,No,None,Yes,1
708,45,Male,Canada,Big Tech,Engineering Manager,Large (1 001–5 000),2,$75k–$100k,Remote,No,5.6,5.1,0.8,5.5,5.8,6.4,7.2,8.4,3.2,6.1,5.5,None,N/A,0,Difficult,Don't know,0,No,None,N/A,0
709,18,Non-binary,France,Big Tech,ML/AI Engineer,Large (1 001–5 000),1,$100k–$150k,Hybrid,Yes,1.1,7.8,7.7,5.7,8.4,7.4,9.9,5.5,1.8,4.1,8.3,None,N/A,0,Difficult,No,0,No,None,N/A,0
710,44,Male,USA,Gaming,Full-Stack Developer,Large (1 001–5 000),5,>$200k,Remote,No,6.4,4.8,3.1,3.3,8.9,6.5,7.1,8.4,5.1,2.8,8.6,None,N/A,1,Moderate,Don't know,0,Yes,None,N/A,0
711,33,Female,UK,SaaS/Software,Data Scientist,Large (1 001–5 000),3,$50k–$75k,In-person,Yes,4.8,5.6,1.3,7.1,6.6,6.0,8.9,9.4,1.3,6.2,5.7,Anxiety,Not sure / undiagnosed,1,Easy,No,0,No,1–2 weeks,No,1
712,31,Male,Italy,E-commerce,ML/AI Engineer,Large (1 001–5 000),1,$150k–$200k,In-person,Yes,5.3,5.2,1.7,6.6,7.0,4.5,6.7,7.5,4.8,4.9,4.3,None,N/A,0,Moderate,No,0,Yes,None,N/A,0
713,27,Male,Sweden,E-commerce,Frontend Developer,Large (1 001–5 000),6,>$200k,Hybrid,Was already remote,2.4,8.5,2.4,6.4,3.7,5.3,8.7,7.7,1.0,4.3,7.8,None,N/A,0,Easy,Yes,0,Yes,None,N/A,0
714,34,Male,USA,HealthTech,DevOps/SRE,Large (1 001–5 000),1,$150k–$200k,Remote,No,6.5,6.3,0.9,5.4,4.8,2.6,5.5,9.5,2.3,6.1,4.8,None,N/A,0,No access,No,0,No,None,N/A,0
715,31,Female,USA,Big Tech,QA/Test Engineer,Medium (201–1 000),5,$150k–$200k,Remote,Was already remote,4.8,8.4,3.5,6.8,6.7,6.8,7.3,6.5,4.0,2.9,7.0,ADHD,Not sure / undiagnosed,1,Easy,Yes,1,No,None,No,1
716,40,Male,UK,HealthTech,ML/AI Engineer,Small (51–200),3,$75k–$100k,In-person,No,5.1,7.0,0.8,4.7,5.7,9.0,8.9,7.6,3.5,4.2,7.4,Anxiety & Depression,Formally diagnosed,0,Easy,No,0,No,None,No,1
717,32,Non-binary,India,Gaming,Software Engineer,Small (51–200),2,<$50k,Hybrid,Yes,7.9,5.7,0.4,5.2,6.7,2.9,6.8,6.0,2.1,8.4,5.3,None,N/A,0,Easy,No,0,No,None,N/A,0
718,33,Male,Netherlands,FinTech,Cloud Architect,Small (51–200),16,$75k–$100k,Remote,Was already remote,2.2,8.1,1.1,7.1,3.4,10.0,5.0,6.2,3.8,3.7,6.5,Burnout,Formally diagnosed,0,Difficult,Don't know,0,Yes,1–3 days,No,1
719,29,Male,France,Cybersecurity,QA/Test Engineer,Medium (201–1 000),2,$150k–$200k,Remote,Yes,6.7,7.1,1.2,5.6,6.4,6.6,7.3,7.1,5.5,4.7,5.9,Burnout,Self-reported,1,Moderate,Yes,0,No,None,No,1
720,31,Male,Canada,Cybersecurity,DevOps/SRE,Medium (201–1 000),2,$50k–$75k,Hybrid,Was already remote,6.7,7.7,0.0,6.5,10.0,5.6,7.3,4.5,1.0,3.9,8.0,Burnout,Not sure / undiagnosed,1,Easy,Yes,0,Yes,1–3 days,Yes,1
721,34,Female,Sweden,Big Tech,Data Scientist,Enterprise (5 000+),11,$75k–$100k,In-person,No,6.4,5.5,0.0,5.6,4.2,6.1,9.4,8.5,4.3,5.2,6.9,None,N/A,0,Difficult,Yes,0,Yes,None,N/A,0
722,19,Male,Canada,Big Tech,Frontend Developer,Enterprise (5 000+),0,$100k–$150k,Hybrid,Was already remote,8.0,6.2,2.8,7.3,6.5,4.9,7.2,7.8,1.7,6.0,5.4,None,N/A,1,Moderate,Don't know,0,Yes,None,N/A,0
723,21,Female,USA,SaaS/Software,CTO/VP Engineering,Large (1 001–5 000),0,$100k–$150k,Hybrid,Was already remote,7.6,5.0,0.0,5.4,5.1,4.4,9.9,4.8,5.4,6.7,5.3,ADHD,Self-reported,0,Moderate,Don't know,0,Yes,None,No,1
724,37,Non-binary,Germany,Gaming,Data Analyst,Enterprise (5 000+),1,$100k–$150k,Remote,Yes,6.2,6.8,0.0,7.0,7.7,4.3,9.2,3.9,5.1,5.8,4.5,Depression,Not sure / undiagnosed,0,Moderate,Don't know,0,Yes,1–3 days,No,1
725,33,Non-binary,Poland,FinTech,Mobile Developer,Enterprise (5 000+),4,>$200k,Hybrid,Was already remote,4.6,3.9,0.3,7.9,6.3,6.3,6.7,5.7,2.7,7.1,5.5,None,N/A,0,No access,Yes,0,No,None,N/A,0
726,30,Male,Sweden,Government/Public sector,Security Engineer,Enterprise (5 000+),2,<$50k,Remote,No,5.2,5.7,0.7,6.3,5.0,6.5,10.0,7.1,2.4,4.1,7.2,Burnout,Formally diagnosed,0,Moderate,Don't know,0,No,>2 weeks,Partially,1
727,32,Female,Germany,Gaming,CTO/VP Engineering,Startup (1–50),5,$100k–$150k,Remote,Yes,6.0,5.8,4.2,6.0,4.4,6.0,7.2,5.7,1.8,7.1,7.1,Burnout,Not sure / undiagnosed,1,No access,Yes,1,No,1–3 days,Partially,1
728,34,Female,India,Government/Public sector,Mobile Developer,Medium (201–1 000),0,$100k–$150k,Hybrid,Was already remote,1.8,7.5,0.9,5.6,6.8,8.5,9.0,7.8,1.9,2.0,9.6,None,N/A,0,Easy,Don't know,0,No,None,N/A,0
729,27,Male,Mexico,Consulting/Agency,Product Manager,Medium (201–1 000),1,$75k–$100k,Remote,Was already remote,5.1,7.9,4.5,6.0,5.1,6.3,6.3,3.8,1.3,4.2,5.1,Burnout,Formally diagnosed,1,Moderate,Don't know,0,No,None,Partially,1
730,26,Female,Canada,E-commerce,QA/Test Engineer,Startup (1–50),4,$100k–$150k,Remote,Yes,8.2,4.2,2.3,9.2,10.0,6.9,5.3,6.1,4.7,8.0,3.8,Depression,Self-reported,1,Difficult,Don't know,0,Yes,4–7 days,No,1
731,33,Male,UK,Big Tech,QA/Test Engineer,Large (1 001–5 000),1,$100k–$150k,Hybrid,Was already remote,5.3,7.7,2.4,8.5,6.3,4.3,4.2,7.3,1.0,5.7,4.3,None,N/A,0,Difficult,Yes,0,No,None,N/A,0
732,24,Male,New Zealand,SaaS/Software,Engineering Manager,Startup (1–50),3,$100k–$150k,Remote,No,7.5,6.6,7.7,7.4,6.9,7.4,8.2,5.4,2.1,5.6,6.7,Other,Formally diagnosed,1,No access,Yes,1,No,None,Yes,1
733,35,Male,Japan,Big Tech,Full-Stack Developer,Medium (201–1 000),4,$50k–$75k,Remote,Yes,7.6,6.7,5.5,5.5,2.3,7.8,8.6,5.4,4.1,5.4,4.1,Anxiety,Not sure / undiagnosed,1,Easy,No,1,No,None,Yes,1
734,19,Male,UK,Cybersecurity,Security Engineer,Startup (1–50),19,$150k–$200k,Remote,No,8.2,5.8,1.0,8.9,6.2,5.9,7.4,8.4,3.3,5.6,5.0,None,N/A,0,Difficult,Don't know,0,No,None,N/A,0
735,39,Male,Canada,Big Tech,Data Scientist,Medium (201–1 000),0,>$200k,In-person,Was already remote,5.4,7.5,0.0,9.9,2.7,5.5,7.9,7.0,2.9,6.1,7.4,Anxiety & Burnout,Formally diagnosed,0,Moderate,Yes,0,Yes,1–3 days,Yes,1
736,35,Male,UK,Cybersecurity,Security Engineer,Medium (201–1 000),3,$50k–$75k,In-person,No,5.5,6.5,4.2,3.0,5.4,6.5,7.0,7.7,3.6,6.1,4.7,Depression & Burnout,Self-reported,1,Easy,No,0,Yes,1–2 weeks,Partially,1
737,33,Female,USA,HealthTech,QA/Test Engineer,Large (1 001–5 000),2,$75k–$100k,Hybrid,No,6.6,5.5,0.0,6.2,7.7,6.5,7.6,8.7,5.9,5.0,6.6,Anxiety & Depression,Self-reported,1,Easy,Yes,0,Yes,None,No,1
738,39,Male,Poland,Big Tech,Full-Stack Developer,Small (51–200),9,$100k–$150k,Hybrid,Was already remote,4.6,6.7,1.3,6.7,9.3,5.7,8.3,6.6,3.1,6.4,3.6,Anxiety & Burnout,Not sure / undiagnosed,0,Easy,Don't know,0,Yes,None,Partially,1
739,44,Male,UK,Gaming,Security Engineer,Medium (201–1 000),12,$50k–$75k,In-person,Was already remote,4.7,7.0,2.5,5.6,8.2,5.9,9.8,7.0,4.3,4.9,5.6,Depression,Formally diagnosed,1,Easy,Yes,1,Yes,None,No,1
740,39,Male,Singapore,Government/Public sector,DevOps/SRE,Large (1 001–5 000),13,$100k–$150k,Remote,Yes,7.8,5.0,0.0,3.5,6.2,9.1,7.1,8.2,3.7,7.9,7.6,Anxiety & Burnout,Self-reported,1,Moderate,Yes,0,Yes,1–2 weeks,No,1
741,18,Female,USA,Gaming,Mobile Developer,Large (1 001–5 000),2,$50k–$75k,Hybrid,Yes,4.7,4.2,4.1,4.8,8.5,5.5,7.0,9.6,1.7,5.5,6.6,Burnout,Self-reported,0,No access,Don't know,0,No,4–7 days,No,1
742,22,Female,Germany,AI/ML startup,Security Engineer,Small (51–200),1,>$200k,Hybrid,Yes,6.9,7.1,0.8,9.0,9.5,6.4,7.9,7.9,2.3,4.6,6.0,None,N/A,0,Moderate,Yes,0,Yes,None,N/A,0
743,27,Female,USA,Cybersecurity,Mobile Developer,Startup (1–50),3,$100k–$150k,In-person,No,6.7,5.6,1.1,4.6,3.9,5.8,6.7,9.9,3.2,5.9,5.6,Anxiety & Depression,Formally diagnosed,0,Easy,Yes,0,Yes,None,Yes,1
744,32,Female,Netherlands,Consulting/Agency,Mobile Developer,Startup (1–50),2,>$200k,Remote,Was already remote,6.0,3.8,3.4,5.2,8.1,6.6,9.1,9.5,2.9,7.7,4.9,Anxiety,Formally diagnosed,1,Moderate,No,0,Yes,4–7 days,No,1
745,35,Male,Germany,AI/ML startup,Cloud Architect,Large (1 001–5 000),6,<$50k,Remote,Yes,6.5,6.6,1.4,6.7,4.4,8.0,7.6,3.5,1.9,5.7,6.4,Depression & Burnout,Self-reported,1,No access,Yes,0,Yes,None,No,1
746,26,Female,India,HealthTech,QA/Test Engineer,Medium (201–1 000),1,$50k–$75k,In-person,Yes,7.2,6.1,0.3,6.4,5.5,7.3,9.7,8.2,1.5,5.9,6.1,Burnout,Formally diagnosed,0,Difficult,Yes,0,Yes,None,Partially,1
747,33,Male,USA,Gaming,Frontend Developer,Startup (1–50),5,$100k–$150k,In-person,Was already remote,8.6,4.5,0.0,5.4,6.8,6.6,6.9,5.2,3.0,6.2,6.2,None,N/A,0,Easy,Don't know,0,No,None,N/A,0
748,26,Male,USA,Consulting/Agency,Software Engineer,Small (51–200),14,$150k–$200k,Remote,Was already remote,4.3,6.2,4.7,7.9,8.3,8.2,10.0,8.8,3.0,9.1,4.8,Anxiety,Formally diagnosed,1,Easy,Yes,1,Yes,1–3 days,No,1
749,27,Female,USA,Government/Public sector,Product Manager,Large (1 001–5 000),1,$100k–$150k,Remote,Yes,4.2,8.0,5.1,7.8,5.5,9.0,8.6,8.9,2.4,4.3,7.1,None,N/A,0,Moderate,Yes,0,Yes,None,N/A,0
750,21,Male,USA,FinTech,DevOps/SRE,Medium (201–1 000),6,$150k–$200k,Remote,Yes,5.8,4.9,0.5,4.7,3.7,5.1,9.0,8.0,3.0,8.5,9.0,None,N/A,0,Easy,Yes,0,No,None,N/A,0
751,25,Female,India,SaaS/Software,Mobile Developer,Medium (201–1 000),0,$100k–$150k,Remote,Was already remote,6.6,5.8,0.9,3.9,2.4,3.9,7.3,3.8,4.7,8.1,4.1,Depression,Formally diagnosed,1,No access,Don't know,0,Yes,None,No,1
752,21,Female,Germany,Big Tech,Mobile Developer,Large (1 001–5 000),0,<$50k,Remote,No,6.5,6.9,10.6,7.2,5.3,2.6,6.5,7.1,1.0,5.6,6.9,Burnout,Formally diagnosed,1,Difficult,No,0,No,None,No,1
753,24,Male,India,Big Tech,Mobile Developer,Startup (1–50),0,$100k–$150k,In-person,No,9.1,4.2,13.4,6.3,8.7,3.6,4.8,8.8,5.6,9.2,4.7,Anxiety,Formally diagnosed,0,Easy,Yes,0,No,1–3 days,No,1
754,39,Male,Germany,FinTech,Data Analyst,Small (51–200),0,$100k–$150k,Hybrid,No,4.3,9.0,3.3,7.3,4.9,8.7,9.1,7.1,4.1,3.8,6.9,None,N/A,0,Moderate,Yes,0,Yes,None,N/A,0
755,24,Male,USA,Big Tech,CTO/VP Engineering,Medium (201–1 000),1,$50k–$75k,Hybrid,No,3.0,8.2,5.5,6.3,8.1,7.2,10.0,6.9,1.1,4.3,8.2,None,N/A,0,Easy,No,0,Yes,None,N/A,0
756,51,Non-binary,USA,Gaming,CTO/VP Engineering,Small (51–200),4,$50k–$75k,Hybrid,No,6.9,8.3,4.3,5.4,4.3,4.4,6.1,5.4,2.7,7.7,4.9,Burnout,Self-reported,1,Difficult,Yes,1,No,4–7 days,Partially,1
757,35,Female,USA,FinTech,Data Scientist,Enterprise (5 000+),8,$100k–$150k,Remote,Yes,6.4,6.5,1.4,6.0,6.1,9.7,6.4,7.0,2.3,6.3,7.1,None,N/A,0,Moderate,No,0,Yes,None,N/A,0
758,33,Male,Japan,AI/ML startup,Data Scientist,Medium (201–1 000),0,$100k–$150k,Remote,No,5.8,8.3,0.0,9.0,6.5,5.4,10.0,5.1,1.0,3.7,7.7,Anxiety,Formally diagnosed,0,Moderate,No,0,No,None,No,1
759,25,Male,India,AI/ML startup,Data Scientist,Large (1 001–5 000),11,$150k–$200k,In-person,Was already remote,7.5,6.4,4.0,5.1,7.5,3.6,9.2,7.5,3.8,6.8,4.9,None,N/A,0,Difficult,Yes,0,Yes,None,N/A,0
760,37,Female,USA,HealthTech,Frontend Developer,Small (51–200),10,$75k–$100k,Remote,Was already remote,3.1,6.9,1.1,6.0,3.8,6.5,10.0,5.9,1.0,6.2,7.8,None,N/A,0,Difficult,Yes,0,Yes,None,N/A,0
761,27,Female,USA,SaaS/Software,Cloud Architect,Small (51–200),7,$100k–$150k,Hybrid,No,2.9,6.0,1.8,3.8,5.3,8.1,10.0,3.6,2.4,2.8,8.1,None,N/A,0,No access,Don't know,0,No,None,N/A,0
762,32,Male,Singapore,E-commerce,Mobile Developer,Small (51–200),3,$100k–$150k,Remote,No,2.4,7.7,2.1,3.5,8.1,5.9,10.0,3.9,2.1,5.2,8.9,None,N/A,0,Difficult,Don't know,0,Yes,None,N/A,0
763,51,Male,France,FinTech,Cloud Architect,Large (1 001–5 000),0,$100k–$150k,Hybrid,Yes,4.7,6.1,1.6,4.1,3.1,7.0,10.0,6.5,3.9,5.4,5.7,None,N/A,0,Difficult,No,0,Yes,None,N/A,0
764,31,Female,Australia,E-commerce,DevOps/SRE,Small (51–200),7,$100k–$150k,In-person,Yes,8.2,5.3,1.3,3.0,7.3,2.9,7.7,5.6,3.4,6.6,4.8,None,N/A,0,Moderate,Don't know,0,Yes,None,N/A,0
765,40,Male,UK,Big Tech,CTO/VP Engineering,Medium (201–1 000),11,$150k–$200k,Hybrid,Was already remote,3.3,7.3,2.9,4.1,3.4,7.5,10.0,7.9,3.5,3.6,7.3,None,N/A,0,Moderate,No,0,No,None,N/A,0
766,26,Male,USA,FinTech,QA/Test Engineer,Large (1 001–5 000),2,$100k–$150k,In-person,Yes,6.1,8.5,2.0,7.3,5.6,6.2,6.6,6.7,2.4,6.1,5.7,None,N/A,0,Moderate,No,1,No,None,N/A,0
767,31,Non-binary,Italy,SaaS/Software,Frontend Developer,Enterprise (5 000+),6,$150k–$200k,Hybrid,Yes,6.5,7.9,0.2,7.7,6.0,4.9,6.4,9.2,4.0,5.2,6.7,Anxiety & Burnout,Formally diagnosed,1,Moderate,Yes,0,No,4–7 days,No,1
768,45,Female,Sweden,HealthTech,Full-Stack Developer,Small (51–200),0,$100k–$150k,In-person,No,8.8,6.9,2.6,4.0,4.5,4.0,7.9,9.8,4.7,9.0,3.8,Anxiety,Not sure / undiagnosed,1,No access,Yes,1,Yes,None,Partially,1
769,27,Male,USA,Government/Public sector,Cloud Architect,Startup (1–50),6,$50k–$75k,In-person,No,4.4,6.9,5.6,4.0,7.5,2.9,7.0,8.0,4.0,5.6,5.9,Depression,Self-reported,1,Difficult,Yes,0,Yes,1–3 days,Yes,1
770,45,Male,Japan,AI/ML startup,Data Scientist,Small (51–200),0,$75k–$100k,Hybrid,No,4.4,7.0,2.3,6.2,6.2,6.8,10.0,7.7,2.7,5.7,6.5,ADHD,Self-reported,1,Easy,Don't know,0,Yes,None,Yes,1
771,37,Male,Netherlands,Cybersecurity,Data Analyst,Large (1 001–5 000),4,$75k–$100k,Remote,No,7.9,7.8,5.6,10.0,7.1,5.7,5.7,4.3,2.3,3.7,6.9,None,N/A,0,Moderate,No,0,No,None,N/A,0
772,27,Male,USA,Cybersecurity,Security Engineer,Small (51–200),5,$50k–$75k,Hybrid,No,4.1,7.6,2.3,5.1,4.6,5.0,9.5,6.3,3.3,5.0,6.0,None,N/A,0,Difficult,No,0,Yes,None,N/A,0
773,36,Female,UK,AI/ML startup,Mobile Developer,Medium (201–1 000),1,$100k–$150k,Remote,Yes,8.2,3.2,2.1,5.8,8.5,7.9,7.0,6.1,4.1,6.3,3.8,Anxiety & Depression,Not sure / undiagnosed,0,Moderate,Yes,0,Yes,4–7 days,No,1
774,39,Male,USA,Big Tech,Full-Stack Developer,Medium (201–1 000),0,$100k–$150k,Remote,Was already remote,6.6,9.1,0.0,8.8,7.5,6.5,6.3,6.9,3.0,5.3,6.3,Depression,Not sure / undiagnosed,0,Easy,Don't know,0,Yes,None,No,1
775,36,Female,USA,HealthTech,Cloud Architect,Small (51–200),16,$100k–$150k,In-person,Was already remote,2.8,7.2,1.2,8.6,5.5,6.1,9.2,6.5,1.0,6.1,7.0,None,N/A,0,Moderate,Yes,0,Yes,None,N/A,0
776,20,Non-binary,France,HealthTech,Product Manager,Startup (1–50),4,$100k–$150k,In-person,Yes,7.2,6.4,4.5,7.8,3.5,6.8,7.2,6.6,4.1,6.6,5.7,ADHD,Self-reported,0,Easy,No,1,Yes,None,Yes,1
777,26,Male,USA,Government/Public sector,Mobile Developer,Medium (201–1 000),4,$100k–$150k,Hybrid,No,6.8,6.6,0.5,8.3,8.6,2.9,7.9,6.7,3.1,5.9,5.5,ADHD,Not sure / undiagnosed,1,Moderate,Yes,1,No,4–7 days,No,1
778,30,Male,Brazil,Big Tech,QA/Test Engineer,Small (51–200),5,<$50k,Remote,Yes,5.6,6.7,0.2,8.8,3.9,5.4,6.3,6.8,1.0,4.5,4.9,Depression,Self-reported,0,Moderate,Yes,0,No,1–3 days,No,1
779,31,Male,Argentina,AI/ML startup,QA/Test Engineer,Small (51–200),12,$50k–$75k,Hybrid,No,4.9,6.6,3.0,5.4,6.8,5.7,8.8,8.5,2.9,4.7,7.7,None,N/A,0,No access,Yes,0,Yes,None,N/A,0
780,36,Non-binary,USA,Government/Public sector,Cloud Architect,Medium (201–1 000),0,$100k–$150k,Remote,No,8.9,4.3,0.0,7.4,6.1,2.8,7.4,7.7,3.7,10.0,3.0,Anxiety,Self-reported,1,No access,Yes,1,Yes,1–3 days,No,1
781,33,Female,Canada,Gaming,ML/AI Engineer,Large (1 001–5 000),12,$75k–$100k,Hybrid,Yes,1.6,6.2,5.0,5.6,5.7,6.8,10.0,5.6,3.7,2.5,9.2,None,N/A,0,Difficult,Yes,0,No,None,N/A,0
782,21,Male,Sweden,E-commerce,Cloud Architect,Startup (1–50),1,$50k–$75k,Remote,Yes,3.3,9.1,4.6,4.8,3.6,4.5,6.9,4.3,1.1,7.3,2.6,Depression,Not sure / undiagnosed,0,Moderate,Yes,0,Yes,1–3 days,Partially,1
783,34,Female,Sweden,Cybersecurity,Cloud Architect,Medium (201–1 000),0,$75k–$100k,Remote,No,5.0,6.0,2.1,7.4,3.9,5.1,9.1,4.4,2.6,3.4,6.9,Anxiety & Depression,Formally diagnosed,0,Easy,No,0,Yes,>2 weeks,No,1
784,36,Female,Netherlands,Consulting/Agency,Data Analyst,Small (51–200),5,$75k–$100k,Remote,Was already remote,6.9,7.6,3.5,6.0,8.8,6.6,6.6,5.9,3.7,4.9,7.4,Depression,Formally diagnosed,0,Moderate,Yes,0,No,1–2 weeks,Partially,1
785,36,Non-binary,UK,Cybersecurity,Frontend Developer,Large (1 001–5 000),20,<$50k,Hybrid,Yes,6.0,6.9,5.3,6.1,6.5,5.5,9.7,9.4,1.0,8.2,4.7,None,N/A,0,Moderate,No,0,Yes,None,N/A,0
786,40,Male,Canada,Big Tech,CTO/VP Engineering,Large (1 001–5 000),0,$75k–$100k,In-person,No,4.7,4.3,0.8,8.6,7.8,5.9,7.7,7.2,1.1,7.4,6.5,Anxiety & Burnout,Formally diagnosed,0,Difficult,No,0,Yes,4–7 days,Yes,1
787,38,Female,India,SaaS/Software,Mobile Developer,Large (1 001–5 000),3,<$50k,In-person,Yes,7.0,5.0,3.1,7.1,1.4,3.4,7.2,8.0,3.1,7.1,5.5,Depression,Formally diagnosed,0,Difficult,Don't know,0,Yes,None,Yes,1
788,35,Female,New Zealand,Cybersecurity,Frontend Developer,Medium (201–1 000),4,<$50k,In-person,Yes,2.9,6.4,4.7,6.1,4.9,5.8,10.0,4.8,1.0,6.8,4.6,Other,Not sure / undiagnosed,0,Difficult,No,0,Yes,1–3 days,Partially,1
789,31,Male,UK,FinTech,Backend Developer,Medium (201–1 000),1,$150k–$200k,Hybrid,Was already remote,6.7,7.2,0.3,6.2,7.5,5.1,6.6,5.7,4.2,7.7,4.3,None,N/A,0,No access,Yes,0,No,None,N/A,0
790,19,Male,Spain,HealthTech,Product Manager,Large (1 001–5 000),22,$75k–$100k,Remote,No,5.5,6.4,4.4,3.8,4.6,4.0,6.0,7.5,3.1,6.7,4.2,Burnout,Self-reported,1,Moderate,No,0,No,1–3 days,No,1
791,35,Male,USA,Cybersecurity,Data Scientist,Startup (1–50),5,$100k–$150k,Remote,No,7.2,7.1,3.8,7.7,2.3,7.1,2.5,6.6,3.7,5.7,6.7,ADHD,Self-reported,0,Easy,Yes,0,No,None,Yes,1
792,33,Male,Italy,FinTech,CTO/VP Engineering,Large (1 001–5 000),10,$75k–$100k,In-person,No,6.9,6.1,0.1,6.2,7.3,6.9,7.3,8.1,4.3,5.2,7.2,None,N/A,0,Difficult,Yes,0,No,None,N/A,0
793,34,Male,Australia,E-commerce,Mobile Developer,Large (1 001–5 000),2,>$200k,In-person,Was already remote,7.4,7.0,0.7,6.0,2.0,6.4,3.8,5.7,2.6,6.7,4.7,Anxiety,Not sure / undiagnosed,1,No access,Yes,1,Yes,1–3 days,Partially,1
794,22,Non-binary,Canada,Cybersecurity,ML/AI Engineer,Medium (201–1 000),2,$150k–$200k,Remote,Was already remote,4.9,5.6,9.9,9.5,6.8,4.4,5.9,7.9,1.0,4.6,5.6,None,N/A,0,Difficult,Yes,0,Yes,None,N/A,0
795,23,Male,India,Gaming,Full-Stack Developer,Medium (201–1 000),4,$75k–$100k,In-person,Was already remote,4.7,6.3,0.3,7.9,6.4,6.9,7.9,3.4,1.0,4.6,6.1,Anxiety,Formally diagnosed,0,Easy,Yes,0,Yes,None,Yes,1
796,39,Male,USA,Cybersecurity,CTO/VP Engineering,Large (1 001–5 000),3,$75k–$100k,In-person,Yes,6.4,6.8,0.5,6.8,5.3,4.5,8.4,7.7,4.3,7.4,4.6,Burnout,Formally diagnosed,1,Moderate,Yes,1,Yes,None,No,1
797,31,Female,USA,Cybersecurity,QA/Test Engineer,Startup (1–50),6,$50k–$75k,Hybrid,Was already remote,3.4,6.8,3.5,7.1,6.0,9.3,8.4,10.0,3.4,1.9,8.0,None,N/A,1,Moderate,Don't know,0,No,None,N/A,0
798,37,Male,USA,Big Tech,Backend Developer,Medium (201–1 000),1,$150k–$200k,Hybrid,Yes,10.0,5.7,10.7,8.5,5.9,4.4,4.0,7.3,3.5,9.6,3.2,None,N/A,0,Moderate,No,0,Yes,None,N/A,0
799,32,Male,USA,Consulting/Agency,Backend Developer,Small (51–200),3,$100k–$150k,In-person,Yes,8.9,6.0,0.0,6.0,7.5,5.9,5.8,8.6,5.6,7.8,3.8,Anxiety & Depression,Self-reported,1,Difficult,Yes,1,No,None,Partially,1
800,32,Female,UK,Gaming,Engineering Manager,Startup (1–50),12,$75k–$100k,In-person,Yes,3.2,8.1,6.4,7.8,6.9,4.5,5.6,5.2,2.9,6.5,5.3,None,N/A,0,Moderate,Don't know,0,No,None,N/A,0
801,39,Female,Netherlands,Cybersecurity,Product Manager,Small (51–200),7,>$200k,Remote,No,6.4,6.5,1.2,4.4,8.0,6.4,7.8,8.5,4.6,4.6,6.7,None,N/A,0,No access,Yes,0,Yes,None,N/A,0
802,28,Female,India,Cybersecurity,Software Engineer,Medium (201–1 000),1,$75k–$100k,Hybrid,Yes,8.1,6.0,0.6,6.9,10.0,8.9,9.7,4.8,4.4,6.4,6.5,Anxiety,Self-reported,0,Moderate,Don't know,0,Yes,1–3 days,No,1
803,32,Female,USA,Cybersecurity,QA/Test Engineer,Small (51–200),11,$100k–$150k,Remote,Yes,5.3,7.1,19.3,3.3,4.3,4.8,10.0,7.4,2.0,5.7,6.3,None,N/A,0,Difficult,Don't know,0,Yes,None,N/A,0
804,28,Male,Japan,FinTech,Frontend Developer,Large (1 001–5 000),4,$150k–$200k,Hybrid,No,4.7,7.5,6.0,6.7,5.6,6.6,6.6,8.7,5.6,3.4,7.8,None,N/A,1,Difficult,Yes,1,Yes,None,N/A,0
805,28,Non-binary,India,E-commerce,Full-Stack Developer,Medium (201–1 000),6,$150k–$200k,Remote,No,8.1,6.2,0.1,8.8,4.2,6.8,5.0,4.3,2.0,4.8,6.0,None,N/A,0,Difficult,No,0,No,None,N/A,0
806,29,Male,South Africa,SaaS/Software,Data Scientist,Startup (1–50),1,$100k–$150k,Remote,No,8.4,4.8,0.0,5.4,8.4,5.1,4.6,5.0,4.9,8.2,5.2,Depression,Self-reported,1,Moderate,Yes,0,Yes,1–3 days,Partially,1
807,33,Female,Australia,SaaS/Software,Security Engineer,Small (51–200),3,$150k–$200k,Remote,No,3.1,8.1,0.8,6.5,5.5,6.3,7.1,4.3,1.0,3.4,8.7,None,N/A,0,Easy,Yes,0,No,None,N/A,0
808,28,Male,USA,SaaS/Software,Mobile Developer,Startup (1–50),9,>$200k,Hybrid,Was already remote,6.2,7.2,2.0,5.1,5.6,7.6,6.1,2.8,4.8,6.6,5.4,None,N/A,0,Difficult,Yes,0,No,None,N/A,0
809,41,Non-binary,Canada,AI/ML startup,Data Scientist,Medium (201–1 000),2,>$200k,Hybrid,Was already remote,5.8,6.3,1.2,6.8,5.8,6.4,6.5,9.5,2.2,5.4,8.3,Anxiety & Depression,Formally diagnosed,1,Difficult,Yes,1,Yes,None,Yes,1
810,25,Female,India,SaaS/Software,Data Analyst,Small (51–200),0,$75k–$100k,Hybrid,Yes,2.8,7.9,2.3,4.3,4.3,9.5,10.0,8.1,4.4,5.4,6.4,None,N/A,0,Moderate,Don't know,0,No,None,N/A,0
811,30,Female,USA,Cybersecurity,Software Engineer,Large (1 001–5 000),2,$75k–$100k,Hybrid,Was already remote,3.1,9.3,2.5,4.3,1.2,6.4,10.0,4.9,3.4,1.2,8.4,None,N/A,0,Moderate,Yes,0,No,None,N/A,0
812,28,Male,USA,FinTech,Product Manager,Small (51–200),0,$75k–$100k,Remote,Yes,4.3,6.7,16.7,7.3,6.5,7.5,6.9,6.0,5.9,4.0,5.9,Depression,Self-reported,1,Moderate,No,0,Yes,None,No,1
813,42,Male,USA,Cybersecurity,Data Scientist,Medium (201–1 000),6,$150k–$200k,In-person,No,6.0,6.5,0.0,4.6,4.5,3.9,5.4,2.9,1.0,7.7,5.3,Anxiety & Burnout,Self-reported,1,Easy,Yes,0,Yes,None,Yes,1
814,33,Female,USA,Cybersecurity,ML/AI Engineer,Large (1 001–5 000),0,$50k–$75k,Remote,Was already remote,8.3,6.4,1.0,9.3,6.0,7.1,7.9,4.9,3.5,4.7,7.0,Anxiety,Formally diagnosed,0,Moderate,No,0,Yes,1–3 days,Partially,1
815,39,Female,Canada,HealthTech,Data Scientist,Medium (201–1 000),1,$75k–$100k,Hybrid,No,1.0,10.0,1.4,9.2,10.0,6.3,10.0,8.9,1.5,2.4,10.0,None,N/A,0,Easy,Yes,0,Yes,None,N/A,0
816,20,Male,Canada,Big Tech,Cloud Architect,Medium (201–1 000),11,<$50k,In-person,Was already remote,6.2,6.7,3.6,4.6,9.2,6.0,9.7,2.6,1.5,6.0,5.9,Anxiety,Not sure / undiagnosed,1,Moderate,Yes,1,Yes,1–3 days,No,1
817,34,Prefer not to say,USA,E-commerce,DevOps/SRE,Large (1 001–5 000),4,$100k–$150k,Hybrid,Was already remote,4.3,6.3,0.4,10.0,5.3,6.0,7.5,3.9,3.6,6.1,5.4,Anxiety & Depression,Formally diagnosed,0,Moderate,Don't know,0,Yes,None,No,1
818,38,Female,Australia,AI/ML startup,Cloud Architect,Small (51–200),2,$100k–$150k,Remote,Was already remote,7.0,4.9,4.5,6.3,6.6,6.1,5.6,6.9,1.1,5.5,5.6,ADHD,Not sure / undiagnosed,0,Difficult,Yes,0,No,None,No,1
819,32,Male,India,E-commerce,ML/AI Engineer,Enterprise (5 000+),4,$75k–$100k,Hybrid,Yes,7.8,5.8,6.3,6.4,7.1,5.4,8.2,7.9,2.4,8.1,6.5,Depression & Burnout,Formally diagnosed,0,Easy,Yes,0,No,None,Yes,1
820,39,Female,USA,SaaS/Software,Full-Stack Developer,Enterprise (5 000+),1,$150k–$200k,Hybrid,Was already remote,7.9,6.1,11.6,8.0,7.4,5.4,9.3,4.8,4.1,5.1,7.5,None,N/A,0,No access,Yes,0,Yes,None,N/A,0
821,28,Male,USA,Cybersecurity,Data Analyst,Small (51–200),0,$75k–$100k,Hybrid,Yes,5.8,7.3,0.2,9.0,4.5,6.1,7.9,4.6,1.0,6.1,5.1,Depression,Formally diagnosed,1,Easy,No,0,Yes,1–2 weeks,Yes,1
822,42,Male,USA,Gaming,Security Engineer,Enterprise (5 000+),5,$75k–$100k,Hybrid,No,5.4,6.7,13.4,9.0,4.9,4.2,10.0,5.5,1.4,4.7,9.2,None,N/A,0,Easy,Yes,0,Yes,None,N/A,0
823,49,Male,UK,Consulting/Agency,Data Scientist,Large (1 001–5 000),6,>$200k,In-person,Was already remote,8.4,6.1,0.9,10.0,7.4,5.1,6.1,5.7,4.6,6.4,6.8,Burnout,Self-reported,0,Easy,No,0,Yes,None,No,1
824,29,Female,USA,Consulting/Agency,Frontend Developer,Enterprise (5 000+),11,$100k–$150k,Remote,Was already remote,5.4,6.9,3.4,7.2,4.9,5.9,7.5,1.0,1.1,5.4,5.4,None,N/A,0,Easy,Yes,0,No,None,N/A,0
825,28,Female,UK,Big Tech,CTO/VP Engineering,Large (1 001–5 000),8,$75k–$100k,Hybrid,Yes,6.1,6.7,0.0,7.2,7.8,6.6,9.8,6.2,4.1,6.8,8.3,Anxiety,Self-reported,1,Moderate,Don't know,0,No,1–3 days,Yes,1
826,42,Male,India,AI/ML startup,Cloud Architect,Large (1 001–5 000),14,>$200k,Remote,Was already remote,5.2,8.1,1.6,7.3,4.8,7.6,8.3,4.0,3.4,7.0,6.7,Burnout,Formally diagnosed,1,Difficult,Yes,1,Yes,1–2 weeks,No,1
827,43,Female,Germany,FinTech,Engineering Manager,Startup (1–50),23,$75k–$100k,Remote,Was already remote,6.6,5.4,1.1,6.7,8.3,5.2,8.6,5.2,1.1,7.2,5.2,None,N/A,0,Difficult,Don't know,0,No,None,N/A,0
828,28,Female,USA,Big Tech,ML/AI Engineer,Medium (201–1 000),7,$100k–$150k,Remote,Was already remote,3.5,9.2,2.9,3.8,4.9,5.6,7.4,7.5,1.0,4.9,4.8,None,N/A,0,Easy,Don't know,0,Yes,None,N/A,0
829,28,Female,UK,HealthTech,Data Analyst,Small (51–200),11,$150k–$200k,Hybrid,Yes,5.5,8.2,0.4,2.5,6.8,6.7,7.4,5.1,3.2,6.6,5.9,Anxiety & Depression,Self-reported,1,No access,Yes,1,Yes,1–3 days,Partially,1
830,29,Male,India,Cybersecurity,Backend Developer,Small (51–200),6,$100k–$150k,In-person,Was already remote,6.2,7.7,3.8,4.5,7.7,5.2,5.3,6.0,3.3,5.8,5.2,None,N/A,0,Easy,Yes,0,Yes,None,N/A,0
831,21,Female,Japan,Government/Public sector,DevOps/SRE,Enterprise (5 000+),1,$100k–$150k,Remote,No,7.9,5.2,2.4,8.0,4.6,6.1,6.9,5.9,3.8,7.2,6.7,None,N/A,0,Moderate,Yes,0,Yes,None,N/A,0
832,25,Male,Netherlands,AI/ML startup,Engineering Manager,Startup (1–50),1,$75k–$100k,Hybrid,Yes,5.7,6.5,0.6,6.0,9.6,5.4,6.8,3.9,1.2,9.7,2.3,None,N/A,0,Moderate,Yes,0,Yes,None,N/A,0
833,24,Male,Germany,Cybersecurity,DevOps/SRE,Large (1 001–5 000),0,$100k–$150k,Hybrid,Was already remote,1.6,6.7,15.4,4.4,9.1,6.9,10.0,6.5,2.3,4.3,8.3,Anxiety & Depression,Formally diagnosed,0,Moderate,Yes,0,No,>2 weeks,No,1
834,26,Male,UK,Gaming,Full-Stack Developer,Small (51–200),15,$75k–$100k,Remote,Yes,4.9,5.9,0.0,8.7,5.8,5.7,7.8,7.8,3.5,6.3,7.7,Burnout,Not sure / undiagnosed,1,Easy,No,0,No,4–7 days,No,1
835,31,Male,UK,E-commerce,Cloud Architect,Startup (1–50),6,$100k–$150k,Hybrid,Yes,8.6,5.7,0.4,5.3,7.2,5.2,9.3,7.9,3.7,4.3,6.4,Depression,Formally diagnosed,0,Moderate,Yes,0,No,1–2 weeks,No,1
836,33,Female,Singapore,FinTech,ML/AI Engineer,Medium (201–1 000),8,$100k–$150k,Hybrid,Yes,6.3,6.4,0.7,2.1,6.9,5.0,8.1,5.6,7.3,7.3,2.9,None,N/A,0,Moderate,Yes,0,Yes,None,N/A,0
837,43,Male,USA,Consulting/Agency,Frontend Developer,Small (51–200),2,$100k–$150k,Remote,Yes,4.7,6.5,3.0,4.1,5.6,4.2,8.5,5.1,1.7,5.5,5.9,ADHD,Formally diagnosed,1,Difficult,No,0,No,>2 weeks,Partially,1
838,24,Female,Italy,AI/ML startup,Software Engineer,Enterprise (5 000+),3,$150k–$200k,Remote,No,4.2,7.0,7.9,5.3,2.5,7.1,7.5,6.9,2.7,5.0,6.6,Anxiety,Self-reported,1,Moderate,No,0,Yes,1–3 days,Partially,1
839,39,Male,Australia,AI/ML startup,Frontend Developer,Small (51–200),0,<$50k,Remote,Was already remote,6.7,7.3,3.3,4.9,5.3,6.4,7.5,10.0,3.1,5.4,5.9,Anxiety,Formally diagnosed,1,Easy,Yes,0,Yes,1–2 weeks,Yes,1
840,30,Male,Australia,E-commerce,Data Analyst,Small (51–200),12,$50k–$75k,Hybrid,Was already remote,4.8,7.7,0.2,6.2,3.1,8.9,9.4,7.5,1.1,4.0,7.8,None,N/A,0,Moderate,No,0,Yes,None,N/A,0
841,31,Prefer not to say,USA,Gaming,Cloud Architect,Startup (1–50),10,$50k–$75k,In-person,Yes,6.0,7.0,6.7,6.9,5.7,4.0,5.4,6.6,6.1,5.0,8.5,None,N/A,0,Easy,Yes,0,Yes,None,N/A,0
842,37,Female,India,Cybersecurity,Data Scientist,Small (51–200),8,>$200k,Hybrid,Yes,4.6,6.8,1.2,7.0,10.0,6.3,10.0,5.9,2.0,5.0,7.1,None,N/A,0,Difficult,Yes,0,No,None,N/A,0
843,23,Male,Canada,FinTech,Security Engineer,Startup (1–50),0,$150k–$200k,Hybrid,Yes,4.4,6.5,0.6,6.1,4.6,7.9,9.8,5.3,1.4,3.9,6.7,None,N/A,0,Easy,Don't know,0,Yes,None,N/A,0
844,34,Male,USA,E-commerce,Engineering Manager,Medium (201–1 000),1,>$200k,Remote,No,5.3,7.1,1.9,8.2,3.1,7.0,8.5,2.7,1.0,6.1,6.7,Burnout,Formally diagnosed,0,Easy,Don't know,0,Yes,1–2 weeks,Partially,1
845,33,Male,USA,E-commerce,Engineering Manager,Medium (201–1 000),2,$75k–$100k,Remote,Was already remote,5.8,7.7,7.8,8.5,7.6,7.5,9.5,6.5,3.9,2.8,8.7,Anxiety & Depression,Self-reported,1,Difficult,Don't know,0,Yes,None,Partially,1
846,35,Male,Ireland,E-commerce,QA/Test Engineer,Startup (1–50),1,$100k–$150k,Remote,Yes,5.9,8.0,0.0,7.4,6.3,6.8,6.7,4.7,4.6,6.6,5.1,Anxiety,Formally diagnosed,0,Moderate,No,0,Yes,None,Yes,1
847,34,Female,Germany,AI/ML startup,CTO/VP Engineering,Small (51–200),10,$100k–$150k,Remote,Yes,5.5,5.3,3.3,8.4,9.4,6.7,5.6,6.2,3.9,4.1,5.9,None,N/A,0,No access,Yes,0,Yes,None,N/A,0
848,50,Female,UK,AI/ML startup,Mobile Developer,Large (1 001–5 000),1,$100k–$150k,Remote,Was already remote,8.0,6.1,0.6,3.7,2.4,5.8,7.6,7.1,3.7,8.8,4.7,None,N/A,0,Moderate,Yes,0,Yes,None,N/A,0
849,27,Male,USA,AI/ML startup,Full-Stack Developer,Medium (201–1 000),4,$150k–$200k,Remote,No,5.3,5.8,3.3,2.6,4.9,7.2,5.7,9.3,3.3,5.2,6.7,ADHD,Self-reported,1,Easy,Don't know,0,Yes,None,Partially,1
850,28,Non-binary,France,AI/ML startup,QA/Test Engineer,Medium (201–1 000),4,$75k–$100k,Hybrid,Yes,8.6,4.4,0.1,4.5,3.7,6.4,4.7,4.3,4.5,4.3,6.5,ADHD,Not sure / undiagnosed,0,Easy,Don't know,0,Yes,None,No,1
851,27,Female,Australia,FinTech,ML/AI Engineer,Large (1 001–5 000),3,$100k–$150k,Remote,Was already remote,5.7,7.9,11.8,7.0,7.3,8.8,6.4,4.9,1.0,3.3,5.1,Burnout,Formally diagnosed,1,No access,Yes,1,No,None,No,1
852,27,Male,India,Gaming,Software Engineer,Large (1 001–5 000),1,$150k–$200k,In-person,Yes,4.8,8.2,0.5,8.3,7.6,3.6,8.2,8.4,1.0,4.8,5.8,Burnout,Formally diagnosed,1,Difficult,No,0,Yes,4–7 days,No,1
853,27,Male,Canada,Government/Public sector,Security Engineer,Large (1 001–5 000),17,$75k–$100k,Remote,Was already remote,6.5,6.2,0.2,4.4,4.7,5.1,7.0,4.9,6.5,9.0,4.7,Anxiety & Burnout,Self-reported,1,Difficult,No,0,No,None,Partially,1
854,40,Female,Canada,FinTech,Security Engineer,Large (1 001–5 000),2,>$200k,In-person,No,7.3,5.8,0.0,7.1,6.8,6.6,5.6,5.8,4.8,5.2,4.9,None,N/A,0,Easy,Yes,0,No,None,N/A,0
855,42,Female,India,Gaming,CTO/VP Engineering,Small (51–200),7,$100k–$150k,Hybrid,Was already remote,4.5,6.5,5.7,8.3,9.7,7.7,10.0,4.5,1.1,5.8,4.9,None,N/A,0,Easy,No,0,No,None,N/A,0
856,27,Male,USA,Cybersecurity,DevOps/SRE,Startup (1–50),1,$150k–$200k,Remote,No,3.4,5.2,0.8,5.6,5.1,7.5,10.0,8.9,1.0,3.9,7.5,Anxiety & Depression,Self-reported,1,Moderate,Yes,1,Yes,1–3 days,Partially,1
857,25,Male,Mexico,HealthTech,DevOps/SRE,Medium (201–1 000),9,$150k–$200k,Remote,Yes,7.8,7.4,0.4,5.4,8.6,6.1,7.2,7.1,4.8,5.8,5.9,Anxiety,Formally diagnosed,1,No access,Yes,0,Yes,None,No,1
858,35,Male,India,Cybersecurity,Mobile Developer,Enterprise (5 000+),1,$100k–$150k,Hybrid,No,8.4,5.5,0.0,7.8,1.9,5.8,7.9,4.8,6.4,7.5,5.0,Depression,Self-reported,0,Moderate,No,0,Yes,1–3 days,No,1
859,27,Female,USA,Gaming,Backend Developer,Startup (1–50),6,$75k–$100k,In-person,Yes,7.0,6.1,1.0,4.9,5.9,5.6,7.1,8.7,3.3,7.4,3.2,Anxiety & Depression,Formally diagnosed,1,Difficult,Don't know,0,No,4–7 days,Yes,1
860,36,Female,Canada,E-commerce,Data Analyst,Medium (201–1 000),3,$100k–$150k,Remote,Yes,4.7,7.2,5.2,4.9,9.1,6.1,10.0,9.4,2.7,4.9,4.5,None,N/A,0,Moderate,No,0,Yes,None,N/A,0
861,33,Male,Sweden,Government/Public sector,Data Analyst,Large (1 001–5 000),0,$50k–$75k,Hybrid,No,5.7,4.4,10.3,5.8,2.7,4.0,10.0,4.1,5.0,7.1,5.4,None,N/A,0,Easy,Yes,0,Yes,None,N/A,0
862,20,Female,USA,Consulting/Agency,Engineering Manager,Medium (201–1 000),0,>$200k,Remote,Yes,3.8,7.1,7.7,6.0,8.2,6.1,9.7,8.5,1.6,3.0,7.8,Depression,Formally diagnosed,0,Easy,Yes,0,Yes,1–3 days,No,1
863,43,Non-binary,USA,Big Tech,Mobile Developer,Small (51–200),14,$50k–$75k,In-person,No,7.9,6.3,5.6,5.6,3.6,4.5,4.0,6.9,4.0,8.8,3.3,Anxiety & Burnout,Self-reported,0,No access,Yes,0,Yes,>2 weeks,Partially,1
864,45,Non-binary,Australia,AI/ML startup,Frontend Developer,Small (51–200),0,$75k–$100k,Remote,No,6.4,5.9,1.5,1.0,4.9,6.4,7.9,3.7,4.2,4.6,8.7,None,N/A,0,No access,No,0,No,None,N/A,0
865,27,Male,UK,SaaS/Software,Data Analyst,Startup (1–50),6,>$200k,In-person,Yes,6.8,8.7,5.2,6.6,5.0,4.2,7.5,6.3,1.1,5.7,5.9,None,N/A,1,Easy,No,0,Yes,None,N/A,0
866,29,Male,Sweden,Consulting/Agency,Frontend Developer,Small (51–200),5,$50k–$75k,Hybrid,Yes,6.2,5.2,4.9,9.2,5.1,8.4,8.0,6.8,3.2,5.4,7.3,Burnout,Self-reported,0,Moderate,Don't know,0,No,None,Partially,1
867,34,Male,USA,Consulting/Agency,Frontend Developer,Startup (1–50),2,$50k–$75k,Hybrid,Was already remote,6.0,7.1,0.7,6.0,7.4,4.6,9.4,3.2,1.0,7.4,5.2,ADHD,Formally diagnosed,0,Moderate,Yes,0,No,None,Yes,1
868,34,Male,Netherlands,Cybersecurity,Security Engineer,Large (1 001–5 000),1,$150k–$200k,Hybrid,Yes,6.4,5.4,0.7,4.5,4.0,4.5,6.7,10.0,2.8,5.7,6.0,Burnout,Formally diagnosed,0,Easy,Don't know,0,Yes,None,No,1
869,36,Non-binary,USA,AI/ML startup,Data Scientist,Enterprise (5 000+),1,$75k–$100k,Remote,No,6.0,6.9,2.1,7.8,10.0,6.2,7.5,5.4,1.0,3.7,5.2,Anxiety,Not sure / undiagnosed,0,Easy,Don't know,0,Yes,None,Partially,1
870,47,Male,USA,HealthTech,Full-Stack Developer,Large (1 001–5 000),4,$50k–$75k,Hybrid,Yes,8.1,4.9,10.7,5.7,5.7,3.8,7.0,7.3,3.5,8.9,2.6,Anxiety,Self-reported,1,Difficult,Yes,0,No,None,No,1
871,30,Male,Ireland,Gaming,QA/Test Engineer,Large (1 001–5 000),4,$75k–$100k,Hybrid,Yes,3.5,8.2,0.8,5.1,8.1,8.5,8.2,6.3,4.1,4.5,9.5,None,N/A,0,No access,Yes,0,Yes,None,N/A,0
872,26,Male,Germany,AI/ML startup,Data Scientist,Medium (201–1 000),11,$150k–$200k,In-person,No,4.4,7.3,15.8,8.2,7.8,5.7,9.5,6.0,2.3,5.8,6.0,None,N/A,0,Moderate,No,0,No,None,N/A,0
873,21,Male,UK,SaaS/Software,Software Engineer,Small (51–200),5,$75k–$100k,Hybrid,Was already remote,5.3,4.9,0.5,5.5,5.3,8.8,6.5,5.5,1.0,6.2,5.4,Anxiety & Depression,Formally diagnosed,0,Moderate,No,0,No,>2 weeks,No,1
874,26,Female,USA,SaaS/Software,Cloud Architect,Startup (1–50),9,$100k–$150k,In-person,No,5.7,6.8,2.1,6.9,6.2,7.5,8.5,6.7,4.6,5.9,6.8,Anxiety,Formally diagnosed,1,Difficult,No,0,Yes,None,No,1
875,31,Male,India,Gaming,Software Engineer,Small (51–200),0,$75k–$100k,In-person,No,7.8,5.6,0.5,8.4,5.1,4.3,8.4,4.5,1.4,6.6,5.1,None,N/A,0,Moderate,Yes,0,No,None,N/A,0
876,45,Male,Canada,Consulting/Agency,Software Engineer,Large (1 001–5 000),6,$75k–$100k,Remote,No,3.5,6.9,2.3,6.6,6.7,6.2,10.0,6.5,1.0,5.1,5.6,None,N/A,0,Difficult,No,0,No,None,N/A,0
877,28,Male,Argentina,AI/ML startup,DevOps/SRE,Enterprise (5 000+),1,$50k–$75k,Hybrid,No,7.0,4.5,10.5,5.6,3.4,6.1,7.2,3.6,5.4,5.2,4.9,Anxiety,Self-reported,1,Difficult,Don't know,0,Yes,None,No,1
878,33,Male,Italy,SaaS/Software,DevOps/SRE,Medium (201–1 000),1,>$200k,Remote,No,5.7,8.2,3.3,7.3,7.1,8.4,9.6,8.1,2.7,6.9,6.3,Anxiety,Formally diagnosed,1,Moderate,Don't know,0,Yes,None,No,1
879,31,Male,India,Gaming,Engineering Manager,Medium (201–1 000),7,$100k–$150k,Remote,Yes,7.5,5.2,0.5,1.9,7.0,4.5,4.9,5.4,6.0,6.7,5.7,Anxiety & Depression,Formally diagnosed,1,Easy,No,0,No,1–3 days,Partially,1
880,40,Female,Canada,Big Tech,Security Engineer,Medium (201–1 000),8,$50k–$75k,Hybrid,No,6.7,6.2,3.0,7.9,7.2,2.9,7.8,6.2,2.8,6.1,6.0,Anxiety,Self-reported,0,Moderate,Don't know,0,No,1–2 weeks,Partially,1
881,50,Female,Canada,Big Tech,Full-Stack Developer,Medium (201–1 000),2,$50k–$75k,Remote,Yes,5.8,5.7,1.9,4.9,6.3,5.9,10.0,7.4,4.6,6.1,3.3,None,N/A,0,Difficult,Don't know,0,Yes,None,N/A,0
882,28,Female,Australia,FinTech,Mobile Developer,Large (1 001–5 000),8,$75k–$100k,Remote,No,4.2,6.7,10.3,6.6,3.3,6.0,10.0,9.0,2.2,5.7,5.0,Anxiety,Formally diagnosed,0,Moderate,Don't know,0,Yes,None,Partially,1
883,28,Non-binary,USA,AI/ML startup,Security Engineer,Large (1 001–5 000),3,$100k–$150k,Hybrid,No,6.6,6.3,1.1,6.5,4.3,7.1,8.4,9.8,2.9,5.4,6.6,ADHD,Formally diagnosed,1,Moderate,Yes,1,Yes,1–2 weeks,Yes,1
884,39,Non-binary,UK,Government/Public sector,Security Engineer,Large (1 001–5 000),10,$50k–$75k,Remote,Was already remote,5.3,6.6,3.0,7.0,7.0,5.2,9.4,8.2,5.0,7.8,5.2,ADHD,Formally diagnosed,1,No access,Yes,0,No,1–2 weeks,Yes,1
885,37,Non-binary,USA,Gaming,Software Engineer,Large (1 001–5 000),0,$75k–$100k,Remote,Yes,5.8,8.2,6.4,7.0,5.2,7.2,8.1,4.3,3.6,5.9,4.8,None,N/A,0,No access,Yes,0,No,None,N/A,0
886,45,Male,USA,Consulting/Agency,ML/AI Engineer,Medium (201–1 000),0,$150k–$200k,Hybrid,No,7.4,6.2,10.5,4.8,3.9,4.5,7.1,8.9,2.6,5.9,6.8,None,N/A,0,Difficult,Yes,0,Yes,None,N/A,0
887,36,Male,USA,HealthTech,ML/AI Engineer,Enterprise (5 000+),8,$75k–$100k,Remote,No,8.7,7.7,4.6,5.3,8.2,4.5,7.6,4.8,2.7,8.6,3.7,Anxiety,Self-reported,1,Moderate,Yes,1,No,>2 weeks,No,1
888,29,Male,Canada,SaaS/Software,Backend Developer,Large (1 001–5 000),5,<$50k,Hybrid,No,3.1,5.7,10.1,4.9,4.8,7.5,9.8,4.6,4.6,4.3,7.1,None,N/A,0,Easy,Yes,0,No,None,N/A,0
889,36,Female,Sweden,E-commerce,Data Scientist,Medium (201–1 000),4,<$50k,Remote,Yes,7.4,7.6,1.5,5.6,5.0,4.3,9.0,5.7,2.5,6.6,5.1,None,N/A,0,Easy,Don't know,0,No,None,N/A,0
890,40,Prefer not to say,Canada,AI/ML startup,QA/Test Engineer,Medium (201–1 000),5,$100k–$150k,Hybrid,Yes,8.3,7.1,4.1,3.3,5.6,6.8,6.7,7.3,4.9,9.3,3.9,Anxiety,Not sure / undiagnosed,0,No access,Yes,0,No,1–2 weeks,No,1
891,38,Female,UK,SaaS/Software,Cloud Architect,Large (1 001–5 000),14,<$50k,Remote,No,5.7,7.8,0.2,1.3,6.7,6.9,8.1,10.0,4.9,3.2,9.5,Anxiety & Depression,Self-reported,1,Difficult,No,0,Yes,4–7 days,No,1
892,35,Male,USA,FinTech,DevOps/SRE,Medium (201–1 000),5,$50k–$75k,Remote,Was already remote,3.9,9.4,3.5,7.3,6.1,6.0,10.0,6.1,1.0,5.5,4.5,None,N/A,0,No access,Don't know,0,Yes,None,N/A,0
893,40,Non-binary,Germany,Gaming,Mobile Developer,Medium (201–1 000),5,$150k–$200k,Remote,No,6.6,3.6,0.0,9.2,8.5,9.3,6.5,10.0,1.4,4.4,3.8,Anxiety,Self-reported,0,Difficult,Don't know,0,No,None,No,1
894,40,Male,USA,Consulting/Agency,Data Analyst,Small (51–200),7,$100k–$150k,Remote,No,5.7,4.4,0.9,4.3,6.5,8.8,8.0,8.1,3.4,5.8,6.3,Anxiety,Formally diagnosed,1,Difficult,No,0,No,4–7 days,No,1
895,42,Male,India,SaaS/Software,QA/Test Engineer,Large (1 001–5 000),11,$100k–$150k,In-person,Yes,10.0,5.8,2.4,7.7,6.8,1.3,7.5,5.7,3.4,6.6,4.6,None,N/A,0,Difficult,Don't know,0,Yes,None,N/A,0
896,36,Male,New Zealand,E-commerce,Mobile Developer,Medium (201–1 000),1,$100k–$150k,In-person,Was already remote,6.6,4.1,0.2,3.8,4.3,4.6,6.2,8.2,5.8,8.2,4.6,Anxiety,Formally diagnosed,1,No access,Yes,0,No,1–2 weeks,No,1
897,30,Male,USA,HealthTech,Product Manager,Medium (201–1 000),5,$150k–$200k,Hybrid,Was already remote,5.1,4.6,0.7,6.3,3.0,5.5,8.2,4.7,3.0,6.5,5.9,None,N/A,1,Difficult,Yes,0,No,None,N/A,0
898,33,Female,USA,Gaming,Security Engineer,Enterprise (5 000+),4,$50k–$75k,Remote,Yes,3.4,6.9,0.7,7.5,6.6,6.2,6.1,5.7,1.0,5.9,8.4,ADHD,Self-reported,1,Moderate,Yes,0,No,None,No,1
899,41,Male,Canada,Gaming,Full-Stack Developer,Enterprise (5 000+),0,$50k–$75k,Remote,Was already remote,4.3,6.4,5.0,9.8,9.4,8.7,7.8,5.1,2.0,5.8,6.6,None,N/A,0,Easy,Yes,0,Yes,None,N/A,0
900,25,Male,South Africa,Government/Public sector,Full-Stack Developer,Large (1 001–5 000),4,$50k–$75k,Remote,Yes,7.6,4.2,1.4,6.6,7.6,4.8,5.8,7.7,3.6,8.0,5.0,Depression,Self-reported,1,Moderate,No,0,No,4–7 days,Partially,1
901,34,Female,Netherlands,FinTech,Software Engineer,Startup (1–50),0,>$200k,Remote,Was already remote,2.9,6.6,8.3,4.2,8.3,7.2,8.3,8.6,3.9,4.0,6.4,Anxiety,Formally diagnosed,1,Difficult,Don't know,0,Yes,None,No,1
902,29,Female,Ireland,Gaming,ML/AI Engineer,Medium (201–1 000),1,$100k–$150k,Remote,No,2.9,8.1,2.2,6.4,6.2,7.1,10.0,6.6,1.0,3.0,6.8,None,N/A,0,Easy,Yes,1,No,None,N/A,0
903,32,Female,UK,Consulting/Agency,Software Engineer,Small (51–200),13,$50k–$75k,Remote,Yes,7.8,6.7,1.2,6.8,7.8,2.7,4.0,6.0,6.5,4.7,7.9,Anxiety,Not sure / undiagnosed,1,Moderate,No,0,No,>2 weeks,No,1
904,41,Male,Argentina,Gaming,QA/Test Engineer,Small (51–200),0,$75k–$100k,Remote,Yes,5.3,7.5,2.3,10.0,7.7,7.8,9.4,6.1,1.1,4.5,8.2,None,N/A,0,Easy,No,0,No,None,N/A,0
905,33,Female,USA,Government/Public sector,Security Engineer,Enterprise (5 000+),4,$150k–$200k,Hybrid,No,5.5,6.2,6.8,10.0,5.2,8.3,7.3,3.2,3.4,4.2,8.9,None,N/A,0,Moderate,Yes,0,No,None,N/A,0
906,32,Non-binary,USA,FinTech,ML/AI Engineer,Enterprise (5 000+),2,<$50k,Hybrid,No,7.0,7.7,0.6,7.7,5.2,4.4,7.9,5.8,3.7,5.4,7.1,Burnout,Formally diagnosed,0,No access,Yes,0,Yes,1–3 days,Partially,1
907,21,Male,Japan,AI/ML startup,Engineering Manager,Medium (201–1 000),4,$150k–$200k,Remote,No,5.6,8.7,0.0,5.3,4.9,7.3,6.7,6.6,5.1,3.5,5.3,None,N/A,0,Moderate,Don't know,1,Yes,None,N/A,0
908,37,Female,Mexico,Cybersecurity,Software Engineer,Startup (1–50),1,>$200k,Remote,No,3.1,7.4,4.0,6.7,4.8,7.6,10.0,10.0,1.0,3.8,9.4,None,N/A,0,Easy,Don't know,0,No,None,N/A,0
909,36,Male,USA,AI/ML startup,QA/Test Engineer,Startup (1–50),3,<$50k,In-person,No,4.8,6.3,6.2,4.2,2.4,6.7,7.6,4.4,3.0,4.7,9.2,None,N/A,0,Difficult,Yes,0,No,None,N/A,0
910,48,Male,USA,Big Tech,Product Manager,Medium (201–1 000),11,$50k–$75k,Hybrid,Was already remote,6.8,6.4,2.3,4.8,4.4,7.7,5.4,7.1,3.5,6.1,4.5,Anxiety,Self-reported,1,Moderate,Yes,1,Yes,4–7 days,No,1
911,29,Female,USA,Government/Public sector,Security Engineer,Startup (1–50),2,<$50k,Remote,Was already remote,6.1,5.2,1.0,8.6,4.4,6.3,7.5,4.1,1.9,5.3,5.5,None,N/A,0,Moderate,Don't know,0,Yes,None,N/A,0
912,33,Female,USA,Gaming,Security Engineer,Large (1 001–5 000),2,$50k–$75k,Hybrid,Yes,8.7,5.6,2.4,8.1,5.6,3.2,6.2,7.2,1.0,8.7,3.5,ADHD,Formally diagnosed,1,Difficult,Yes,0,Yes,None,No,1
913,33,Male,USA,FinTech,Backend Developer,Large (1 001–5 000),3,$100k–$150k,In-person,No,6.7,7.1,16.0,7.4,9.0,8.2,6.3,7.1,4.7,3.7,7.2,None,N/A,0,Moderate,Don't know,0,No,None,N/A,0
914,43,Female,New Zealand,AI/ML startup,Engineering Manager,Enterprise (5 000+),0,<$50k,In-person,Yes,4.4,7.3,3.1,5.5,6.6,5.7,8.4,8.7,2.6,4.5,6.6,Depression,Self-reported,0,No access,Yes,0,No,1–2 weeks,Partially,1
915,31,Female,Australia,AI/ML startup,Data Scientist,Small (51–200),2,$100k–$150k,Hybrid,Yes,8.5,6.6,0.3,3.1,8.1,3.7,5.2,6.7,6.7,9.5,5.6,Anxiety,Formally diagnosed,1,Moderate,Yes,1,No,None,No,1
916,34,Non-binary,Netherlands,Big Tech,Backend Developer,Medium (201–1 000),0,$100k–$150k,Hybrid,Was already remote,8.7,4.2,0.0,6.2,2.1,4.5,5.9,6.8,1.0,7.6,3.2,None,N/A,1,Moderate,Don't know,0,No,None,N/A,0
917,36,Male,Netherlands,AI/ML startup,Security Engineer,Enterprise (5 000+),3,>$200k,Remote,Yes,4.7,7.6,20.0,4.4,8.1,6.7,9.4,7.3,2.3,6.8,5.7,Depression,Self-reported,0,Difficult,Yes,0,Yes,1–3 days,Yes,1
918,33,Non-binary,Germany,Government/Public sector,Product Manager,Medium (201–1 000),10,$100k–$150k,Hybrid,Yes,7.0,5.8,6.1,4.7,7.2,4.0,8.4,6.1,3.0,7.5,4.2,Depression,Formally diagnosed,0,Difficult,Yes,0,Yes,4–7 days,No,1
919,28,Male,Sweden,AI/ML startup,Backend Developer,Startup (1–50),4,$50k–$75k,Hybrid,Was already remote,7.2,6.1,0.5,7.6,7.3,4.2,7.3,6.8,2.2,6.8,5.9,Anxiety & Depression,Self-reported,0,Easy,No,0,No,None,No,1
920,33,Female,India,Consulting/Agency,Security Engineer,Startup (1–50),5,$75k–$100k,In-person,Yes,6.6,5.6,0.6,10.0,5.5,6.5,7.2,6.4,2.1,6.0,8.4,Depression,Formally diagnosed,0,Difficult,Yes,0,No,>2 weeks,Partially,1
921,40,Male,UK,Big Tech,Data Analyst,Large (1 001–5 000),0,$100k–$150k,Hybrid,Was already remote,3.5,8.8,6.1,6.2,10.0,7.1,10.0,4.7,2.3,3.4,7.0,Depression,Formally diagnosed,1,Moderate,No,0,Yes,1–2 weeks,No,1
922,24,Male,Germany,FinTech,DevOps/SRE,Large (1 001–5 000),10,$50k–$75k,Hybrid,Yes,10.0,4.2,15.6,6.8,7.1,5.7,7.8,7.7,3.5,6.7,5.0,Depression & Burnout,Not sure / undiagnosed,1,Moderate,Yes,1,No,1–3 days,Yes,1
923,32,Female,Germany,FinTech,CTO/VP Engineering,Enterprise (5 000+),2,$75k–$100k,In-person,Yes,5.2,6.6,2.1,4.4,3.6,6.4,8.1,9.4,3.2,7.1,4.4,None,N/A,1,Moderate,No,0,No,None,N/A,0
924,26,Male,Brazil,AI/ML startup,DevOps/SRE,Startup (1–50),20,>$200k,Hybrid,Yes,6.6,5.0,0.4,4.8,5.2,4.2,3.9,4.6,2.5,7.9,5.6,ADHD,Formally diagnosed,0,Easy,Yes,0,No,1–2 weeks,No,1
925,40,Male,Italy,Government/Public sector,Data Analyst,Large (1 001–5 000),0,<$50k,Hybrid,Was already remote,7.7,7.3,0.2,6.2,7.9,5.3,8.2,7.2,5.4,7.7,7.1,Anxiety & Burnout,Self-reported,1,Difficult,Don't know,0,No,4–7 days,No,1
926,20,Male,UK,Government/Public sector,CTO/VP Engineering,Large (1 001–5 000),15,$50k–$75k,In-person,Was already remote,5.3,6.9,5.5,1.6,6.5,7.4,7.8,9.0,3.9,8.0,6.6,None,N/A,0,No access,Don't know,0,Yes,None,N/A,0
927,27,Female,Netherlands,HealthTech,CTO/VP Engineering,Small (51–200),5,$150k–$200k,Hybrid,No,8.2,4.9,2.3,4.4,6.3,5.3,6.1,6.3,4.6,7.4,4.5,Burnout,Formally diagnosed,1,Difficult,Yes,0,Yes,1–3 days,No,1
928,34,Male,USA,SaaS/Software,DevOps/SRE,Enterprise (5 000+),0,$50k–$75k,Hybrid,Yes,6.0,6.7,3.2,7.5,7.9,7.1,7.2,9.6,1.0,6.3,5.5,Depression,Self-reported,1,Easy,No,0,No,>2 weeks,No,1
929,43,Female,Netherlands,Consulting/Agency,Engineering Manager,Medium (201–1 000),19,<$50k,In-person,No,4.9,5.9,0.8,9.6,6.3,6.5,10.0,8.3,2.7,3.3,8.1,None,N/A,0,Difficult,Yes,0,No,None,N/A,0
930,31,Male,UK,HealthTech,Cloud Architect,Enterprise (5 000+),0,$50k–$75k,In-person,No,3.4,8.1,0.9,7.2,9.0,4.9,9.6,4.6,3.1,6.1,7.7,None,N/A,0,Easy,Don't know,0,No,None,N/A,0
931,27,Male,USA,SaaS/Software,CTO/VP Engineering,Enterprise (5 000+),7,$100k–$150k,Hybrid,Was already remote,5.3,9.0,0.0,5.0,9.5,7.6,8.5,5.5,4.3,3.0,6.8,None,N/A,0,Easy,No,0,Yes,None,N/A,0
932,46,Male,UK,Cybersecurity,QA/Test Engineer,Small (51–200),12,>$200k,Hybrid,Was already remote,6.7,5.0,8.2,4.0,5.0,7.6,6.9,8.2,1.2,5.4,6.8,Anxiety & Depression,Not sure / undiagnosed,1,Moderate,No,0,No,None,No,1
933,21,Male,India,E-commerce,DevOps/SRE,Medium (201–1 000),1,$100k–$150k,Remote,Was already remote,5.4,8.2,1.4,5.9,8.7,6.8,9.9,3.2,3.9,4.3,7.8,Anxiety,Not sure / undiagnosed,1,Difficult,Yes,1,No,1–2 weeks,No,1
934,18,Male,USA,SaaS/Software,Full-Stack Developer,Medium (201–1 000),2,$50k–$75k,Remote,No,7.2,7.7,4.4,6.0,3.4,7.6,7.0,5.0,4.2,6.4,7.6,None,N/A,0,Moderate,No,0,Yes,None,N/A,0
935,35,Male,Spain,E-commerce,Full-Stack Developer,Large (1 001–5 000),4,$50k–$75k,In-person,Yes,9.0,5.6,6.4,4.9,5.8,4.5,9.1,7.2,4.1,7.3,3.1,None,N/A,0,Easy,Yes,0,Yes,None,N/A,0
936,28,Prefer not to say,USA,Big Tech,ML/AI Engineer,Medium (201–1 000),6,$100k–$150k,In-person,Yes,5.5,7.5,3.1,7.9,5.8,5.5,8.2,5.5,2.5,5.0,5.9,Burnout,Formally diagnosed,0,No access,No,0,No,4–7 days,No,1
937,24,Female,Mexico,AI/ML startup,Frontend Developer,Large (1 001–5 000),11,$150k–$200k,Remote,No,8.1,6.4,1.1,3.9,7.3,5.4,8.7,4.2,4.1,6.7,6.0,Anxiety & Burnout,Not sure / undiagnosed,0,Easy,Yes,0,No,4–7 days,No,1
938,37,Male,Australia,SaaS/Software,Security Engineer,Startup (1–50),7,$100k–$150k,Hybrid,Yes,6.3,6.5,0.0,5.1,5.2,4.4,6.3,6.6,2.5,6.8,4.7,Depression,Formally diagnosed,1,Easy,Yes,1,No,>2 weeks,No,1
939,33,Male,UK,Government/Public sector,Product Manager,Large (1 001–5 000),2,$100k–$150k,Hybrid,Yes,6.6,5.9,1.0,5.7,5.8,4.8,7.1,8.8,1.4,6.8,6.1,None,N/A,0,Difficult,Don't know,0,Yes,None,N/A,0
940,27,Female,UK,Consulting/Agency,CTO/VP Engineering,Small (51–200),9,>$200k,In-person,No,6.0,7.3,1.1,10.0,8.3,3.8,10.0,5.1,1.0,5.1,6.5,Anxiety,Formally diagnosed,0,Difficult,Don't know,0,No,4–7 days,No,1
941,22,Male,France,Cybersecurity,Security Engineer,Small (51–200),18,$50k–$75k,Hybrid,No,6.7,5.8,2.4,8.1,9.5,7.4,9.8,5.3,2.4,6.5,5.3,Depression & Burnout,Formally diagnosed,0,Easy,Yes,0,No,4–7 days,Yes,1
942,38,Male,India,FinTech,Full-Stack Developer,Large (1 001–5 000),1,$50k–$75k,Hybrid,No,4.5,8.0,5.2,7.3,8.3,6.4,10.0,6.2,2.3,4.5,7.2,None,N/A,0,Difficult,Don't know,0,No,None,N/A,0
943,36,Female,Australia,HealthTech,Data Scientist,Startup (1–50),0,$150k–$200k,Remote,Yes,4.7,5.9,4.4,7.9,8.8,8.6,8.6,10.0,5.3,4.4,4.1,None,N/A,1,Moderate,Yes,0,No,None,N/A,0
944,31,Female,UK,AI/ML startup,ML/AI Engineer,Small (51–200),3,$75k–$100k,Hybrid,No,4.9,9.1,7.2,6.8,4.1,3.3,9.9,4.7,3.3,7.0,5.2,Depression,Not sure / undiagnosed,1,Easy,Yes,1,No,1–3 days,Yes,1
945,45,Female,Canada,HealthTech,Data Analyst,Small (51–200),11,$75k–$100k,In-person,No,2.9,6.0,0.8,6.9,2.7,4.8,10.0,4.5,1.6,5.0,6.3,Anxiety & Burnout,Not sure / undiagnosed,0,Moderate,No,0,Yes,None,Yes,1
946,23,Male,Argentina,HealthTech,Product Manager,Medium (201–1 000),0,$100k–$150k,Hybrid,Was already remote,3.8,10.0,3.6,6.0,8.3,5.9,10.0,7.2,1.7,3.3,8.1,None,N/A,0,Moderate,No,0,No,None,N/A,0
947,20,Male,USA,Gaming,Security Engineer,Small (51–200),11,$75k–$100k,Remote,Yes,5.8,6.2,0.5,8.7,4.2,7.8,7.7,9.3,1.9,4.4,6.6,Depression,Self-reported,0,Moderate,Don't know,0,No,1–3 days,No,1
948,26,Female,UK,HealthTech,Product Manager,Large (1 001–5 000),26,$75k–$100k,Remote,No,5.0,7.7,12.6,6.7,4.8,7.1,10.0,5.2,2.9,6.5,7.7,None,N/A,0,Difficult,Yes,0,No,None,N/A,0
949,31,Male,USA,HealthTech,Data Analyst,Large (1 001–5 000),0,>$200k,Remote,Yes,5.9,7.7,1.6,5.5,6.7,6.5,7.2,9.8,2.0,4.3,8.6,None,N/A,0,Easy,Yes,0,No,None,N/A,0
950,33,Male,Netherlands,Gaming,Security Engineer,Small (51–200),3,$50k–$75k,Remote,Yes,7.1,6.5,2.8,8.2,6.8,3.8,5.2,3.7,3.2,6.0,6.7,Burnout,Self-reported,1,Difficult,No,0,No,None,No,1
951,30,Female,Netherlands,Gaming,CTO/VP Engineering,Medium (201–1 000),2,$75k–$100k,Remote,Yes,6.4,7.7,1.1,6.0,7.1,7.4,6.7,4.0,1.0,6.8,4.5,Anxiety,Not sure / undiagnosed,1,Moderate,Yes,1,Yes,1–2 weeks,Partially,1
952,34,Male,USA,Consulting/Agency,Engineering Manager,Small (51–200),2,<$50k,Remote,Yes,5.8,6.0,0.6,6.3,5.0,6.5,7.6,5.1,3.0,5.4,8.3,Depression & Burnout,Formally diagnosed,0,Easy,Yes,0,Yes,None,No,1
953,22,Non-binary,USA,SaaS/Software,Engineering Manager,Large (1 001–5 000),3,$150k–$200k,In-person,Was already remote,2.7,6.0,4.7,6.0,5.4,9.0,10.0,6.4,1.0,4.3,5.2,None,N/A,0,Moderate,No,0,No,None,N/A,0
954,42,Female,USA,SaaS/Software,Frontend Developer,Medium (201–1 000),7,$50k–$75k,In-person,Was already remote,6.1,6.6,9.5,9.4,7.2,2.1,8.4,5.9,1.0,5.7,4.8,Depression,Formally diagnosed,1,Easy,Yes,1,Yes,4–7 days,Yes,1
955,31,Female,Canada,Consulting/Agency,Mobile Developer,Startup (1–50),4,$150k–$200k,Remote,Yes,4.8,7.7,0.3,6.2,4.3,6.7,7.0,4.9,3.2,5.0,6.1,None,N/A,0,Easy,Yes,0,Yes,None,N/A,0
956,40,Male,UK,Gaming,Engineering Manager,Startup (1–50),17,$50k–$75k,Hybrid,Yes,7.2,5.7,5.5,6.9,5.1,3.9,5.4,2.4,2.6,5.6,7.1,Anxiety,Formally diagnosed,1,Moderate,No,0,No,None,Yes,1
957,34,Male,Italy,E-commerce,Backend Developer,Small (51–200),2,$75k–$100k,Remote,Yes,4.6,7.2,1.6,1.4,9.0,5.3,8.7,6.5,3.0,6.3,6.7,Depression,Self-reported,1,Moderate,Don't know,0,No,None,No,1
958,35,Male,Canada,FinTech,Backend Developer,Large (1 001–5 000),4,$150k–$200k,Remote,Yes,3.9,5.6,0.7,6.2,7.7,6.2,5.7,6.1,1.0,5.8,6.3,Burnout,Self-reported,1,Moderate,Yes,0,No,None,No,1
959,36,Male,USA,Consulting/Agency,Engineering Manager,Startup (1–50),9,$75k–$100k,Hybrid,Yes,8.6,6.3,3.4,6.7,5.1,7.3,8.1,6.5,3.7,6.6,4.4,None,N/A,0,No access,No,0,Yes,None,N/A,0
960,35,Prefer not to say,Ireland,Cybersecurity,Software Engineer,Small (51–200),2,$75k–$100k,Remote,Yes,2.8,6.8,0.9,9.1,2.5,7.6,9.1,4.6,1.6,2.4,8.0,None,N/A,0,No access,Don't know,0,No,None,N/A,0
961,36,Male,Canada,Consulting/Agency,Engineering Manager,Small (51–200),3,$100k–$150k,Remote,Yes,9.0,6.1,3.4,7.6,4.9,5.1,4.4,5.9,5.7,8.2,1.6,Depression,Self-reported,1,Moderate,Yes,0,No,None,No,1
962,41,Male,India,Gaming,Software Engineer,Enterprise (5 000+),6,$50k–$75k,Remote,Was already remote,6.2,6.7,1.7,6.3,7.1,6.1,7.6,6.3,4.1,6.4,4.9,Burnout,Self-reported,1,Easy,Don't know,0,No,None,No,1
963,33,Male,USA,E-commerce,ML/AI Engineer,Large (1 001–5 000),10,>$200k,Hybrid,Yes,5.4,5.7,0.5,6.0,6.2,6.5,8.9,5.6,3.0,7.5,5.5,None,N/A,0,Easy,Yes,0,No,None,N/A,0
964,37,Female,UK,AI/ML startup,Software Engineer,Small (51–200),2,$50k–$75k,Hybrid,No,5.2,6.9,0.5,1.9,6.1,5.5,8.7,5.2,3.8,4.9,4.3,Anxiety,Self-reported,0,Easy,Don't know,0,No,1–3 days,No,1
965,31,Male,Mexico,Gaming,Software Engineer,Small (51–200),4,$150k–$200k,Remote,Yes,7.6,5.7,4.1,5.2,10.0,6.4,9.1,7.5,5.2,5.1,7.7,None,N/A,0,Moderate,Yes,0,Yes,None,N/A,0
966,42,Male,India,Big Tech,Data Analyst,Enterprise (5 000+),20,$150k–$200k,In-person,Was already remote,6.4,7.5,5.8,6.5,7.7,5.5,8.4,4.0,2.3,5.2,7.9,Anxiety,Formally diagnosed,1,Moderate,Yes,1,Yes,4–7 days,Partially,1
967,26,Male,UK,Big Tech,Backend Developer,Small (51–200),0,$75k–$100k,Remote,Yes,6.3,7.5,3.7,2.5,8.4,6.2,8.0,6.4,3.1,7.8,4.4,Anxiety,Formally diagnosed,0,Moderate,Yes,0,No,4–7 days,Yes,1
968,45,Female,India,FinTech,Software Engineer,Enterprise (5 000+),3,$50k–$75k,Remote,Yes,5.9,6.8,4.2,7.0,6.8,7.1,7.5,5.5,1.0,10.0,3.2,Burnout,Not sure / undiagnosed,1,Difficult,Yes,1,No,1–3 days,Partially,1
969,31,Male,Spain,Gaming,Full-Stack Developer,Small (51–200),5,$50k–$75k,Remote,No,5.2,6.9,6.5,8.9,8.4,5.7,7.0,5.5,1.0,4.6,6.0,None,N/A,1,Easy,Yes,1,No,None,N/A,0
970,21,Non-binary,USA,Government/Public sector,Data Scientist,Startup (1–50),0,>$200k,Hybrid,Was already remote,8.3,6.9,1.0,9.0,7.6,4.9,6.4,8.0,4.2,8.9,4.8,Burnout,Self-reported,1,Difficult,No,0,Yes,1–3 days,Partially,1
971,32,Female,Canada,Big Tech,Full-Stack Developer,Large (1 001–5 000),4,$150k–$200k,Remote,Was already remote,5.1,7.8,0.6,5.0,10.0,4.9,10.0,7.8,3.1,5.1,7.2,None,N/A,0,Easy,Don't know,0,Yes,None,N/A,0
972,26,Male,South Africa,HealthTech,Engineering Manager,Large (1 001–5 000),0,$100k–$150k,Hybrid,No,3.7,8.8,2.0,9.4,3.1,4.1,7.9,6.8,1.0,3.9,4.4,None,N/A,0,Difficult,No,0,No,None,N/A,0
973,38,Female,USA,AI/ML startup,Frontend Developer,Enterprise (5 000+),10,$75k–$100k,Hybrid,Yes,6.6,6.2,13.1,6.1,4.5,7.6,10.0,7.5,4.2,6.5,6.3,Anxiety & Depression,Formally diagnosed,0,Difficult,Yes,0,No,1–3 days,Yes,1
974,27,Male,France,HealthTech,Full-Stack Developer,Large (1 001–5 000),9,<$50k,In-person,Yes,3.4,5.8,2.5,4.6,3.3,7.2,7.8,7.3,1.1,4.0,7.4,Anxiety & Depression,Not sure / undiagnosed,1,Difficult,Don't know,0,No,1–3 days,Yes,1
975,28,Prefer not to say,India,Cybersecurity,ML/AI Engineer,Medium (201–1 000),0,$100k–$150k,Hybrid,Was already remote,8.7,7.1,8.0,5.6,5.1,6.9,8.4,5.0,4.4,5.7,5.7,None,N/A,0,Moderate,Yes,0,No,None,N/A,0
976,18,Male,Australia,FinTech,Software Engineer,Large (1 001–5 000),0,>$200k,Hybrid,Was already remote,6.7,8.2,3.8,6.5,6.1,7.0,9.9,6.3,3.4,5.7,5.9,None,N/A,0,Moderate,Yes,1,Yes,None,N/A,0
977,28,Male,UK,Cybersecurity,Software Engineer,Large (1 001–5 000),7,$50k–$75k,Hybrid,No,2.2,7.5,5.5,2.2,8.7,6.1,7.2,5.1,3.5,4.8,6.5,None,N/A,0,Moderate,Don't know,0,Yes,None,N/A,0
978,18,Male,UK,Cybersecurity,Cloud Architect,Medium (201–1 000),2,$150k–$200k,In-person,Yes,6.7,6.4,0.3,8.4,10.0,2.0,9.3,6.5,1.0,9.5,3.4,Depression,Self-reported,0,Moderate,No,0,Yes,4–7 days,No,1
979,20,Male,Australia,Big Tech,CTO/VP Engineering,Small (51–200),4,$50k–$75k,Hybrid,No,5.3,8.5,1.5,2.8,6.1,5.0,7.6,1.0,1.7,3.6,7.9,None,N/A,1,No access,Don't know,0,Yes,None,N/A,0
980,37,Prefer not to say,USA,Gaming,Data Analyst,Small (51–200),1,$150k–$200k,Hybrid,No,8.3,4.9,3.7,6.0,6.2,5.8,4.4,1.1,6.1,8.0,3.0,None,N/A,0,No access,Yes,0,Yes,None,N/A,0
981,37,Male,UK,SaaS/Software,QA/Test Engineer,Small (51–200),1,$75k–$100k,Hybrid,Yes,5.7,6.3,3.5,8.4,6.5,6.1,5.5,6.8,4.9,5.5,4.4,None,N/A,0,Difficult,Don't know,0,Yes,None,N/A,0
982,35,Female,USA,Big Tech,Frontend Developer,Large (1 001–5 000),1,$150k–$200k,Remote,Yes,5.8,5.9,6.7,6.4,5.8,6.6,9.3,8.9,3.7,5.1,6.2,None,N/A,0,Difficult,Don't know,0,Yes,None,N/A,0
983,24,Male,USA,Consulting/Agency,Full-Stack Developer,Medium (201–1 000),1,>$200k,Hybrid,Yes,5.3,6.8,0.7,7.4,4.6,5.6,10.0,6.3,1.0,7.7,6.8,Depression,Formally diagnosed,0,Easy,Yes,0,No,None,Partially,1
984,31,Non-binary,New Zealand,SaaS/Software,QA/Test Engineer,Small (51–200),3,$100k–$150k,Hybrid,No,5.5,7.8,4.7,8.8,5.8,4.4,8.0,4.8,1.4,6.9,3.8,None,N/A,0,Moderate,No,0,No,None,N/A,0
985,31,Male,Canada,Gaming,Product Manager,Large (1 001–5 000),7,>$200k,In-person,Was already remote,2.3,6.0,0.9,8.0,4.7,8.8,10.0,5.6,1.0,5.9,4.9,None,N/A,0,Easy,Yes,0,Yes,None,N/A,0
986,23,Female,New Zealand,Cybersecurity,Engineering Manager,Startup (1–50),4,$75k–$100k,Hybrid,No,5.0,7.9,1.3,6.9,5.5,7.1,5.6,7.0,1.3,2.4,9.1,None,N/A,0,No access,Yes,0,Yes,None,N/A,0
987,43,Male,USA,E-commerce,Data Scientist,Medium (201–1 000),5,>$200k,In-person,No,4.2,6.1,3.7,10.0,6.1,6.6,8.9,9.6,1.0,1.7,6.8,None,N/A,0,Moderate,Yes,0,No,None,N/A,0
988,38,Female,India,FinTech,Data Scientist,Enterprise (5 000+),3,$150k–$200k,Remote,Was already remote,5.2,7.2,13.6,3.7,6.1,4.6,9.1,1.0,3.7,7.0,5.9,Anxiety,Not sure / undiagnosed,1,Moderate,No,0,No,1–2 weeks,Yes,1
989,30,Male,USA,Gaming,Backend Developer,Medium (201–1 000),2,$50k–$75k,Remote,Yes,8.0,3.6,15.1,7.2,6.0,5.6,7.9,7.8,6.3,6.7,6.1,None,N/A,0,Easy,Yes,0,No,None,N/A,0
990,32,Male,Sweden,E-commerce,CTO/VP Engineering,Small (51–200),0,$75k–$100k,Remote,Yes,8.9,3.7,0.9,7.5,5.0,6.3,3.8,5.4,2.4,9.0,2.9,None,N/A,0,Difficult,No,0,Yes,None,N/A,0
991,33,Male,Sweden,AI/ML startup,Software Engineer,Medium (201–1 000),2,>$200k,Hybrid,Yes,6.4,6.3,4.7,3.0,7.4,8.5,8.5,6.4,3.7,4.9,8.3,Anxiety & Depression,Not sure / undiagnosed,1,No access,Yes,1,No,1–2 weeks,Yes,1
992,18,Female,USA,Cybersecurity,Backend Developer,Large (1 001–5 000),6,$50k–$75k,In-person,Was already remote,4.9,8.2,3.2,5.2,8.0,7.2,8.2,1.5,4.5,4.5,5.1,None,N/A,0,Moderate,No,0,No,None,N/A,0
993,30,Male,Spain,HealthTech,Cloud Architect,Medium (201–1 000),7,$100k–$150k,Remote,No,3.5,8.3,4.8,4.4,3.8,6.8,9.8,5.2,2.5,1.3,8.9,None,N/A,0,Easy,Yes,0,Yes,None,N/A,0
994,26,Female,USA,Consulting/Agency,Data Analyst,Startup (1–50),3,$150k–$200k,Remote,Was already remote,5.1,5.0,4.6,6.5,5.9,7.7,6.4,6.1,5.5,5.2,8.6,None,N/A,0,Moderate,Yes,0,No,None,N/A,0
995,24,Male,India,E-commerce,Cloud Architect,Startup (1–50),5,<$50k,Remote,No,3.8,8.3,3.1,5.7,6.6,7.7,10.0,7.1,3.3,3.4,8.4,None,N/A,0,No access,Yes,0,Yes,None,N/A,0
996,29,Female,Italy,Gaming,Frontend Developer,Large (1 001–5 000),1,$150k–$200k,Hybrid,Yes,5.6,7.2,5.7,10.0,6.4,7.1,8.7,3.4,3.0,4.3,8.6,None,N/A,0,Difficult,Don't know,0,Yes,None,N/A,0
997,45,Non-binary,Singapore,HealthTech,Frontend Developer,Medium (201–1 000),10,$75k–$100k,Remote,Yes,5.9,7.1,2.8,8.5,6.5,6.1,8.3,7.8,3.4,5.8,5.3,Anxiety & Burnout,Formally diagnosed,1,Moderate,No,0,Yes,1–2 weeks,Yes,1
998,36,Male,Poland,Big Tech,Product Manager,Large (1 001–5 000),11,$75k–$100k,Remote,Was already remote,6.3,9.0,0.0,7.0,2.5,6.6,9.0,7.9,4.1,5.8,6.0,Anxiety,Formally diagnosed,1,Difficult,No,0,Yes,1–2 weeks,Partially,1
999,27,Male,UK,AI/ML startup,ML/AI Engineer,Large (1 001–5 000),2,$100k–$150k,Hybrid,Yes,6.2,5.9,15.5,6.3,9.4,4.6,9.1,8.7,3.7,8.0,4.2,None,N/A,0,Easy,No,0,No,None,N/A,0
1000,36,Male,USA,AI/ML startup,Frontend Developer,Medium (201–1 000),4,$100k–$150k,In-person,Was already remote,2.5,8.4,2.0,2.2,5.8,5.9,10.0,6.5,3.3,4.7,6.1,ADHD,Self-reported,1,Moderate,Yes,0,Yes,None,Yes,1
1001,42,Male,USA,Big Tech,Frontend Developer,Enterprise (5 000+),5,$150k–$200k,Hybrid,Yes,4.3,7.0,11.9,3.1,5.7,8.1,9.1,5.6,2.7,2.2,7.8,Depression,Not sure / undiagnosed,0,Moderate,No,0,Yes,None,No,1
1002,38,Male,Canada,AI/ML startup,Frontend Developer,Startup (1–50),3,$100k–$150k,In-person,Yes,4.3,8.7,1.4,7.2,7.5,6.1,8.8,10.0,3.7,5.1,8.0,None,N/A,0,Difficult,Yes,0,Yes,None,N/A,0
1003,32,Female,Sweden,HealthTech,Security Engineer,Small (51–200),13,$100k–$150k,Remote,Yes,5.2,7.1,6.7,6.8,2.8,4.8,7.6,3.8,3.4,4.7,7.7,Burnout,Formally diagnosed,1,Moderate,Yes,1,No,>2 weeks,Partially,1
1004,27,Female,USA,HealthTech,CTO/VP Engineering,Large (1 001–5 000),7,$100k–$150k,Remote,Was already remote,6.2,6.0,3.8,3.0,5.5,5.8,6.7,6.5,3.2,5.5,7.5,None,N/A,0,Difficult,Yes,0,No,None,N/A,0
1005,37,Non-binary,Australia,FinTech,CTO/VP Engineering,Startup (1–50),6,$150k–$200k,In-person,Yes,4.6,6.2,1.7,7.6,5.1,6.6,8.2,6.5,3.7,7.7,6.2,None,N/A,0,Moderate,No,0,No,None,N/A,0
1006,34,Male,UK,SaaS/Software,Cloud Architect,Large (1 001–5 000),4,>$200k,In-person,Yes,10.0,6.0,8.3,5.6,8.3,1.5,7.3,8.8,4.0,7.9,4.2,Anxiety & Burnout,Self-reported,1,Moderate,Don't know,0,Yes,None,Partially,1
1007,38,Female,UK,Gaming,Data Scientist,Enterprise (5 000+),0,$100k–$150k,In-person,Yes,8.2,5.2,2.2,4.3,6.1,5.6,8.2,5.7,1.6,4.8,7.0,None,N/A,0,Moderate,Yes,0,No,None,N/A,0
1008,36,Male,Australia,E-commerce,ML/AI Engineer,Enterprise (5 000+),0,$100k–$150k,Hybrid,Yes,4.1,3.8,6.4,6.8,4.4,8.0,5.1,5.9,2.6,4.5,7.7,None,N/A,0,Difficult,No,0,Yes,None,N/A,0
1009,39,Male,Canada,FinTech,ML/AI Engineer,Medium (201–1 000),1,$75k–$100k,In-person,No,8.4,7.5,4.6,7.5,6.0,5.0,7.9,10.0,3.9,7.1,6.5,None,N/A,0,Easy,Yes,0,Yes,None,N/A,0
1010,27,Male,Sweden,SaaS/Software,DevOps/SRE,Enterprise (5 000+),1,>$200k,Remote,Was already remote,9.0,7.2,0.0,5.1,5.9,4.7,3.9,8.7,3.2,7.3,5.2,Burnout,Formally diagnosed,1,Difficult,Yes,1,No,4–7 days,Partially,1
1011,41,Male,USA,HealthTech,Security Engineer,Startup (1–50),16,$150k–$200k,Hybrid,Was already remote,3.7,7.1,1.4,7.6,4.0,4.3,8.4,7.1,2.4,5.2,5.3,ADHD,Self-reported,0,Difficult,Don't know,0,No,1–3 days,No,1
1012,33,Male,Sweden,Cybersecurity,Full-Stack Developer,Medium (201–1 000),2,$50k–$75k,Remote,Yes,3.9,7.8,2.6,4.9,5.7,5.7,10.0,5.5,1.0,5.5,6.9,None,N/A,0,Easy,Yes,0,No,None,N/A,0
1013,47,Female,USA,FinTech,Data Analyst,Medium (201–1 000),11,$100k–$150k,Hybrid,Was already remote,6.2,7.4,9.1,5.4,8.3,8.0,6.9,7.6,5.5,4.2,6.9,Burnout,Not sure / undiagnosed,0,Easy,Yes,0,Yes,1–3 days,Partially,1
1014,26,Non-binary,USA,Government/Public sector,CTO/VP Engineering,Small (51–200),9,$100k–$150k,Hybrid,No,7.9,6.2,0.0,1.7,7.0,5.1,6.3,8.6,2.9,7.1,4.0,Depression & Burnout,Formally diagnosed,1,Easy,Don't know,0,Yes,1–2 weeks,Partially,1
1015,45,Male,India,AI/ML startup,Software Engineer,Startup (1–50),9,$50k–$75k,Remote,Yes,6.6,4.5,0.3,7.0,8.8,8.0,6.8,5.0,5.0,7.3,3.9,ADHD,Not sure / undiagnosed,0,Moderate,No,0,Yes,1–2 weeks,No,1
1016,33,Male,Japan,AI/ML startup,CTO/VP Engineering,Enterprise (5 000+),1,$100k–$150k,Hybrid,No,2.9,7.6,4.0,3.3,6.7,6.4,9.5,4.2,4.7,4.9,7.6,None,N/A,0,Moderate,No,0,No,None,N/A,0
1017,27,Male,USA,HealthTech,CTO/VP Engineering,Large (1 001–5 000),3,$50k–$75k,Hybrid,Yes,4.6,6.6,3.8,4.5,6.5,5.3,6.8,7.4,5.6,5.8,6.9,Anxiety & Depression,Formally diagnosed,1,Difficult,Yes,1,Yes,4–7 days,Yes,1
1018,28,Female,UK,SaaS/Software,Security Engineer,Large (1 001–5 000),2,$100k–$150k,Hybrid,Was already remote,4.9,9.0,0.6,5.4,2.1,6.2,9.1,8.0,2.9,1.7,9.8,Burnout,Self-reported,1,Difficult,Yes,1,Yes,4–7 days,Yes,1
1019,29,Male,Germany,Consulting/Agency,Frontend Developer,Startup (1–50),19,$75k–$100k,Hybrid,No,7.5,7.0,9.7,8.5,7.4,7.2,8.7,8.0,1.5,7.8,4.7,Anxiety & Burnout,Self-reported,1,Easy,Yes,0,No,1–3 days,Yes,1
1020,35,Female,USA,Gaming,Frontend Developer,Medium (201–1 000),11,$50k–$75k,Hybrid,Yes,3.4,7.9,1.1,5.3,3.1,7.5,10.0,5.9,3.2,3.2,8.3,Depression,Self-reported,1,Moderate,Yes,1,No,1–3 days,No,1
1021,35,Prefer not to say,Sweden,FinTech,Cloud Architect,Enterprise (5 000+),1,$50k–$75k,Hybrid,No,3.7,8.7,1.1,8.6,9.0,5.1,8.2,6.6,1.3,5.5,7.6,Anxiety,Self-reported,0,No access,No,0,Yes,1–3 days,Partially,1
1022,27,Non-binary,Netherlands,Big Tech,DevOps/SRE,Large (1 001–5 000),2,$100k–$150k,Hybrid,No,6.1,6.7,3.2,3.5,6.0,4.9,9.8,7.3,3.5,10.0,2.2,None,N/A,0,Moderate,Yes,0,Yes,None,N/A,0
1023,31,Male,USA,Government/Public sector,Mobile Developer,Large (1 001–5 000),4,$50k–$75k,Hybrid,No,6.0,8.8,1.6,7.3,6.6,4.0,7.7,7.3,4.8,6.4,7.1,Burnout,Formally diagnosed,0,Moderate,Don't know,0,No,1–2 weeks,No,1
1024,48,Female,Canada,Government/Public sector,Cloud Architect,Enterprise (5 000+),1,$150k–$200k,Hybrid,Yes,7.6,5.1,0.0,8.0,5.3,7.2,6.5,6.1,3.2,4.4,6.1,None,N/A,0,Moderate,Don't know,0,Yes,None,N/A,0
1025,44,Female,Netherlands,E-commerce,Software Engineer,Medium (201–1 000),9,<$50k,In-person,No,4.9,6.7,8.9,6.2,3.4,5.9,8.5,4.9,2.2,7.8,3.0,None,N/A,0,Easy,Don't know,0,No,None,N/A,0
1026,35,Male,UK,Government/Public sector,ML/AI Engineer,Medium (201–1 000),9,$150k–$200k,Hybrid,No,7.9,7.6,0.0,8.4,6.9,5.7,7.0,5.8,2.5,6.1,6.2,Anxiety & Burnout,Formally diagnosed,1,Moderate,No,0,Yes,1–2 weeks,Partially,1
1027,32,Female,India,AI/ML startup,Product Manager,Small (51–200),7,$100k–$150k,Hybrid,No,7.6,4.9,0.0,5.8,2.6,6.0,7.5,9.5,3.6,5.0,6.4,Anxiety,Formally diagnosed,0,Easy,No,1,No,None,No,1
1028,32,Female,USA,Gaming,Security Engineer,Medium (201–1 000),6,>$200k,In-person,Was already remote,5.8,6.2,7.7,6.5,5.1,5.3,5.5,7.6,2.0,7.1,2.1,Anxiety & Depression,Formally diagnosed,1,No access,No,0,Yes,1–3 days,Partially,1
1029,36,Male,India,HealthTech,Data Scientist,Large (1 001–5 000),4,$50k–$75k,Remote,Yes,5.0,7.3,1.1,1.2,4.8,5.8,8.4,6.9,3.2,7.6,4.2,None,N/A,0,Easy,Yes,0,No,None,N/A,0
1030,24,Male,USA,Government/Public sector,Frontend Developer,Small (51–200),2,$50k–$75k,Remote,No,9.0,6.5,4.8,5.4,4.5,2.7,5.5,5.2,4.9,8.9,4.8,Burnout,Self-reported,1,Difficult,Don't know,0,Yes,None,Partially,1
1031,30,Male,Brazil,Big Tech,Engineering Manager,Medium (201–1 000),9,$100k–$150k,Hybrid,Was already remote,6.8,5.7,0.1,4.3,8.3,5.9,10.0,4.9,1.7,6.6,5.6,None,N/A,0,Difficult,No,0,Yes,None,N/A,0
1032,19,Female,UK,FinTech,Data Analyst,Small (51–200),10,$100k–$150k,Hybrid,Yes,5.5,8.3,0.0,8.2,5.8,9.1,6.8,5.9,1.4,7.0,6.0,Burnout,Formally diagnosed,0,Difficult,Yes,0,Yes,None,Partially,1
1033,34,Male,USA,SaaS/Software,Data Analyst,Small (51–200),0,$75k–$100k,In-person,Was already remote,4.3,5.9,1.1,8.0,4.8,4.5,7.6,4.0,2.0,5.0,7.0,Anxiety & Burnout,Formally diagnosed,0,Easy,No,0,Yes,4–7 days,No,1
1034,36,Non-binary,Brazil,Gaming,Frontend Developer,Medium (201–1 000),2,<$50k,Hybrid,Yes,8.3,6.3,3.8,8.6,3.5,2.6,5.9,7.9,5.8,10.0,2.4,Burnout,Not sure / undiagnosed,0,Moderate,Yes,0,No,>2 weeks,Yes,1
1035,28,Female,USA,E-commerce,Security Engineer,Small (51–200),0,$75k–$100k,Remote,Was already remote,4.8,6.1,3.8,1.9,7.1,6.4,7.9,9.5,4.0,7.3,7.6,None,N/A,0,No access,Yes,0,Yes,None,N/A,0
1036,43,Female,UK,Government/Public sector,Data Analyst,Enterprise (5 000+),10,$75k–$100k,Remote,No,5.0,4.8,1.3,6.7,8.1,7.3,9.2,4.0,3.6,3.3,8.8,None,N/A,1,No access,No,0,Yes,None,N/A,0
1037,22,Male,UK,AI/ML startup,Product Manager,Small (51–200),1,$75k–$100k,Hybrid,No,4.6,6.1,3.6,7.0,6.2,4.9,7.2,4.9,2.3,5.5,5.6,Depression,Not sure / undiagnosed,1,Easy,Yes,1,No,None,Yes,1
1038,21,Female,USA,Consulting/Agency,CTO/VP Engineering,Medium (201–1 000),6,$100k–$150k,In-person,Was already remote,5.3,6.4,3.7,2.8,7.0,4.6,9.0,7.0,3.9,3.9,10.0,Other,Self-reported,0,No access,Yes,0,Yes,1–2 weeks,No,1
1039,33,Male,Spain,Cybersecurity,Security Engineer,Small (51–200),2,$100k–$150k,Remote,Was already remote,6.7,5.0,2.4,3.6,8.2,4.5,5.9,6.6,3.7,6.8,4.1,Burnout,Not sure / undiagnosed,1,No access,Yes,0,No,None,No,1
1040,39,Male,Netherlands,SaaS/Software,Data Analyst,Small (51–200),9,>$200k,Hybrid,Was already remote,5.1,8.1,9.6,10.0,6.2,6.2,9.5,6.7,1.9,4.7,7.0,None,N/A,0,Difficult,Yes,0,Yes,None,N/A,0
1041,44,Male,USA,Big Tech,CTO/VP Engineering,Medium (201–1 000),3,$50k–$75k,Remote,No,5.8,6.8,5.3,7.8,9.0,7.0,9.6,7.2,1.0,4.1,6.0,None,N/A,0,Difficult,Yes,0,Yes,None,N/A,0
1042,28,Male,France,FinTech,QA/Test Engineer,Enterprise (5 000+),2,$100k–$150k,Hybrid,Yes,4.7,7.2,6.0,5.7,9.5,5.8,6.2,9.7,1.9,5.7,8.7,Anxiety & Burnout,Formally diagnosed,1,Difficult,Don't know,0,No,>2 weeks,Partially,1
1043,40,Female,Germany,E-commerce,Software Engineer,Medium (201–1 000),2,$75k–$100k,Remote,Was already remote,6.9,6.3,1.4,8.5,6.9,4.9,6.7,3.4,3.3,6.2,5.6,Depression,Self-reported,1,Moderate,Yes,0,No,1–2 weeks,No,1
1044,31,Male,Ireland,HealthTech,DevOps/SRE,Large (1 001–5 000),2,$75k–$100k,Hybrid,No,5.8,6.5,3.8,4.1,3.4,6.8,9.1,10.0,4.9,7.0,6.1,Burnout,Formally diagnosed,1,Difficult,Yes,0,No,None,No,1
1045,30,Male,UK,Cybersecurity,DevOps/SRE,Small (51–200),8,$100k–$150k,Hybrid,Yes,3.8,7.7,1.0,6.9,7.5,7.6,7.6,5.6,2.8,3.4,8.6,Anxiety,Self-reported,0,Moderate,Yes,1,No,1–3 days,Yes,1
1046,38,Male,Germany,FinTech,Cloud Architect,Startup (1–50),6,$150k–$200k,Hybrid,Was already remote,5.8,6.1,1.0,7.8,6.6,5.7,8.6,5.6,1.0,4.8,6.1,Depression,Self-reported,1,No access,No,0,No,1–2 weeks,No,1
1047,36,Prefer not to say,Canada,Gaming,Backend Developer,Large (1 001–5 000),2,>$200k,Remote,No,6.4,4.0,2.0,3.7,3.2,6.9,6.5,6.5,4.2,5.4,4.1,None,N/A,0,Moderate,Yes,1,No,None,N/A,0
1048,20,Female,Canada,Consulting/Agency,CTO/VP Engineering,Medium (201–1 000),3,$150k–$200k,Hybrid,No,5.3,4.7,5.9,4.6,5.2,7.3,9.1,5.2,3.6,6.0,6.9,Anxiety,Not sure / undiagnosed,0,No access,Yes,0,No,1–2 weeks,Yes,1
1049,43,Female,Canada,HealthTech,Data Scientist,Medium (201–1 000),0,$50k–$75k,Remote,No,2.3,7.7,2.2,6.3,6.7,6.5,9.9,10.0,2.3,5.5,7.6,None,N/A,0,Easy,Yes,0,No,None,N/A,0
1050,42,Male,USA,FinTech,Software Engineer,Small (51–200),9,$75k–$100k,Remote,Was already remote,8.3,5.8,1.1,8.6,6.0,3.8,8.2,6.9,3.4,7.1,5.4,Depression,Self-reported,1,Moderate,Yes,1,No,None,No,1
1051,27,Male,Netherlands,FinTech,Frontend Developer,Startup (1–50),1,$150k–$200k,Remote,Yes,4.2,9.9,11.3,9.5,4.5,8.1,9.0,8.0,1.0,3.4,7.3,None,N/A,0,Moderate,Yes,0,No,None,N/A,0
1052,34,Prefer not to say,Canada,Consulting/Agency,QA/Test Engineer,Medium (201–1 000),12,$100k–$150k,Hybrid,Yes,7.1,7.3,0.6,9.4,4.5,8.3,8.6,8.6,1.0,5.9,5.7,None,N/A,0,Easy,Don't know,0,Yes,None,N/A,0
1053,35,Male,South Africa,Cybersecurity,Product Manager,Enterprise (5 000+),4,$75k–$100k,Hybrid,No,5.3,7.2,3.3,7.8,4.3,3.3,8.5,7.1,1.0,4.7,5.7,None,N/A,0,Easy,Yes,0,No,None,N/A,0
1054,33,Male,USA,FinTech,Security Engineer,Startup (1–50),4,$100k–$150k,Hybrid,Was already remote,5.8,4.8,0.1,6.5,5.7,8.2,8.2,5.0,1.2,3.5,7.9,Anxiety,Not sure / undiagnosed,1,Moderate,Yes,1,Yes,1–3 days,No,1
1055,27,Female,Australia,HealthTech,Mobile Developer,Enterprise (5 000+),0,>$200k,Hybrid,No,5.6,5.9,1.7,10.0,5.8,5.9,10.0,7.4,2.7,5.9,7.5,None,N/A,0,Easy,Don't know,0,Yes,None,N/A,0
1056,26,Male,Mexico,SaaS/Software,Mobile Developer,Small (51–200),0,$150k–$200k,Remote,Was already remote,7.8,7.3,0.6,6.9,10.0,7.3,6.4,5.3,1.0,5.8,3.9,ADHD,Not sure / undiagnosed,0,Moderate,No,0,Yes,>2 weeks,No,1
1057,31,Female,Australia,FinTech,Mobile Developer,Medium (201–1 000),4,$100k–$150k,Hybrid,Yes,6.4,6.7,0.0,7.5,5.3,3.9,7.6,7.4,5.1,5.6,6.2,Anxiety & Burnout,Not sure / undiagnosed,0,No access,Yes,0,Yes,4–7 days,Yes,1
1058,40,Female,Singapore,FinTech,Backend Developer,Startup (1–50),3,>$200k,In-person,No,6.3,5.5,2.7,8.7,1.0,4.4,6.9,4.9,5.2,6.2,3.1,Depression & Burnout,Self-reported,0,Difficult,Yes,0,No,None,Yes,1
1059,36,Male,Brazil,FinTech,Cloud Architect,Medium (201–1 000),0,$150k–$200k,Remote,Yes,3.8,5.8,1.7,4.7,4.2,8.5,8.3,6.1,3.0,3.9,7.5,None,N/A,0,No access,Don't know,0,Yes,None,N/A,0
1060,29,Male,UK,AI/ML startup,CTO/VP Engineering,Startup (1–50),9,<$50k,Remote,No,8.7,6.6,0.0,8.3,4.5,6.9,6.2,5.6,3.3,4.7,7.4,Burnout,Self-reported,1,No access,No,0,Yes,None,No,1
1061,37,Male,India,HealthTech,Mobile Developer,Startup (1–50),2,$50k–$75k,Remote,No,3.3,6.5,8.3,4.8,6.3,6.9,9.3,3.8,1.0,6.1,4.9,None,N/A,0,Difficult,Yes,0,No,None,N/A,0
1062,18,Female,USA,E-commerce,Data Scientist,Enterprise (5 000+),1,$100k–$150k,Hybrid,Was already remote,8.3,5.6,0.0,8.2,4.6,5.0,6.5,4.7,2.2,6.3,5.6,ADHD,Self-reported,0,No access,Yes,0,Yes,None,Yes,1
1063,40,Female,Germany,FinTech,Data Scientist,Large (1 001–5 000),8,$75k–$100k,Remote,Yes,2.7,7.1,2.5,8.4,9.6,6.9,10.0,7.1,1.8,3.4,8.9,None,N/A,0,Difficult,No,0,Yes,None,N/A,0
1064,18,Male,USA,Gaming,Full-Stack Developer,Large (1 001–5 000),13,$150k–$200k,Remote,Yes,9.3,7.4,9.3,7.6,5.8,3.6,6.0,3.0,4.0,7.8,7.3,Anxiety & Burnout,Formally diagnosed,1,Moderate,No,0,Yes,>2 weeks,Yes,1
1065,29,Male,France,Consulting/Agency,Software Engineer,Startup (1–50),2,>$200k,Hybrid,Yes,6.7,6.2,0.0,6.8,4.7,5.8,8.5,6.8,4.8,6.3,6.2,Burnout,Not sure / undiagnosed,1,Moderate,Don't know,0,Yes,1–3 days,Yes,1
1066,23,Female,Germany,Consulting/Agency,QA/Test Engineer,Enterprise (5 000+),8,$75k–$100k,Remote,Yes,5.1,8.3,9.7,9.2,4.9,6.6,9.4,6.8,1.3,4.3,7.5,None,N/A,0,Moderate,No,0,Yes,None,N/A,0
1067,22,Female,UK,AI/ML startup,Mobile Developer,Medium (201–1 000),5,$150k–$200k,Remote,Yes,3.5,6.7,2.1,3.6,5.5,6.7,8.8,8.5,1.7,3.3,9.8,Depression,Formally diagnosed,0,Moderate,Don't know,0,No,1–3 days,No,1
1068,40,Male,USA,Big Tech,Mobile Developer,Enterprise (5 000+),25,$100k–$150k,Hybrid,Was already remote,6.0,5.0,5.2,5.4,7.5,4.0,5.3,4.4,5.1,6.3,5.9,None,N/A,0,Easy,Yes,0,Yes,None,N/A,0
1069,28,Male,Argentina,Gaming,ML/AI Engineer,Startup (1–50),1,$75k–$100k,Remote,Yes,6.8,6.1,1.0,4.8,5.2,5.9,8.1,5.4,2.4,5.8,6.7,None,N/A,0,Difficult,Yes,0,No,None,N/A,0
1070,34,Male,USA,Gaming,CTO/VP Engineering,Small (51–200),17,$150k–$200k,Hybrid,Was already remote,6.1,6.5,1.6,6.1,6.5,6.1,8.3,2.1,2.4,5.9,7.5,None,N/A,1,Difficult,No,0,Yes,None,N/A,0
1071,31,Female,USA,HealthTech,Mobile Developer,Enterprise (5 000+),2,$100k–$150k,In-person,Yes,5.3,5.0,1.9,6.1,6.3,6.3,7.2,7.6,4.0,5.7,5.1,Other,Self-reported,1,Easy,No,0,Yes,None,No,1
1072,35,Prefer not to say,USA,Cybersecurity,Product Manager,Medium (201–1 000),2,$100k–$150k,Remote,Was already remote,4.7,5.7,10.4,6.1,3.4,7.1,6.9,8.7,4.3,6.3,5.6,Anxiety,Self-reported,0,Easy,Don't know,0,No,1–3 days,Partially,1
1073,32,Male,New Zealand,SaaS/Software,Backend Developer,Enterprise (5 000+),2,<$50k,Hybrid,Yes,8.1,6.7,1.9,10.0,6.7,3.0,6.4,9.4,2.5,6.8,6.7,None,N/A,1,Easy,No,0,Yes,None,N/A,0
1074,22,Female,Italy,HealthTech,Frontend Developer,Small (51–200),1,$100k–$150k,Remote,Was already remote,5.4,6.2,0.7,5.4,6.8,6.3,7.6,9.7,1.0,6.2,4.8,Anxiety,Not sure / undiagnosed,0,No access,No,0,Yes,1–3 days,Partially,1
1075,39,Male,India,FinTech,Mobile Developer,Medium (201–1 000),6,$75k–$100k,Remote,No,6.7,7.4,2.8,6.1,7.0,7.6,7.5,6.1,6.8,7.4,8.7,Anxiety,Self-reported,1,No access,Yes,1,Yes,4–7 days,Yes,1
1076,28,Male,Singapore,AI/ML startup,Security Engineer,Enterprise (5 000+),4,$100k–$150k,Remote,Yes,7.0,4.8,7.2,10.0,5.2,5.4,7.3,6.2,1.1,5.5,6.4,Burnout,Self-reported,1,Moderate,No,0,No,None,Yes,1
1077,20,Male,USA,Consulting/Agency,DevOps/SRE,Large (1 001–5 000),2,$75k–$100k,Remote,No,3.8,6.1,1.2,8.1,5.5,4.4,8.7,8.5,2.3,5.7,5.8,None,N/A,0,No access,No,0,No,None,N/A,0
1078,28,Female,New Zealand,E-commerce,Backend Developer,Large (1 001–5 000),0,$100k–$150k,In-person,Was already remote,5.8,7.4,1.2,7.2,4.9,4.6,4.4,5.2,3.7,5.7,5.9,None,N/A,0,Moderate,Yes,0,Yes,None,N/A,0
1079,43,Male,USA,AI/ML startup,Cloud Architect,Small (51–200),2,$50k–$75k,Remote,No,8.4,6.2,2.0,9.2,7.6,4.9,8.2,7.2,2.7,7.4,5.8,None,N/A,0,Difficult,Don't know,0,Yes,None,N/A,0
1080,38,Female,USA,Big Tech,Cloud Architect,Small (51–200),2,$50k–$75k,Remote,Yes,6.5,4.6,14.8,4.5,3.4,7.8,5.9,7.3,2.2,5.8,7.2,Depression,Self-reported,1,Easy,No,0,No,>2 weeks,Partially,1
1081,29,Male,USA,Government/Public sector,Data Analyst,Small (51–200),2,$50k–$75k,Hybrid,No,6.8,6.7,1.7,8.7,6.2,6.6,6.6,8.5,1.0,5.1,5.6,ADHD,Formally diagnosed,1,Easy,Yes,1,No,1–2 weeks,Partially,1
1082,29,Male,Germany,FinTech,Cloud Architect,Medium (201–1 000),2,$150k–$200k,Remote,Was already remote,5.2,8.3,3.0,9.1,10.0,9.4,6.3,5.8,3.3,6.9,4.7,None,N/A,0,Moderate,Yes,0,No,None,N/A,0
1083,29,Male,Netherlands,AI/ML startup,Engineering Manager,Large (1 001–5 000),0,<$50k,Remote,Was already remote,8.0,5.9,0.0,9.4,6.1,6.3,10.0,8.7,1.0,6.4,6.4,Burnout,Formally diagnosed,0,Easy,No,0,No,None,No,1
1084,47,Female,UK,HealthTech,Data Scientist,Medium (201–1 000),3,$150k–$200k,Hybrid,No,9.5,5.2,3.7,7.5,9.0,8.3,6.6,7.5,4.0,3.9,4.5,Burnout,Self-reported,1,Moderate,Yes,0,No,1–2 weeks,Yes,1
1085,34,Male,New Zealand,Big Tech,Frontend Developer,Medium (201–1 000),9,<$50k,Hybrid,Yes,4.6,8.0,1.0,5.6,5.1,9.2,8.0,6.4,2.3,5.8,5.4,Anxiety,Formally diagnosed,1,Moderate,Yes,1,No,4–7 days,Yes,1
1086,35,Female,Canada,Cybersecurity,Product Manager,Large (1 001–5 000),1,$100k–$150k,Remote,Was already remote,7.4,5.6,0.7,8.7,6.4,6.9,5.3,5.7,3.5,7.2,4.4,Depression,Self-reported,1,Difficult,Don't know,0,Yes,None,No,1
1087,39,Male,USA,HealthTech,Cloud Architect,Small (51–200),0,$150k–$200k,Remote,Was already remote,3.5,7.7,4.7,4.1,4.4,8.6,9.6,3.6,2.1,4.4,8.4,None,N/A,0,No access,Yes,0,No,None,N/A,0
1088,33,Male,Canada,Big Tech,QA/Test Engineer,Enterprise (5 000+),3,$75k–$100k,In-person,No,7.1,6.0,3.8,7.8,2.8,6.3,7.0,8.9,4.1,5.2,6.3,Burnout,Not sure / undiagnosed,0,Easy,Yes,0,Yes,4–7 days,No,1
1089,30,Male,Australia,HealthTech,ML/AI Engineer,Enterprise (5 000+),2,$50k–$75k,Remote,Yes,6.8,5.2,0.8,7.3,4.6,7.3,7.5,7.7,2.9,5.6,6.7,None,N/A,0,Easy,Yes,0,Yes,None,N/A,0
1090,30,Male,Brazil,Consulting/Agency,Cloud Architect,Startup (1–50),4,$75k–$100k,Remote,No,3.9,6.4,6.9,7.0,4.5,5.9,10.0,8.1,1.8,6.1,6.1,None,N/A,0,Easy,Don't know,0,No,None,N/A,0
1091,31,Male,Canada,HealthTech,Data Analyst,Startup (1–50),16,$100k–$150k,Remote,Yes,7.7,3.7,4.8,6.3,4.6,5.7,4.7,4.5,1.1,8.1,3.5,ADHD,Formally diagnosed,0,Difficult,Don't know,1,No,1–2 weeks,Yes,1
1092,31,Male,India,SaaS/Software,Frontend Developer,Startup (1–50),7,$75k–$100k,Remote,Was already remote,4.2,7.8,3.6,9.5,7.0,6.7,9.7,2.8,2.0,2.9,8.5,None,N/A,0,Easy,Don't know,0,No,None,N/A,0
1093,37,Female,USA,FinTech,Frontend Developer,Large (1 001–5 000),6,$100k–$150k,Remote,Was already remote,9.5,6.5,0.0,7.5,5.2,6.9,4.5,10.0,4.5,9.5,2.8,Burnout,Self-reported,1,Easy,No,0,Yes,None,No,1
1094,32,Female,India,E-commerce,Data Scientist,Small (51–200),2,$50k–$75k,Remote,Yes,6.3,6.8,7.9,8.2,4.7,7.2,8.7,5.5,2.6,5.5,6.8,Anxiety & Depression,Not sure / undiagnosed,0,Moderate,No,0,Yes,None,No,1
1095,37,Male,Italy,FinTech,Software Engineer,Large (1 001–5 000),1,$100k–$150k,Hybrid,Was already remote,5.7,6.0,2.4,6.6,5.1,6.2,8.5,4.7,3.2,4.5,7.1,None,N/A,0,Easy,Yes,0,Yes,None,N/A,0
1096,31,Male,USA,E-commerce,Data Analyst,Medium (201–1 000),4,$100k–$150k,Remote,Was already remote,4.8,7.7,1.7,8.6,4.9,5.2,4.8,5.2,1.3,2.6,10.0,None,N/A,0,Difficult,Don't know,0,No,None,N/A,0
1097,32,Male,Ireland,E-commerce,Data Scientist,Large (1 001–5 000),11,$50k–$75k,In-person,Yes,7.1,7.0,8.6,5.8,5.3,4.2,7.4,10.0,1.0,7.0,5.7,Depression,Formally diagnosed,1,Difficult,Yes,1,No,1–2 weeks,No,1
1098,18,Male,Germany,E-commerce,Security Engineer,Large (1 001–5 000),11,$150k–$200k,In-person,No,6.6,7.3,12.0,4.2,8.8,4.3,6.1,5.8,2.9,6.7,6.2,None,N/A,0,No access,Yes,0,Yes,None,N/A,0
1099,38,Male,USA,SaaS/Software,Backend Developer,Enterprise (5 000+),3,>$200k,Remote,Yes,6.3,7.0,4.1,5.5,7.9,9.3,9.3,5.6,2.0,5.5,8.2,None,N/A,0,Difficult,Don't know,1,Yes,None,N/A,0
1100,34,Female,Poland,Consulting/Agency,Cloud Architect,Small (51–200),1,$50k–$75k,Hybrid,Yes,4.6,6.6,5.6,5.3,1.0,6.0,8.7,10.0,3.0,5.6,7.7,Burnout,Not sure / undiagnosed,0,Difficult,Yes,0,Yes,>2 weeks,Yes,1
1101,39,Male,Canada,Government/Public sector,Data Analyst,Small (51–200),1,$150k–$200k,Hybrid,No,5.5,6.4,0.8,2.1,5.0,4.8,6.2,7.3,1.9,8.5,3.8,Anxiety & Depression,Not sure / undiagnosed,0,No access,No,0,No,4–7 days,No,1
1102,18,Male,UK,AI/ML startup,ML/AI Engineer,Startup (1–50),0,$75k–$100k,Remote,Yes,4.7,4.7,1.1,6.4,7.5,7.1,7.6,6.7,4.0,5.2,7.9,None,N/A,0,Moderate,Yes,0,No,None,N/A,0
1103,47,Male,USA,FinTech,Cloud Architect,Medium (201–1 000),10,$100k–$150k,Remote,Was already remote,2.9,5.9,3.5,3.8,6.2,7.9,10.0,7.2,2.9,4.3,7.5,None,N/A,0,Difficult,Yes,0,No,None,N/A,0
1104,30,Male,USA,HealthTech,DevOps/SRE,Medium (201–1 000),1,$75k–$100k,Hybrid,Was already remote,5.7,7.1,14.1,5.9,4.8,5.8,7.4,6.4,3.9,6.7,7.4,Depression,Self-reported,1,Difficult,Yes,1,Yes,None,No,1
1105,40,Female,Brazil,Big Tech,Backend Developer,Enterprise (5 000+),2,$150k–$200k,Remote,Yes,4.0,8.7,5.0,6.5,2.6,9.2,7.4,4.8,1.9,3.5,7.6,None,N/A,0,Difficult,Yes,0,No,None,N/A,0
1106,24,Male,India,AI/ML startup,ML/AI Engineer,Large (1 001–5 000),9,$75k–$100k,Hybrid,Yes,9.6,6.7,3.5,5.1,7.5,6.4,8.4,8.8,4.6,8.9,2.9,Depression,Formally diagnosed,1,Moderate,No,0,Yes,1–3 days,Partially,1
1107,36,Male,Spain,E-commerce,QA/Test Engineer,Small (51–200),0,$150k–$200k,Remote,Yes,9.4,5.6,0.0,6.7,6.6,4.5,6.6,5.9,4.6,7.5,2.4,Anxiety,Not sure / undiagnosed,1,Easy,Yes,1,No,1–2 weeks,No,1
1108,24,Female,USA,E-commerce,Data Scientist,Large (1 001–5 000),3,$150k–$200k,Hybrid,Was already remote,6.6,5.5,1.4,6.1,1.7,4.6,7.3,5.7,2.0,5.2,6.0,None,N/A,0,Moderate,Yes,0,Yes,None,N/A,0
1109,27,Male,USA,Consulting/Agency,ML/AI Engineer,Small (51–200),0,$50k–$75k,Remote,Was already remote,2.7,8.1,2.1,4.5,1.0,5.5,7.9,4.6,2.7,6.0,6.9,ADHD,Formally diagnosed,1,Easy,Yes,1,Yes,1–2 weeks,No,1
1110,46,Female,USA,Gaming,Software Engineer,Startup (1–50),3,$50k–$75k,Remote,No,6.8,6.6,0.7,5.0,6.8,10.0,5.7,8.6,1.6,1.7,9.0,None,N/A,0,Moderate,Yes,0,No,None,N/A,0
1111,30,Female,Canada,Gaming,Full-Stack Developer,Large (1 001–5 000),0,$150k–$200k,Remote,Was already remote,5.6,5.8,4.4,7.7,7.7,5.7,9.7,6.6,4.6,5.9,8.1,None,N/A,0,No access,No,0,No,None,N/A,0
1112,33,Male,Argentina,AI/ML startup,DevOps/SRE,Enterprise (5 000+),4,$75k–$100k,Hybrid,Yes,8.0,6.4,0.0,7.3,5.8,5.3,5.9,7.7,2.7,7.6,4.5,Depression,Formally diagnosed,1,Difficult,No,0,No,None,No,1
1113,38,Female,Australia,SaaS/Software,QA/Test Engineer,Startup (1–50),8,>$200k,Hybrid,Yes,7.8,7.0,0.0,10.0,9.6,4.6,6.3,9.0,3.0,6.2,8.7,None,N/A,1,Difficult,No,0,No,None,N/A,0
1114,35,Male,USA,HealthTech,CTO/VP Engineering,Large (1 001–5 000),6,>$200k,Hybrid,Yes,4.6,5.1,2.0,5.1,6.7,4.5,9.1,6.7,1.7,5.0,8.0,Anxiety & Depression,Formally diagnosed,0,Difficult,Don't know,0,No,1–3 days,No,1
1115,33,Female,Singapore,FinTech,Frontend Developer,Enterprise (5 000+),3,$100k–$150k,Remote,No,5.3,6.6,1.2,6.0,5.4,8.6,9.6,7.6,1.0,6.5,6.5,Other,Self-reported,1,Difficult,Yes,1,No,4–7 days,No,1
1116,34,Male,Sweden,Government/Public sector,Data Scientist,Startup (1–50),9,$100k–$150k,Hybrid,No,5.2,8.2,8.1,5.0,7.0,6.8,7.7,8.3,4.8,4.9,7.1,None,N/A,0,Difficult,Yes,0,No,None,N/A,0
1117,50,Male,USA,Cybersecurity,Backend Developer,Small (51–200),1,$50k–$75k,In-person,Yes,5.2,7.9,0.7,4.4,3.4,5.2,6.8,6.7,3.4,2.2,7.5,None,N/A,0,Easy,Yes,0,Yes,None,N/A,0
1118,31,Female,Brazil,Cybersecurity,Security Engineer,Large (1 001–5 000),9,$150k–$200k,In-person,Yes,3.1,7.2,1.5,5.0,4.6,3.6,6.5,7.5,1.0,6.2,5.8,Anxiety & Depression,Self-reported,1,Easy,Yes,1,No,>2 weeks,No,1
1119,33,Female,USA,Government/Public sector,Full-Stack Developer,Large (1 001–5 000),1,$50k–$75k,Remote,No,6.7,5.3,0.2,4.8,3.4,6.1,10.0,6.4,1.1,6.9,4.9,ADHD,Self-reported,1,Difficult,Yes,0,No,>2 weeks,Yes,1
1120,39,Prefer not to say,USA,SaaS/Software,Engineering Manager,Medium (201–1 000),2,$75k–$100k,In-person,Yes,6.1,5.0,6.5,6.7,7.5,5.9,8.8,8.2,2.6,5.5,6.6,None,N/A,0,Moderate,Yes,0,Yes,None,N/A,0
1121,40,Female,USA,Cybersecurity,Data Analyst,Small (51–200),0,$75k–$100k,Hybrid,Yes,5.4,7.7,0.7,5.2,7.7,4.6,9.0,5.1,3.8,5.0,6.0,None,N/A,0,Difficult,No,0,Yes,None,N/A,0
1122,40,Male,Canada,Government/Public sector,Cloud Architect,Large (1 001–5 000),0,>$200k,Hybrid,Yes,6.5,5.9,1.1,5.5,7.1,7.0,4.9,7.9,3.2,6.7,7.6,Burnout,Formally diagnosed,0,Difficult,Yes,0,Yes,1–2 weeks,Yes,1
1123,36,Male,UK,FinTech,Data Scientist,Large (1 001–5 000),14,$50k–$75k,In-person,Yes,6.6,7.1,3.4,5.2,6.4,6.8,6.8,5.8,3.8,5.0,7.1,Anxiety & Depression,Not sure / undiagnosed,0,Difficult,Yes,0,No,None,No,1
1124,23,Male,USA,E-commerce,Product Manager,Medium (201–1 000),1,>$200k,Remote,No,8.1,7.4,0.0,5.2,1.7,6.5,7.2,8.2,2.1,6.8,6.9,Burnout,Self-reported,1,Moderate,No,0,No,1–3 days,No,1
1125,44,Male,USA,Cybersecurity,Data Scientist,Startup (1–50),2,$100k–$150k,Hybrid,Yes,7.6,5.4,5.2,6.0,8.9,4.0,6.4,4.8,6.3,8.9,3.2,Depression,Self-reported,1,No access,Yes,1,No,1–3 days,No,1
1126,23,Male,Netherlands,HealthTech,Cloud Architect,Large (1 001–5 000),4,<$50k,Hybrid,Was already remote,7.9,5.8,3.5,10.0,1.0,4.4,5.5,8.6,2.4,9.7,1.8,None,N/A,0,Difficult,Yes,0,No,None,N/A,0
1127,34,Non-binary,Argentina,HealthTech,Product Manager,Large (1 001–5 000),2,$150k–$200k,Remote,Yes,4.4,8.2,1.2,7.2,6.0,7.7,6.6,2.2,2.6,4.7,5.4,Anxiety & Burnout,Formally diagnosed,1,Difficult,Yes,1,No,4–7 days,Yes,1
1128,26,Male,Netherlands,HealthTech,Frontend Developer,Enterprise (5 000+),11,$50k–$75k,Hybrid,No,4.0,6.8,2.0,7.6,4.7,8.1,8.7,7.6,1.0,3.1,6.6,Anxiety,Not sure / undiagnosed,1,Easy,Yes,1,Yes,>2 weeks,No,1
1129,31,Male,USA,E-commerce,QA/Test Engineer,Enterprise (5 000+),12,$75k–$100k,Hybrid,Was already remote,7.7,6.8,2.6,2.7,5.2,4.7,6.5,3.7,4.0,6.9,7.0,None,N/A,0,Moderate,No,0,Yes,None,N/A,0
1130,34,Male,USA,Consulting/Agency,DevOps/SRE,Large (1 001–5 000),2,$150k–$200k,In-person,Yes,9.1,5.5,9.1,6.4,4.7,4.2,5.7,6.9,6.0,6.2,4.8,None,N/A,0,Difficult,Yes,1,No,None,N/A,0
1131,34,Female,USA,E-commerce,Engineering Manager,Enterprise (5 000+),0,$50k–$75k,Hybrid,Yes,7.5,5.0,2.8,5.0,5.9,4.4,6.3,4.5,4.3,8.1,5.2,None,N/A,0,Moderate,Yes,0,Yes,None,N/A,0
1132,35,Female,USA,E-commerce,Data Scientist,Enterprise (5 000+),1,$75k–$100k,In-person,Yes,6.6,7.0,0.6,7.0,8.7,4.6,8.0,6.5,1.1,7.2,4.7,None,N/A,0,Difficult,Don't know,0,No,None,N/A,0
1133,44,Female,Germany,E-commerce,Frontend Developer,Large (1 001–5 000),3,$75k–$100k,Hybrid,Yes,6.0,8.2,2.0,8.2,5.9,7.7,5.6,7.8,3.9,5.6,6.4,None,N/A,0,Easy,Yes,0,No,None,N/A,0
1134,35,Male,India,AI/ML startup,Security Engineer,Large (1 001–5 000),1,$100k–$150k,Remote,No,10.0,6.2,0.7,6.5,5.9,5.2,7.3,4.5,2.7,7.3,6.9,Depression,Formally diagnosed,1,Difficult,Yes,0,Yes,1–3 days,Yes,1
1135,30,Female,Australia,Gaming,Data Analyst,Large (1 001–5 000),3,$150k–$200k,Remote,Yes,7.5,6.9,2.0,6.1,4.8,4.5,5.4,5.9,1.0,7.0,4.2,Depression,Formally diagnosed,1,Easy,Yes,1,No,1–3 days,Yes,1
1136,39,Male,Australia,FinTech,Full-Stack Developer,Large (1 001–5 000),7,$75k–$100k,Remote,Yes,5.6,7.4,2.4,6.2,4.4,4.7,8.8,1.0,2.8,6.4,3.1,Anxiety,Not sure / undiagnosed,0,Difficult,No,0,No,>2 weeks,Partially,1
1137,40,Female,USA,AI/ML startup,Software Engineer,Startup (1–50),3,$50k–$75k,Hybrid,Was already remote,9.6,7.6,0.3,5.9,7.1,4.4,2.5,9.2,1.3,7.2,5.1,Anxiety & Depression,Formally diagnosed,1,Moderate,No,0,No,4–7 days,No,1
1138,22,Male,UK,HealthTech,ML/AI Engineer,Medium (201–1 000),1,$75k–$100k,Hybrid,No,9.1,5.6,6.0,2.4,6.1,7.0,6.6,10.0,5.1,7.7,5.2,None,N/A,0,Easy,Yes,0,No,None,N/A,0
1139,36,Male,Australia,SaaS/Software,Frontend Developer,Startup (1–50),2,$75k–$100k,In-person,Yes,3.4,4.7,1.8,5.9,7.1,4.7,8.4,8.8,1.0,6.1,4.8,None,N/A,0,Difficult,Don't know,0,Yes,None,N/A,0
1140,37,Male,UK,Consulting/Agency,CTO/VP Engineering,Small (51–200),7,$100k–$150k,Remote,No,3.8,8.5,3.0,4.5,8.4,8.0,10.0,6.1,1.4,4.2,7.4,None,N/A,0,Moderate,Yes,0,No,None,N/A,0
1141,29,Female,USA,Gaming,Engineering Manager,Startup (1–50),3,<$50k,Hybrid,Yes,5.6,5.0,0.9,1.9,4.5,7.0,7.2,8.8,5.6,5.9,6.0,Anxiety,Self-reported,0,Difficult,Yes,0,No,1–2 weeks,No,1
1142,42,Male,UK,Government/Public sector,Full-Stack Developer,Enterprise (5 000+),1,$150k–$200k,Remote,Yes,8.3,5.5,1.1,6.8,9.6,3.9,7.5,7.0,4.9,6.3,5.3,None,N/A,0,Moderate,Don't know,0,No,None,N/A,0
1143,30,Female,USA,SaaS/Software,Mobile Developer,Medium (201–1 000),3,>$200k,Hybrid,Yes,5.0,5.9,4.0,3.3,6.2,4.9,8.3,8.9,4.1,6.3,7.4,None,N/A,0,Difficult,Don't know,0,Yes,None,N/A,0
1144,32,Male,USA,SaaS/Software,Product Manager,Small (51–200),3,$150k–$200k,Hybrid,Was already remote,4.2,6.1,5.2,6.6,5.8,5.7,7.4,6.4,3.2,5.8,8.7,None,N/A,0,Difficult,No,0,Yes,None,N/A,0
1145,30,Male,Brazil,SaaS/Software,Frontend Developer,Medium (201–1 000),1,<$50k,Hybrid,No,7.5,7.3,5.1,5.0,6.7,6.2,6.1,7.7,5.5,6.1,5.6,ADHD,Not sure / undiagnosed,0,Moderate,Don't know,0,No,None,No,1
1146,32,Male,Japan,Consulting/Agency,CTO/VP Engineering,Small (51–200),29,$100k–$150k,In-person,Was already remote,2.5,8.1,5.4,3.9,7.0,3.6,9.1,5.5,1.0,5.0,5.8,Anxiety,Self-reported,0,Easy,No,0,No,None,Partially,1
1147,23,Male,USA,Big Tech,Data Analyst,Large (1 001–5 000),8,$150k–$200k,Remote,Yes,5.4,5.8,2.1,7.8,6.9,8.5,9.7,3.1,5.7,5.5,8.3,Depression,Formally diagnosed,0,Difficult,Don't know,1,Yes,1–3 days,Yes,1
1148,21,Male,USA,Cybersecurity,Frontend Developer,Small (51–200),6,$75k–$100k,In-person,Was already remote,4.1,8.4,0.4,7.5,9.3,4.5,9.3,10.0,2.1,5.9,3.6,None,N/A,0,Moderate,Yes,0,No,None,N/A,0
1149,43,Male,France,Government/Public sector,DevOps/SRE,Small (51–200),10,>$200k,Remote,Yes,6.0,6.3,2.3,7.4,4.4,5.7,6.8,9.5,1.0,2.9,8.7,Anxiety,Not sure / undiagnosed,0,Easy,No,0,No,1–2 weeks,Partially,1
1150,25,Female,USA,Cybersecurity,Product Manager,Enterprise (5 000+),6,$150k–$200k,In-person,No,4.3,9.0,0.4,5.5,2.2,2.8,8.6,7.5,1.6,6.3,3.6,None,N/A,0,Moderate,Don't know,0,Yes,None,N/A,0
1151,24,Male,UK,Cybersecurity,Data Scientist,Medium (201–1 000),8,$50k–$75k,In-person,Yes,5.7,6.2,11.7,4.4,4.1,4.5,5.8,5.6,2.0,7.1,6.5,ADHD,Formally diagnosed,1,Moderate,Yes,1,Yes,1–3 days,No,1
1152,18,Prefer not to say,USA,E-commerce,Backend Developer,Enterprise (5 000+),2,$100k–$150k,Hybrid,Yes,6.8,5.9,1.2,5.3,5.4,7.9,6.4,6.0,5.5,7.7,5.1,Anxiety,Formally diagnosed,0,Moderate,Yes,0,Yes,1–2 weeks,Partially,1
1153,27,Female,USA,Gaming,Security Engineer,Medium (201–1 000),3,<$50k,Hybrid,Was already remote,6.2,6.1,2.1,6.1,3.2,4.4,7.6,6.9,4.3,7.0,6.1,None,N/A,0,Moderate,Yes,0,No,None,N/A,0
1154,22,Female,Sweden,Government/Public sector,CTO/VP Engineering,Small (51–200),0,$75k–$100k,Remote,Yes,5.0,5.8,0.5,3.8,5.0,8.8,6.4,10.0,4.5,4.6,8.3,None,N/A,0,Moderate,Yes,0,Yes,None,N/A,0
1155,44,Male,Sweden,HealthTech,CTO/VP Engineering,Medium (201–1 000),1,$150k–$200k,Hybrid,Was already remote,5.4,7.3,19.0,7.1,3.4,3.8,7.5,6.3,4.2,7.4,6.6,None,N/A,0,No access,Yes,0,No,None,N/A,0
1156,39,Male,USA,HealthTech,Software Engineer,Startup (1–50),2,>$200k,Hybrid,Was already remote,10.0,4.9,1.0,9.2,2.9,3.3,8.1,5.4,5.3,8.2,3.2,Anxiety & Burnout,Self-reported,0,Moderate,No,0,Yes,None,Yes,1
1157,26,Male,UK,Government/Public sector,Data Scientist,Small (51–200),5,>$200k,Remote,Yes,7.6,5.9,0.5,5.7,7.2,6.0,5.8,4.5,3.5,6.5,4.9,None,N/A,0,Difficult,Yes,0,Yes,None,N/A,0
1158,48,Female,USA,AI/ML startup,Security Engineer,Small (51–200),3,<$50k,Hybrid,Was already remote,5.6,7.2,0.6,6.3,7.9,6.4,9.7,3.7,3.8,5.2,6.5,Depression,Formally diagnosed,1,Difficult,No,0,Yes,None,No,1
1159,39,Female,USA,Gaming,ML/AI Engineer,Large (1 001–5 000),5,>$200k,Remote,Yes,6.3,8.7,3.3,10.0,4.9,6.9,6.2,4.9,4.0,6.0,3.0,None,N/A,1,Easy,Yes,1,No,None,N/A,0
1160,29,Male,Argentina,Big Tech,Frontend Developer,Large (1 001–5 000),6,$150k–$200k,In-person,Yes,6.8,5.7,1.5,7.7,8.2,3.0,4.5,9.0,4.0,6.3,4.0,Depression & Burnout,Formally diagnosed,1,Easy,Don't know,0,No,1–2 weeks,No,1
1161,18,Male,India,Gaming,QA/Test Engineer,Small (51–200),0,$150k–$200k,Hybrid,Was already remote,4.6,6.3,1.4,6.9,7.8,8.4,9.2,3.4,2.2,5.0,5.7,None,N/A,0,Difficult,Don't know,0,Yes,None,N/A,0
1162,49,Female,Germany,E-commerce,Engineering Manager,Small (51–200),1,>$200k,Hybrid,Was already remote,6.0,5.9,0.0,5.3,3.9,5.6,5.0,7.2,3.4,6.7,3.6,None,N/A,0,Moderate,Don't know,1,No,None,N/A,0
1163,21,Male,Netherlands,HealthTech,Frontend Developer,Enterprise (5 000+),1,$100k–$150k,Remote,Yes,4.1,7.5,0.4,8.3,6.0,8.4,8.8,6.6,2.7,2.3,10.0,None,N/A,0,Difficult,Yes,0,No,None,N/A,0
1164,19,Female,Brazil,FinTech,Cloud Architect,Startup (1–50),1,$75k–$100k,Remote,No,4.2,6.4,4.4,6.5,4.5,6.0,7.4,6.2,1.0,8.0,5.7,None,N/A,0,Difficult,Don't know,0,No,None,N/A,0
1165,39,Female,Sweden,HealthTech,Product Manager,Medium (201–1 000),3,<$50k,Hybrid,Yes,7.6,5.3,1.6,6.9,6.5,5.9,9.1,4.8,1.9,7.0,7.8,None,N/A,0,Moderate,Yes,0,Yes,None,N/A,0
1166,50,Female,USA,AI/ML startup,Engineering Manager,Medium (201–1 000),7,<$50k,Hybrid,Was already remote,7.8,6.3,5.8,1.4,5.3,4.8,8.3,7.5,4.2,6.6,4.1,Anxiety,Self-reported,1,Easy,No,0,Yes,None,Partially,1
1167,42,Male,USA,Big Tech,DevOps/SRE,Large (1 001–5 000),1,$100k–$150k,Hybrid,Yes,8.1,6.8,4.0,8.4,9.4,6.7,7.7,6.8,5.9,6.4,4.2,Anxiety,Not sure / undiagnosed,1,Moderate,Yes,0,No,4–7 days,Yes,1
1168,36,Male,India,Gaming,CTO/VP Engineering,Small (51–200),9,$75k–$100k,Remote,Yes,5.9,6.1,2.7,6.7,3.0,7.3,8.0,7.8,2.0,5.6,6.2,None,N/A,1,Moderate,No,0,Yes,None,N/A,0
1169,36,Female,UK,SaaS/Software,CTO/VP Engineering,Enterprise (5 000+),12,$100k–$150k,Hybrid,Yes,5.1,6.9,2.8,5.2,4.1,6.6,8.8,7.2,6.3,6.0,6.7,None,N/A,0,Easy,No,0,No,None,N/A,0
1170,38,Non-binary,Italy,HealthTech,Frontend Developer,Medium (201–1 000),2,$50k–$75k,Remote,No,6.0,6.9,4.5,8.1,6.3,6.5,9.6,4.5,1.0,3.5,7.7,None,N/A,0,Difficult,No,0,Yes,None,N/A,0
1171,37,Male,Australia,E-commerce,ML/AI Engineer,Small (51–200),6,>$200k,Hybrid,No,2.8,7.3,5.4,7.1,6.2,4.5,7.4,5.9,1.6,4.2,9.2,Burnout,Self-reported,1,Easy,No,0,No,1–3 days,No,1
1172,34,Male,Poland,Government/Public sector,Mobile Developer,Small (51–200),0,$50k–$75k,In-person,Yes,8.5,6.4,0.4,8.2,4.1,6.6,4.9,6.9,6.1,5.0,5.9,ADHD,Formally diagnosed,1,Moderate,Don't know,0,No,None,No,1
1173,32,Female,USA,E-commerce,Data Analyst,Small (51–200),7,$100k–$150k,Hybrid,No,1.1,6.7,1.5,5.0,4.5,10.0,10.0,3.6,1.8,4.9,8.3,Burnout,Self-reported,0,Moderate,Don't know,0,Yes,4–7 days,Partially,1
1174,31,Non-binary,Japan,SaaS/Software,Frontend Developer,Small (51–200),0,$100k–$150k,Remote,No,7.8,5.0,4.4,5.4,5.2,6.3,7.1,8.1,2.7,7.9,4.8,None,N/A,0,No access,Yes,0,Yes,None,N/A,0
1175,26,Female,UK,Government/Public sector,Data Scientist,Enterprise (5 000+),6,<$50k,In-person,Yes,4.2,6.1,1.1,5.6,4.0,4.9,10.0,9.1,3.3,6.2,5.8,Burnout,Formally diagnosed,1,No access,Yes,0,Yes,None,Partially,1
1176,29,Prefer not to say,Italy,Consulting/Agency,Security Engineer,Small (51–200),3,$100k–$150k,Hybrid,No,6.0,4.0,5.2,4.8,4.7,5.5,8.9,6.9,1.8,5.6,5.0,None,N/A,0,Moderate,Yes,0,Yes,None,N/A,0
1177,19,Male,USA,Government/Public sector,Security Engineer,Enterprise (5 000+),14,$100k–$150k,In-person,Yes,4.5,5.6,3.5,5.9,5.7,7.5,7.1,5.8,2.9,3.4,6.7,None,N/A,0,Difficult,Yes,0,Yes,None,N/A,0
1178,31,Male,Germany,E-commerce,Backend Developer,Medium (201–1 000),3,$100k–$150k,Hybrid,No,4.5,7.7,1.7,7.8,5.0,5.8,8.1,3.8,1.0,6.5,5.8,None,N/A,0,Difficult,No,0,No,None,N/A,0
1179,24,Female,Sweden,FinTech,Security Engineer,Small (51–200),0,$150k–$200k,Hybrid,No,1.6,8.3,7.6,4.9,4.5,9.4,9.9,5.6,1.3,1.7,9.9,None,N/A,0,Easy,No,0,Yes,None,N/A,0
1180,23,Female,Canada,Consulting/Agency,QA/Test Engineer,Small (51–200),3,$75k–$100k,Remote,Yes,3.7,5.6,4.5,7.0,6.6,7.8,6.0,7.6,1.4,5.1,5.4,None,N/A,0,No access,No,0,Yes,None,N/A,0
1181,33,Male,Canada,E-commerce,Security Engineer,Medium (201–1 000),8,$150k–$200k,Hybrid,No,7.6,4.3,2.0,2.4,3.7,4.0,6.5,8.2,4.3,9.6,2.5,Depression,Formally diagnosed,1,Moderate,Yes,1,Yes,None,No,1
1182,42,Male,Italy,E-commerce,CTO/VP Engineering,Large (1 001–5 000),5,$150k–$200k,Hybrid,No,3.8,7.1,1.6,7.2,6.4,8.0,7.7,7.7,3.1,2.0,10.0,Depression,Self-reported,0,Moderate,Yes,0,Yes,None,Partially,1
1183,38,Female,UK,Cybersecurity,ML/AI Engineer,Enterprise (5 000+),18,$150k–$200k,In-person,No,3.7,7.7,15.4,7.2,5.6,7.1,7.6,1.0,2.6,3.8,8.7,None,N/A,0,Difficult,Yes,0,Yes,None,N/A,0
1184,20,Male,India,Big Tech,ML/AI Engineer,Large (1 001–5 000),10,$75k–$100k,Remote,No,5.8,5.8,6.2,5.5,3.0,5.6,5.9,4.6,2.5,6.6,5.3,None,N/A,0,No access,Don't know,0,Yes,None,N/A,0
1185,24,Male,USA,Gaming,Product Manager,Medium (201–1 000),4,$50k–$75k,Remote,No,1.8,6.9,1.4,5.3,3.6,8.2,9.3,7.6,2.4,3.9,7.5,Anxiety,Self-reported,0,No access,Don't know,0,Yes,1–3 days,No,1
1186,39,Male,Brazil,Big Tech,ML/AI Engineer,Startup (1–50),1,$100k–$150k,In-person,Was already remote,5.4,7.6,5.6,8.2,1.0,3.8,10.0,4.2,5.3,6.1,7.0,Anxiety & Depression,Self-reported,1,Moderate,Yes,1,No,1–2 weeks,No,1
1187,24,Female,India,SaaS/Software,QA/Test Engineer,Enterprise (5 000+),0,$75k–$100k,Remote,No,6.5,8.3,0.0,4.3,7.7,6.4,5.4,5.3,1.2,7.0,3.7,Burnout,Self-reported,1,Difficult,Yes,1,No,None,No,1
1188,30,Female,UK,E-commerce,Data Scientist,Enterprise (5 000+),21,<$50k,Hybrid,Yes,6.7,5.8,0.5,9.5,5.3,6.5,6.3,5.0,1.6,6.2,3.7,None,N/A,0,Moderate,Yes,0,Yes,None,N/A,0
1189,36,Male,USA,SaaS/Software,Backend Developer,Medium (201–1 000),15,$75k–$100k,Hybrid,Was already remote,4.1,7.6,11.3,6.2,6.6,5.6,10.0,3.7,4.7,5.5,7.8,Anxiety,Self-reported,0,Moderate,No,0,Yes,None,No,1
1190,24,Female,India,HealthTech,Mobile Developer,Startup (1–50),1,$100k–$150k,In-person,Yes,8.2,6.1,6.2,5.3,7.5,5.7,8.6,7.7,2.1,6.7,7.9,Burnout,Not sure / undiagnosed,1,Moderate,No,0,No,None,Yes,1
1191,32,Female,USA,AI/ML startup,Cloud Architect,Large (1 001–5 000),5,$50k–$75k,Hybrid,Yes,7.8,7.4,2.5,3.1,3.9,5.1,4.3,7.6,2.0,7.4,5.1,ADHD,Formally diagnosed,1,Moderate,Yes,1,No,None,Yes,1
1192,21,Female,USA,SaaS/Software,Security Engineer,Large (1 001–5 000),7,>$200k,Hybrid,No,2.9,6.0,4.8,7.6,4.8,6.2,8.5,6.4,1.0,2.8,10.0,None,N/A,0,Moderate,Yes,1,Yes,None,N/A,0
1193,27,Female,India,Gaming,Cloud Architect,Medium (201–1 000),4,$100k–$150k,In-person,Was already remote,7.3,6.3,0.0,6.6,4.8,7.5,7.7,9.2,2.3,8.0,6.2,None,N/A,1,Moderate,Yes,0,No,None,N/A,0
1194,34,Male,USA,SaaS/Software,Full-Stack Developer,Medium (201–1 000),10,$50k–$75k,Remote,Yes,6.3,5.8,1.1,7.6,7.9,7.8,8.1,7.5,2.8,5.1,9.2,Anxiety & Burnout,Self-reported,1,No access,No,0,No,None,No,1
1195,20,Male,USA,Cybersecurity,Mobile Developer,Enterprise (5 000+),0,$150k–$200k,Hybrid,Yes,6.9,6.3,0.8,9.0,6.9,2.2,6.8,6.8,1.0,7.8,3.8,Burnout,Formally diagnosed,1,No access,Yes,1,No,None,No,1
1196,35,Male,India,Consulting/Agency,CTO/VP Engineering,Small (51–200),12,>$200k,Remote,Yes,4.9,7.8,0.1,5.0,4.9,8.7,9.9,6.6,4.0,4.2,3.1,None,N/A,1,Easy,Don't know,0,No,None,N/A,0
1197,31,Male,USA,HealthTech,Frontend Developer,Medium (201–1 000),2,$75k–$100k,Hybrid,Yes,3.7,7.1,4.6,5.6,8.9,6.7,9.8,8.1,4.1,4.9,4.8,Burnout,Self-reported,1,Easy,Yes,1,No,None,No,1
1198,36,Male,UK,Cybersecurity,Engineering Manager,Startup (1–50),3,$50k–$75k,Remote,Was already remote,5.7,5.8,1.1,4.5,2.4,7.1,7.2,7.3,3.1,4.7,6.4,Burnout,Formally diagnosed,1,Moderate,Yes,0,Yes,4–7 days,Partially,1
1199,33,Female,USA,E-commerce,ML/AI Engineer,Small (51–200),3,$75k–$100k,Hybrid,Was already remote,6.7,7.4,3.0,5.0,7.2,5.1,5.3,5.4,2.3,7.1,4.1,Burnout,Formally diagnosed,0,No access,Yes,0,No,None,No,1
1200,42,Female,Germany,Cybersecurity,Cloud Architect,Enterprise (5 000+),4,$150k–$200k,Hybrid,Yes,6.7,7.0,0.0,8.4,4.5,4.3,9.1,7.3,4.1,5.3,7.0,None,N/A,0,Easy,Don't know,0,Yes,None,N/A,0
1201,32,Female,Australia,FinTech,Engineering Manager,Medium (201–1 000),5,$50k–$75k,Remote,Yes,6.6,6.7,0.0,7.9,4.0,8.3,10.0,8.4,2.5,5.6,7.7,None,N/A,0,Difficult,Don't know,0,No,None,N/A,0
1202,28,Male,France,E-commerce,Data Analyst,Large (1 001–5 000),6,$150k–$200k,In-person,Was already remote,4.1,5.7,0.9,6.6,9.4,5.5,7.8,9.2,1.3,8.1,6.9,ADHD,Self-reported,1,Easy,No,0,No,None,Yes,1
1203,32,Male,USA,AI/ML startup,DevOps/SRE,Medium (201–1 000),4,$150k–$200k,Hybrid,Yes,8.5,6.6,3.3,7.5,10.0,4.5,9.0,10.0,3.2,7.7,4.9,None,N/A,0,Easy,Don't know,1,No,None,N/A,0
1204,36,Male,USA,Cybersecurity,Security Engineer,Large (1 001–5 000),6,$100k–$150k,Hybrid,Yes,8.1,5.4,2.4,9.8,9.9,3.2,7.1,9.0,1.4,5.7,6.1,None,N/A,0,Easy,Yes,0,Yes,None,N/A,0
1205,32,Male,USA,Consulting/Agency,Data Analyst,Medium (201–1 000),2,$100k–$150k,Hybrid,Yes,6.4,5.4,0.4,5.7,5.0,6.6,7.9,4.4,2.4,6.3,7.0,Burnout,Formally diagnosed,1,No access,Don't know,0,Yes,1–3 days,Yes,1
1206,32,Male,UK,AI/ML startup,Data Scientist,Startup (1–50),15,$75k–$100k,Hybrid,Yes,4.3,5.9,2.8,8.0,5.2,5.0,10.0,7.2,3.3,5.4,6.1,Burnout,Not sure / undiagnosed,1,Difficult,No,0,No,None,No,1
1207,26,Female,Mexico,SaaS/Software,Full-Stack Developer,Enterprise (5 000+),0,$50k–$75k,Remote,Yes,6.5,7.1,3.0,7.6,7.1,4.9,10.0,8.4,4.1,4.9,8.2,None,N/A,0,Moderate,Yes,0,Yes,None,N/A,0
1208,27,Prefer not to say,USA,Cybersecurity,Engineering Manager,Startup (1–50),4,$75k–$100k,Remote,Yes,5.2,7.3,9.7,4.9,7.8,8.1,6.5,3.7,3.5,3.2,6.4,None,N/A,0,Moderate,Don't know,0,No,None,N/A,0
1209,21,Male,USA,HealthTech,Product Manager,Medium (201–1 000),0,$100k–$150k,Hybrid,No,5.4,6.7,4.9,6.2,3.0,2.3,8.4,6.9,4.4,9.0,3.3,ADHD,Self-reported,1,Moderate,No,0,No,None,Yes,1
1210,45,Male,USA,Big Tech,Security Engineer,Medium (201–1 000),3,>$200k,In-person,No,7.2,3.9,0.0,5.2,7.5,3.1,8.6,5.7,4.5,7.0,4.2,Burnout,Formally diagnosed,1,Easy,Yes,1,No,1–3 days,Partially,1
1211,22,Female,India,SaaS/Software,Data Scientist,Startup (1–50),1,$150k–$200k,In-person,No,5.2,7.9,1.0,9.3,3.7,6.5,7.2,5.4,3.7,4.1,8.2,None,N/A,0,Easy,Yes,0,Yes,None,N/A,0
1212,26,Male,Australia,Government/Public sector,Data Analyst,Startup (1–50),15,<$50k,Hybrid,Was already remote,8.5,7.0,0.8,4.2,5.3,6.6,7.9,7.3,3.9,7.7,6.1,Anxiety & Burnout,Formally diagnosed,0,Easy,Yes,0,Yes,4–7 days,Yes,1
1213,26,Female,India,FinTech,QA/Test Engineer,Large (1 001–5 000),0,$50k–$75k,Hybrid,Was already remote,7.1,5.7,0.0,2.4,5.9,3.6,5.4,4.8,5.9,5.4,5.9,Depression,Not sure / undiagnosed,1,No access,Yes,1,No,>2 weeks,Yes,1
1214,38,Female,Japan,HealthTech,Frontend Developer,Small (51–200),2,$150k–$200k,Remote,Yes,7.8,7.7,2.0,3.4,5.6,7.8,6.6,5.1,5.7,6.5,6.0,None,N/A,0,Moderate,Yes,0,Yes,None,N/A,0
1215,29,Non-binary,Canada,HealthTech,Mobile Developer,Medium (201–1 000),8,>$200k,Remote,No,4.4,5.9,8.5,5.3,4.1,8.0,10.0,5.5,3.9,5.8,5.4,None,N/A,0,Difficult,Yes,0,No,None,N/A,0
1216,41,Male,USA,AI/ML startup,Data Scientist,Medium (201–1 000),1,<$50k,Hybrid,Was already remote,4.9,6.9,1.3,6.9,5.1,5.1,9.0,4.3,2.0,5.4,8.6,ADHD,Not sure / undiagnosed,0,Difficult,Don't know,1,No,None,No,1
1217,26,Female,USA,Big Tech,CTO/VP Engineering,Medium (201–1 000),9,$100k–$150k,Remote,Was already remote,3.8,7.2,15.0,3.6,6.5,8.2,10.0,5.5,1.1,4.3,8.1,Depression & Burnout,Formally diagnosed,1,Moderate,Yes,1,No,None,Yes,1
1218,34,Male,Australia,Consulting/Agency,Software Engineer,Large (1 001–5 000),10,$75k–$100k,In-person,Yes,8.4,6.3,0.1,6.9,6.2,4.9,6.9,9.1,3.0,8.4,3.6,None,N/A,0,Moderate,Don't know,0,Yes,None,N/A,0
1219,25,Female,India,AI/ML startup,Mobile Developer,Enterprise (5 000+),6,$75k–$100k,Hybrid,No,10.0,4.2,0.8,7.1,7.3,4.2,5.6,4.6,2.8,9.2,3.5,ADHD,Not sure / undiagnosed,0,Difficult,No,0,No,None,Yes,1
1220,48,Male,Germany,Big Tech,Frontend Developer,Startup (1–50),1,$100k–$150k,Remote,No,6.9,4.6,0.9,5.7,2.8,7.0,9.0,6.7,1.0,3.5,9.1,Depression,Self-reported,0,Easy,No,0,Yes,None,Yes,1
1221,23,Male,Australia,Cybersecurity,Software Engineer,Large (1 001–5 000),1,$150k–$200k,Remote,No,6.5,6.4,0.9,6.1,7.2,5.5,10.0,6.3,2.6,5.5,7.0,None,N/A,1,Moderate,Yes,1,No,None,N/A,0
1222,34,Male,India,FinTech,ML/AI Engineer,Small (51–200),1,$75k–$100k,Remote,Yes,5.1,5.8,1.6,7.4,8.7,7.8,9.5,9.7,2.6,5.4,7.1,Burnout,Self-reported,1,Easy,Yes,1,Yes,None,No,1
1223,36,Male,Singapore,SaaS/Software,DevOps/SRE,Medium (201–1 000),1,$100k–$150k,Remote,Yes,8.9,6.3,0.0,6.9,7.9,4.8,6.0,8.0,4.0,6.7,5.4,Depression,Self-reported,1,Difficult,Yes,1,No,None,No,1
1224,35,Female,India,HealthTech,Data Scientist,Medium (201–1 000),0,$100k–$150k,Hybrid,No,5.9,6.7,2.4,6.6,1.7,6.6,10.0,6.4,5.9,5.1,6.4,Anxiety,Formally diagnosed,1,No access,No,0,Yes,None,Yes,1
1225,30,Female,Netherlands,Consulting/Agency,Frontend Developer,Small (51–200),10,$100k–$150k,Remote,Yes,4.8,8.3,4.8,2.6,6.2,5.9,9.5,9.3,1.8,7.2,5.8,Anxiety & Depression,Formally diagnosed,0,Difficult,Yes,0,No,None,No,1
1226,31,Female,USA,AI/ML startup,Product Manager,Startup (1–50),4,$100k–$150k,Remote,Yes,3.3,8.6,7.4,5.2,6.0,7.0,7.5,5.4,1.0,3.4,8.6,Burnout,Formally diagnosed,0,Difficult,Don't know,0,Yes,None,No,1
1227,32,Male,Australia,FinTech,Software Engineer,Medium (201–1 000),2,<$50k,In-person,Was already remote,4.1,7.0,1.6,4.2,4.4,4.4,8.8,9.3,3.8,8.2,6.6,None,N/A,0,Moderate,No,0,Yes,None,N/A,0
1228,30,Female,Ireland,SaaS/Software,Security Engineer,Startup (1–50),1,<$50k,Hybrid,Yes,6.1,8.2,2.5,7.6,8.0,4.2,7.9,9.0,5.0,5.8,6.3,Anxiety,Formally diagnosed,1,Moderate,Yes,1,No,None,Partially,1
1229,39,Male,UK,FinTech,Security Engineer,Small (51–200),4,$100k–$150k,Hybrid,Yes,2.7,7.5,8.5,5.5,7.1,8.6,9.9,6.9,2.9,1.0,9.3,Other,Self-reported,1,No access,Yes,0,Yes,1–3 days,Yes,1
1230,48,Female,Netherlands,HealthTech,Backend Developer,Enterprise (5 000+),2,$100k–$150k,Hybrid,Was already remote,3.8,7.0,6.0,9.2,6.4,7.9,6.9,5.4,2.0,3.1,6.1,None,N/A,0,Easy,Yes,0,No,None,N/A,0
1231,27,Non-binary,France,Cybersecurity,Data Analyst,Small (51–200),10,$50k–$75k,In-person,Yes,9.0,7.8,1.1,8.7,4.1,6.3,5.8,8.9,3.9,6.8,7.1,Depression & Burnout,Not sure / undiagnosed,0,Moderate,Yes,0,No,1–2 weeks,Yes,1
1232,21,Male,USA,Consulting/Agency,Frontend Developer,Medium (201–1 000),1,$100k–$150k,Remote,Yes,7.5,5.2,0.0,9.0,6.0,6.7,7.3,7.9,1.1,7.2,3.6,Burnout,Self-reported,1,Easy,Yes,0,Yes,None,No,1
1233,31,Female,Germany,Big Tech,DevOps/SRE,Small (51–200),11,$150k–$200k,Hybrid,No,5.4,5.0,2.7,5.7,8.3,9.0,7.0,7.9,4.5,5.3,5.6,Anxiety & Burnout,Formally diagnosed,1,Difficult,Don't know,0,No,4–7 days,No,1
1234,51,Male,USA,Government/Public sector,Data Scientist,Enterprise (5 000+),6,$100k–$150k,In-person,Yes,7.7,6.0,15.3,5.2,9.2,3.6,6.5,7.1,4.4,6.1,5.6,Burnout,Formally diagnosed,0,Moderate,Yes,0,Yes,1–2 weeks,Partially,1
1235,25,Male,South Africa,Consulting/Agency,CTO/VP Engineering,Small (51–200),17,$100k–$150k,Hybrid,Yes,4.6,7.1,5.1,5.7,5.1,6.8,10.0,5.9,1.0,5.3,5.3,Burnout,Self-reported,0,Difficult,No,0,No,None,No,1
1236,44,Female,Sweden,Big Tech,Frontend Developer,Medium (201–1 000),0,$150k–$200k,Remote,Yes,7.4,7.0,5.9,8.2,4.8,2.9,6.2,7.6,1.1,5.5,6.7,None,N/A,0,Difficult,Yes,0,Yes,None,N/A,0
1237,44,Male,USA,AI/ML startup,Cloud Architect,Large (1 001–5 000),0,$50k–$75k,In-person,Yes,5.3,5.5,0.6,8.6,6.7,5.9,9.0,5.0,2.8,4.1,7.4,None,N/A,0,Easy,No,0,No,None,N/A,0
1238,27,Female,USA,Cybersecurity,Data Scientist,Enterprise (5 000+),3,$100k–$150k,Remote,Was already remote,9.5,5.6,6.9,5.9,3.6,3.9,7.2,5.2,2.9,8.7,4.1,Burnout,Formally diagnosed,1,No access,Yes,0,No,None,Partially,1
1239,36,Male,India,Big Tech,QA/Test Engineer,Large (1 001–5 000),13,$50k–$75k,Remote,Was already remote,4.0,5.7,0.3,8.6,1.7,6.9,7.6,9.2,1.7,4.1,6.2,None,N/A,0,Difficult,Yes,0,No,None,N/A,0
1240,44,Male,UK,Cybersecurity,Software Engineer,Small (51–200),7,$100k–$150k,Hybrid,Yes,8.8,5.7,5.9,6.0,5.2,3.0,5.8,10.0,4.5,7.4,5.0,None,N/A,0,Difficult,Don't know,0,Yes,None,N/A,0
1241,29,Female,USA,FinTech,Engineering Manager,Large (1 001–5 000),5,$100k–$150k,Hybrid,Yes,5.8,8.1,0.7,6.8,6.9,4.8,8.4,6.1,1.4,5.2,6.5,Burnout,Self-reported,1,No access,Yes,1,Yes,1–3 days,Yes,1
1242,30,Female,Germany,Consulting/Agency,Frontend Developer,Large (1 001–5 000),0,$50k–$75k,Remote,Yes,2.6,7.5,4.1,5.6,4.2,10.0,10.0,8.6,2.7,3.7,7.8,Anxiety,Not sure / undiagnosed,0,Difficult,Yes,0,No,None,No,1
1243,27,Non-binary,UK,Consulting/Agency,Frontend Developer,Enterprise (5 000+),2,$50k–$75k,Hybrid,Yes,6.6,5.4,0.8,10.0,7.1,6.7,6.3,7.2,2.5,4.9,7.2,Anxiety & Depression,Self-reported,1,Moderate,Yes,1,No,1–3 days,No,1
1244,24,Female,USA,HealthTech,Security Engineer,Enterprise (5 000+),2,$50k–$75k,Remote,Was already remote,7.3,4.1,0.0,10.0,5.1,4.5,8.6,6.3,2.9,7.6,5.3,None,N/A,0,Moderate,No,0,Yes,None,N/A,0
1245,27,Female,Sweden,Consulting/Agency,DevOps/SRE,Medium (201–1 000),4,$100k–$150k,Hybrid,Was already remote,8.7,5.6,0.0,7.9,6.9,5.0,7.9,6.1,2.5,7.8,3.6,Burnout,Formally diagnosed,0,Difficult,Yes,1,No,1–2 weeks,No,1
1246,22,Male,Spain,FinTech,DevOps/SRE,Large (1 001–5 000),1,$50k–$75k,In-person,Yes,7.4,6.3,1.6,5.9,7.0,6.5,7.4,9.2,2.8,4.8,5.9,ADHD,Not sure / undiagnosed,0,Easy,Yes,0,No,1–2 weeks,No,1
1247,32,Male,Netherlands,HealthTech,CTO/VP Engineering,Medium (201–1 000),1,$75k–$100k,Hybrid,Yes,4.3,7.0,9.0,3.1,7.9,3.5,7.7,6.0,5.8,6.6,6.9,Anxiety,Not sure / undiagnosed,0,Difficult,Don't know,0,Yes,4–7 days,Partially,1
1248,26,Male,Brazil,Cybersecurity,Data Analyst,Medium (201–1 000),5,$100k–$150k,Hybrid,Yes,7.9,4.7,0.9,6.5,4.3,6.8,8.0,5.5,5.6,7.5,6.6,Depression,Formally diagnosed,1,Moderate,Don't know,0,Yes,None,Yes,1
1249,33,Female,USA,E-commerce,Product Manager,Startup (1–50),15,$75k–$100k,Hybrid,Was already remote,6.1,6.8,0.0,7.5,4.1,5.6,7.5,8.6,1.0,3.7,7.5,None,N/A,0,Moderate,Yes,0,Yes,None,N/A,0
1250,20,Female,USA,Big Tech,Data Scientist,Startup (1–50),5,$75k–$100k,Remote,No,3.2,5.2,0.6,3.7,3.7,10.0,9.8,9.3,3.5,4.5,7.1,Anxiety,Formally diagnosed,1,Moderate,Yes,1,Yes,4–7 days,No,1
1251,34,Male,USA,SaaS/Software,Full-Stack Developer,Startup (1–50),6,>$200k,Remote,Yes,5.8,6.7,0.6,9.7,6.6,5.4,10.0,7.9,1.0,6.8,5.9,None,N/A,0,Moderate,Yes,0,No,None,N/A,0
1252,38,Female,Netherlands,Cybersecurity,Data Analyst,Enterprise (5 000+),23,$150k–$200k,Remote,Was already remote,3.9,6.9,0.5,9.1,8.4,8.3,9.5,3.5,1.2,3.6,8.1,None,N/A,0,Moderate,Yes,0,Yes,None,N/A,0
1253,18,Male,Poland,FinTech,DevOps/SRE,Startup (1–50),0,$75k–$100k,In-person,Was already remote,5.7,7.4,1.4,4.7,8.0,2.6,6.9,6.2,1.1,5.9,5.3,None,N/A,0,Moderate,Yes,0,No,None,N/A,0
1254,34,Male,France,Cybersecurity,Cloud Architect,Startup (1–50),0,$100k–$150k,Hybrid,No,7.3,7.5,1.1,6.7,3.8,5.3,5.0,9.1,2.8,7.2,4.8,Anxiety,Not sure / undiagnosed,0,Moderate,Don't know,0,No,1–3 days,No,1
1255,41,Male,Singapore,SaaS/Software,Full-Stack Developer,Small (51–200),7,$100k–$150k,Hybrid,Yes,4.0,4.5,12.8,6.8,6.3,6.2,9.0,6.9,1.5,4.8,5.8,None,N/A,0,Easy,Yes,0,No,None,N/A,0
1256,22,Female,India,FinTech,Engineering Manager,Medium (201–1 000),3,>$200k,Remote,Yes,6.5,7.2,0.9,6.3,8.1,5.2,8.0,3.8,1.5,6.7,5.5,Depression,Formally diagnosed,0,Easy,No,0,No,4–7 days,No,1
1257,44,Female,UK,Consulting/Agency,ML/AI Engineer,Enterprise (5 000+),3,$100k–$150k,In-person,Yes,7.9,7.3,2.4,6.9,6.7,4.6,5.2,7.7,2.2,7.6,4.8,Burnout,Formally diagnosed,1,Easy,No,0,No,4–7 days,Yes,1
1258,35,Female,UK,Cybersecurity,Full-Stack Developer,Large (1 001–5 000),1,$100k–$150k,Hybrid,No,4.9,7.6,6.0,5.2,3.1,7.1,6.0,5.9,2.2,7.1,3.2,Depression,Not sure / undiagnosed,1,Moderate,Don't know,0,No,1–2 weeks,Partially,1
1259,26,Male,USA,Big Tech,Software Engineer,Small (51–200),3,$150k–$200k,In-person,No,5.5,6.1,2.4,6.2,9.5,7.8,7.9,4.6,3.5,6.2,5.3,Burnout,Not sure / undiagnosed,0,Difficult,Yes,0,No,None,Yes,1
1260,31,Prefer not to say,USA,AI/ML startup,Frontend Developer,Enterprise (5 000+),3,<$50k,Hybrid,No,7.9,7.4,3.4,6.7,8.3,5.7,5.8,4.0,2.8,5.6,5.0,Depression & Burnout,Self-reported,0,Moderate,Yes,0,No,>2 weeks,No,1
1261,36,Male,Australia,Consulting/Agency,DevOps/SRE,Startup (1–50),2,$100k–$150k,In-person,Yes,8.0,5.5,12.0,5.2,5.7,4.6,9.1,6.9,4.4,6.8,4.6,Anxiety,Self-reported,0,Difficult,No,0,Yes,1–3 days,No,1
1262,32,Male,Canada,Consulting/Agency,Frontend Developer,Enterprise (5 000+),3,$75k–$100k,In-person,Was already remote,3.9,5.8,1.7,7.8,5.7,6.3,7.7,7.7,1.0,3.3,7.0,Anxiety,Formally diagnosed,1,Easy,Yes,1,No,None,Yes,1
1263,36,Prefer not to say,Germany,E-commerce,Engineering Manager,Startup (1–50),2,>$200k,Hybrid,No,4.1,7.0,0.5,6.4,6.1,7.2,7.4,4.7,1.2,4.3,4.3,None,N/A,0,Easy,No,0,No,None,N/A,0
1264,25,Male,Germany,AI/ML startup,Data Analyst,Large (1 001–5 000),15,>$200k,In-person,Yes,7.4,6.1,1.3,5.5,8.6,4.9,7.1,2.8,2.7,7.5,4.6,None,N/A,0,No access,Yes,0,No,None,N/A,0
1265,33,Female,USA,Gaming,CTO/VP Engineering,Startup (1–50),21,$50k–$75k,Hybrid,No,5.6,7.6,2.6,4.7,4.9,8.0,7.2,8.5,3.2,2.6,10.0,Depression,Formally diagnosed,0,Moderate,No,0,Yes,None,No,1
1266,21,Male,Canada,AI/ML startup,QA/Test Engineer,Enterprise (5 000+),10,$75k–$100k,Remote,Was already remote,5.7,5.9,2.8,7.6,9.0,6.1,6.5,8.9,3.1,3.5,9.1,None,N/A,0,Easy,No,1,Yes,None,N/A,0
1267,31,Female,Canada,E-commerce,DevOps/SRE,Startup (1–50),25,$75k–$100k,Remote,No,2.8,7.4,5.3,6.6,5.4,5.4,10.0,4.9,1.0,6.1,8.1,None,N/A,0,Difficult,No,0,Yes,None,N/A,0
1268,25,Non-binary,UK,Government/Public sector,DevOps/SRE,Startup (1–50),1,$50k–$75k,Hybrid,Yes,5.2,5.5,7.9,5.0,8.2,5.7,9.2,5.9,3.9,6.2,6.2,Burnout,Formally diagnosed,0,Difficult,No,0,Yes,None,No,1
1269,26,Male,Brazil,SaaS/Software,Backend Developer,Enterprise (5 000+),10,$100k–$150k,Hybrid,Yes,5.7,8.1,2.2,5.8,5.6,6.2,9.0,9.7,3.9,6.3,9.1,Depression,Self-reported,0,Easy,No,0,Yes,None,No,1
1270,41,Female,Canada,E-commerce,Frontend Developer,Startup (1–50),2,$100k–$150k,Hybrid,Yes,7.3,6.9,0.0,5.7,7.0,5.9,8.2,5.0,4.2,6.4,6.0,None,N/A,0,Moderate,Don't know,0,No,None,N/A,0
1271,40,Male,India,Government/Public sector,DevOps/SRE,Large (1 001–5 000),7,$100k–$150k,Hybrid,Was already remote,5.3,4.2,1.7,8.0,4.8,7.4,10.0,7.5,1.4,5.7,6.3,None,N/A,0,Easy,Don't know,0,Yes,None,N/A,0
1272,36,Female,Ireland,HealthTech,Cloud Architect,Large (1 001–5 000),1,$100k–$150k,Remote,No,7.3,7.6,0.0,9.3,5.3,8.0,5.2,5.9,1.0,6.4,4.5,Anxiety & Depression,Formally diagnosed,1,Difficult,Yes,1,Yes,1–3 days,Partially,1
1273,23,Male,Singapore,Consulting/Agency,QA/Test Engineer,Medium (201–1 000),9,<$50k,Hybrid,No,5.7,6.8,0.5,6.1,6.4,4.4,7.3,4.5,3.9,3.7,6.0,None,N/A,0,Difficult,Yes,0,No,None,N/A,0
1274,29,Male,Ireland,Gaming,QA/Test Engineer,Medium (201–1 000),0,$100k–$150k,Remote,Was already remote,8.3,6.2,0.0,7.1,6.7,5.7,6.0,5.4,3.8,5.8,5.2,None,N/A,0,Moderate,Don't know,0,No,None,N/A,0
1275,41,Male,USA,E-commerce,Software Engineer,Enterprise (5 000+),1,>$200k,Remote,Was already remote,6.0,8.6,9.0,7.6,2.3,9.0,8.0,3.8,2.7,6.0,6.1,Depression,Formally diagnosed,0,Moderate,Yes,0,No,None,No,1
1276,33,Male,USA,Big Tech,Mobile Developer,Enterprise (5 000+),9,$100k–$150k,Hybrid,Yes,5.1,5.0,4.8,4.2,4.6,4.4,5.1,5.7,2.3,7.0,5.3,None,N/A,0,Difficult,Yes,0,Yes,None,N/A,0
1277,49,Non-binary,USA,Gaming,Data Scientist,Medium (201–1 000),7,$50k–$75k,Remote,No,4.7,7.3,0.5,6.5,7.8,5.9,8.7,4.9,2.0,6.5,5.7,None,N/A,0,No access,Don't know,0,No,None,N/A,0
1278,34,Male,USA,HealthTech,DevOps/SRE,Small (51–200),3,$50k–$75k,Hybrid,Yes,4.1,6.6,9.1,7.3,4.3,7.0,8.3,6.3,1.0,4.7,6.4,None,N/A,0,Moderate,Yes,0,No,None,N/A,0
1279,33,Male,Spain,FinTech,QA/Test Engineer,Small (51–200),6,$75k–$100k,In-person,Yes,6.6,5.4,6.7,7.4,8.2,2.2,8.5,9.4,5.0,8.1,6.0,Depression,Self-reported,0,Difficult,Yes,0,No,1–3 days,No,1
1280,29,Male,India,Big Tech,QA/Test Engineer,Small (51–200),1,$150k–$200k,In-person,Was already remote,9.5,7.3,7.2,5.9,4.6,2.0,9.5,5.7,4.4,7.7,7.0,ADHD,Self-reported,0,Difficult,Yes,0,No,1–2 weeks,No,1
1281,33,Male,USA,FinTech,Software Engineer,Medium (201–1 000),6,$75k–$100k,Remote,No,7.4,5.3,0.0,3.9,6.2,6.9,7.2,5.6,4.3,5.0,6.1,Burnout,Not sure / undiagnosed,0,No access,Yes,0,Yes,1–3 days,No,1
1282,30,Female,USA,Big Tech,Backend Developer,Enterprise (5 000+),0,$150k–$200k,In-person,Yes,6.7,5.8,0.0,7.3,5.2,6.0,7.0,4.6,1.0,7.4,3.5,Anxiety,Formally diagnosed,0,Moderate,Yes,0,Yes,None,No,1
1283,37,Prefer not to say,USA,Gaming,Data Scientist,Large (1 001–5 000),9,$150k–$200k,Remote,Yes,3.8,7.4,0.6,6.9,8.7,8.0,8.7,8.7,1.0,3.5,9.8,Anxiety,Self-reported,0,Difficult,Yes,0,No,>2 weeks,No,1
1284,39,Male,India,Big Tech,Mobile Developer,Large (1 001–5 000),3,$100k–$150k,Remote,Was already remote,3.9,8.4,12.2,8.0,9.9,7.6,8.8,6.4,2.0,3.8,6.2,None,N/A,0,Easy,Yes,0,Yes,None,N/A,0
1285,26,Female,France,Gaming,Product Manager,Medium (201–1 000),15,$75k–$100k,Hybrid,Was already remote,7.7,5.9,3.0,2.4,4.5,4.1,7.0,9.4,3.9,7.8,6.0,Burnout,Formally diagnosed,1,Easy,No,0,No,None,Yes,1
1286,22,Female,Japan,SaaS/Software,DevOps/SRE,Small (51–200),3,$100k–$150k,Hybrid,No,6.8,7.3,0.2,6.5,6.2,5.5,7.4,5.7,2.2,6.3,5.7,Depression,Formally diagnosed,1,No access,Yes,1,No,4–7 days,Yes,1
1287,18,Male,Mexico,FinTech,Product Manager,Large (1 001–5 000),3,$150k–$200k,Remote,Yes,4.9,8.7,9.3,5.8,3.9,8.3,9.0,7.3,2.5,4.8,8.0,None,N/A,0,Difficult,Yes,0,No,None,N/A,0
1288,35,Female,USA,Cybersecurity,Product Manager,Large (1 001–5 000),3,<$50k,Remote,Yes,2.9,9.2,2.6,5.5,4.1,5.2,10.0,4.1,1.0,4.5,8.1,ADHD,Self-reported,0,No access,Don't know,0,No,1–3 days,No,1
1289,23,Male,USA,HealthTech,CTO/VP Engineering,Large (1 001–5 000),2,>$200k,Remote,Yes,5.6,8.0,5.2,4.1,8.0,8.1,7.8,7.1,3.0,3.7,6.2,None,N/A,0,Easy,Don't know,0,Yes,None,N/A,0
1290,18,Female,USA,Big Tech,Data Analyst,Startup (1–50),1,$100k–$150k,Remote,No,4.4,8.3,3.7,4.5,5.8,5.0,8.5,9.0,1.8,4.4,7.6,Burnout,Formally diagnosed,1,Moderate,Don't know,0,No,None,Partially,1
1291,34,Female,UK,Gaming,Backend Developer,Medium (201–1 000),10,$75k–$100k,Remote,Yes,5.0,7.9,3.7,6.7,6.1,7.9,9.4,6.9,4.0,3.5,6.8,Anxiety,Formally diagnosed,1,Difficult,Yes,1,Yes,4–7 days,No,1
1292,50,Male,Spain,HealthTech,Data Analyst,Small (51–200),2,$100k–$150k,Remote,Yes,3.7,5.6,2.4,5.0,6.6,6.3,10.0,5.6,1.5,6.6,5.2,None,N/A,0,No access,Yes,0,No,None,N/A,0
1293,31,Non-binary,Germany,Government/Public sector,Frontend Developer,Small (51–200),4,$75k–$100k,Hybrid,No,7.5,6.7,1.1,4.6,4.6,4.7,8.6,3.1,3.4,5.7,5.3,Burnout,Not sure / undiagnosed,0,Moderate,Yes,0,No,1–3 days,No,1
1294,38,Female,France,AI/ML startup,Security Engineer,Large (1 001–5 000),0,$75k–$100k,Remote,No,4.9,7.3,0.6,6.3,3.1,5.1,10.0,7.5,1.8,4.4,7.1,None,N/A,0,Difficult,No,0,Yes,None,N/A,0
1295,32,Male,Canada,Big Tech,Engineering Manager,Small (51–200),0,$100k–$150k,Remote,No,6.9,7.0,0.0,4.8,3.8,10.0,10.0,8.7,3.5,5.3,7.7,Anxiety & Burnout,Formally diagnosed,0,No access,Don't know,0,No,1–3 days,Partially,1
1296,31,Female,USA,E-commerce,Full-Stack Developer,Enterprise (5 000+),5,<$50k,Hybrid,Was already remote,6.7,5.5,8.7,6.3,4.7,6.2,10.0,6.5,6.8,5.8,6.1,None,N/A,0,Moderate,Yes,0,No,None,N/A,0
1297,38,Male,USA,Consulting/Agency,Security Engineer,Small (51–200),11,$50k–$75k,Hybrid,No,5.0,7.4,9.7,6.2,8.6,8.1,8.2,5.1,5.4,4.7,8.2,Anxiety & Burnout,Not sure / undiagnosed,1,Difficult,Yes,1,Yes,>2 weeks,Yes,1
1298,29,Prefer not to say,Germany,Cybersecurity,Cloud Architect,Medium (201–1 000),3,$75k–$100k,Remote,Yes,5.7,7.8,3.4,6.8,6.5,4.1,8.7,3.9,4.2,5.7,8.2,Anxiety,Formally diagnosed,0,Easy,Yes,0,Yes,4–7 days,Partially,1
1299,34,Female,France,SaaS/Software,Mobile Developer,Large (1 001–5 000),0,$75k–$100k,Hybrid,Was already remote,9.2,6.2,0.6,4.6,5.9,6.1,6.2,6.5,5.2,8.4,3.6,Burnout,Self-reported,1,Difficult,Don't know,0,Yes,None,Partially,1
1300,34,Male,USA,Gaming,CTO/VP Engineering,Medium (201–1 000),0,$75k–$100k,In-person,Yes,4.1,5.8,0.3,8.0,3.1,7.4,8.1,6.9,1.4,3.0,7.6,Depression,Formally diagnosed,0,Moderate,Yes,0,No,4–7 days,Yes,1
1301,26,Male,France,Gaming,Software Engineer,Large (1 001–5 000),12,$150k–$200k,Hybrid,Yes,4.5,6.3,2.2,7.8,3.1,6.5,9.8,5.6,2.3,5.1,8.7,Anxiety & Depression,Formally diagnosed,0,Easy,Don't know,0,Yes,None,Partially,1
1302,39,Female,Sweden,AI/ML startup,QA/Test Engineer,Large (1 001–5 000),6,$75k–$100k,Hybrid,No,2.2,7.9,4.5,6.3,4.6,6.5,9.0,7.6,1.6,4.3,7.0,None,N/A,0,Difficult,Yes,0,Yes,None,N/A,0
1303,30,Male,UK,AI/ML startup,QA/Test Engineer,Enterprise (5 000+),18,<$50k,Remote,Yes,5.7,6.8,1.0,7.0,5.4,5.3,9.1,6.9,3.3,4.3,7.5,Anxiety & Burnout,Formally diagnosed,0,Difficult,Yes,0,No,None,Yes,1
1304,26,Male,France,Cybersecurity,Data Scientist,Small (51–200),0,<$50k,Hybrid,Yes,2.2,5.8,2.2,7.2,4.4,8.0,8.9,7.2,1.0,3.2,7.2,None,N/A,0,Moderate,Yes,0,No,None,N/A,0
1305,36,Male,UK,Big Tech,Cloud Architect,Startup (1–50),12,<$50k,Hybrid,No,5.1,7.1,2.2,7.5,4.3,4.9,6.3,8.6,1.2,4.8,5.5,None,N/A,1,Easy,No,0,Yes,None,N/A,0
1306,25,Male,Australia,FinTech,Backend Developer,Medium (201–1 000),10,<$50k,Hybrid,Was already remote,2.7,6.1,3.0,7.4,4.8,7.3,8.9,5.1,1.0,1.4,9.2,Depression & Burnout,Self-reported,0,Moderate,Don't know,0,Yes,None,No,1
1307,32,Male,Netherlands,AI/ML startup,QA/Test Engineer,Large (1 001–5 000),12,$150k–$200k,Hybrid,No,7.3,5.2,4.1,7.3,4.5,7.0,8.3,6.0,1.8,6.2,5.1,Depression,Formally diagnosed,0,Easy,Yes,0,No,>2 weeks,Yes,1
1308,31,Male,Argentina,Government/Public sector,Cloud Architect,Medium (201–1 000),0,$100k–$150k,In-person,Yes,5.7,5.4,2.2,6.9,5.5,7.5,7.2,8.0,1.8,6.4,5.2,None,N/A,0,Easy,Yes,0,No,None,N/A,0
1309,40,Male,UK,AI/ML startup,Mobile Developer,Small (51–200),7,>$200k,Hybrid,Yes,1.0,6.1,7.7,7.1,6.3,8.2,10.0,6.1,1.9,1.0,10.0,None,N/A,0,Moderate,Yes,0,Yes,None,N/A,0
1310,35,Female,UK,E-commerce,Data Analyst,Startup (1–50),4,<$50k,Hybrid,Yes,4.3,4.6,2.5,2.3,7.4,6.0,6.9,8.7,3.1,5.6,6.8,Depression,Self-reported,0,Easy,Yes,0,No,1–3 days,Yes,1
1311,31,Male,USA,Government/Public sector,Full-Stack Developer,Small (51–200),4,$150k–$200k,In-person,Yes,5.1,5.3,0.1,4.2,3.7,6.4,6.7,5.0,3.1,6.7,3.6,Anxiety,Formally diagnosed,1,Difficult,Yes,1,No,4–7 days,Yes,1
1312,38,Male,USA,FinTech,Data Analyst,Large (1 001–5 000),3,$100k–$150k,Remote,No,6.9,6.5,0.0,7.4,5.8,7.3,9.0,8.3,4.2,5.4,5.4,None,N/A,0,Easy,Don't know,0,No,None,N/A,0
1313,42,Male,Australia,E-commerce,Product Manager,Startup (1–50),7,$100k–$150k,Hybrid,No,7.6,6.5,3.7,4.4,9.9,3.2,6.1,7.8,2.6,8.8,3.5,Depression,Self-reported,1,Easy,Yes,1,Yes,>2 weeks,No,1
1314,36,Female,Spain,E-commerce,Frontend Developer,Small (51–200),35,$75k–$100k,Hybrid,No,6.7,6.1,1.6,6.4,5.2,5.3,8.9,7.2,4.0,3.9,5.4,None,N/A,0,Difficult,Yes,0,No,None,N/A,0
1315,32,Male,UK,Cybersecurity,QA/Test Engineer,Startup (1–50),6,$75k–$100k,In-person,Was already remote,6.5,6.1,1.7,4.8,5.9,4.2,7.0,9.2,5.5,6.4,5.0,Depression,Formally diagnosed,0,Difficult,No,0,Yes,1–2 weeks,No,1
1316,22,Male,USA,AI/ML startup,Cloud Architect,Large (1 001–5 000),6,$150k–$200k,Remote,No,6.7,6.5,12.9,6.8,4.1,7.2,7.1,6.3,3.4,4.7,9.1,Anxiety,Formally diagnosed,1,Easy,No,0,No,1–3 days,Yes,1
1317,24,Male,USA,HealthTech,CTO/VP Engineering,Enterprise (5 000+),5,$150k–$200k,Hybrid,No,7.2,5.6,2.4,1.0,7.3,2.2,8.6,8.6,2.7,6.5,5.7,None,N/A,0,Easy,Yes,0,No,None,N/A,0
1318,29,Female,Canada,Government/Public sector,Product Manager,Medium (201–1 000),6,$100k–$150k,In-person,Yes,6.0,5.8,0.1,6.9,4.5,4.9,10.0,6.8,1.8,9.0,4.5,None,N/A,0,Moderate,Yes,0,Yes,None,N/A,0
1319,27,Female,USA,SaaS/Software,QA/Test Engineer,Startup (1–50),2,<$50k,In-person,Was already remote,5.6,7.0,1.8,6.1,9.9,6.1,7.3,8.5,1.2,5.9,5.5,None,N/A,0,Easy,No,0,No,None,N/A,0
1320,30,Female,USA,HealthTech,DevOps/SRE,Small (51–200),2,$50k–$75k,Hybrid,Was already remote,6.3,7.7,2.5,4.6,4.9,4.0,10.0,7.7,1.9,7.8,6.3,None,N/A,0,Easy,Yes,0,No,None,N/A,0
1321,32,Female,France,Consulting/Agency,ML/AI Engineer,Medium (201–1 000),8,>$200k,In-person,Was already remote,8.1,5.2,0.0,8.1,5.2,4.6,6.5,6.9,2.9,7.5,4.5,Anxiety,Not sure / undiagnosed,1,Difficult,Yes,1,Yes,4–7 days,Yes,1
1322,35,Female,USA,SaaS/Software,Mobile Developer,Medium (201–1 000),0,$100k–$150k,Hybrid,Was already remote,1.8,7.6,2.5,9.6,6.5,7.8,9.5,5.4,1.0,5.7,6.2,None,N/A,0,Difficult,Don't know,0,No,None,N/A,0
1323,31,Male,Germany,Big Tech,Software Engineer,Medium (201–1 000),7,$150k–$200k,Hybrid,Was already remote,1.9,6.4,12.9,2.3,10.0,3.9,10.0,5.6,1.0,6.3,8.6,Depression,Self-reported,1,No access,Yes,1,Yes,None,No,1
1324,35,Female,Sweden,FinTech,Software Engineer,Enterprise (5 000+),9,$75k–$100k,Hybrid,No,7.0,6.8,4.3,5.1,3.4,5.5,7.2,7.3,3.4,4.2,3.8,Anxiety,Self-reported,0,Difficult,Yes,0,Yes,4–7 days,No,1
1325,32,Male,USA,Cybersecurity,QA/Test Engineer,Enterprise (5 000+),4,$150k–$200k,In-person,No,4.4,9.7,1.8,3.5,8.0,4.7,8.5,9.2,2.9,6.5,5.0,None,N/A,0,Easy,No,0,No,None,N/A,0
1326,18,Female,India,HealthTech,Engineering Manager,Startup (1–50),13,$50k–$75k,Hybrid,Yes,6.1,7.2,0.7,3.0,6.6,4.5,8.8,6.3,3.6,7.8,5.2,ADHD,Formally diagnosed,0,Difficult,Yes,0,Yes,None,Yes,1
1327,24,Female,Australia,AI/ML startup,Full-Stack Developer,Startup (1–50),3,<$50k,In-person,Was already remote,5.9,7.0,0.9,6.6,1.9,6.7,8.1,7.2,4.6,5.0,7.3,None,N/A,0,Moderate,Don't know,0,Yes,None,N/A,0
1328,30,Male,India,FinTech,Backend Developer,Medium (201–1 000),1,$100k–$150k,In-person,No,9.9,6.2,4.8,4.4,5.4,7.1,6.9,6.5,3.6,9.2,2.5,Depression,Self-reported,0,Moderate,Don't know,0,Yes,None,No,1
1329,22,Male,Canada,E-commerce,Security Engineer,Medium (201–1 000),2,$100k–$150k,Remote,Was already remote,7.2,6.5,1.2,4.4,6.0,7.1,6.8,8.2,1.1,5.4,7.7,None,N/A,0,Moderate,Yes,0,Yes,None,N/A,0
1330,36,Male,UK,Government/Public sector,Data Scientist,Medium (201–1 000),12,$75k–$100k,In-person,No,7.8,5.9,5.7,4.9,6.0,5.7,6.8,6.2,3.7,5.0,6.8,None,N/A,0,Easy,Don't know,0,Yes,None,N/A,0
1331,43,Female,Brazil,Consulting/Agency,Full-Stack Developer,Large (1 001–5 000),27,$150k–$200k,In-person,Was already remote,5.4,5.3,8.3,6.3,8.6,3.0,8.3,6.7,4.1,6.8,4.3,Anxiety,Self-reported,1,No access,Yes,1,No,None,No,1
1332,41,Female,Netherlands,Cybersecurity,Backend Developer,Startup (1–50),3,$100k–$150k,Hybrid,No,4.6,6.9,2.3,8.5,4.2,5.6,7.6,4.9,1.0,5.1,6.5,None,N/A,1,Easy,Yes,0,Yes,None,N/A,0
1333,30,Female,UK,E-commerce,Engineering Manager,Large (1 001–5 000),1,>$200k,Hybrid,Yes,4.5,6.8,10.3,7.0,3.3,6.7,10.0,7.3,2.0,4.1,8.8,None,N/A,1,Moderate,Yes,1,No,None,N/A,0
1334,43,Male,USA,FinTech,Engineering Manager,Large (1 001–5 000),1,$50k–$75k,Hybrid,Yes,8.2,6.0,0.4,7.0,2.4,4.0,6.7,4.8,3.5,9.6,2.9,Burnout,Not sure / undiagnosed,1,Easy,Yes,1,No,None,No,1
1335,33,Female,USA,Government/Public sector,Security Engineer,Enterprise (5 000+),4,<$50k,Hybrid,Was already remote,6.9,6.6,0.5,4.8,8.0,9.1,8.4,9.6,2.4,4.3,9.8,None,N/A,0,Easy,No,0,No,None,N/A,0
1336,29,Female,USA,Consulting/Agency,Full-Stack Developer,Large (1 001–5 000),4,>$200k,Remote,Yes,6.1,7.2,0.1,8.1,7.9,6.3,9.3,5.4,1.0,7.9,4.3,None,N/A,0,Moderate,Don't know,0,Yes,None,N/A,0
1337,27,Female,Germany,E-commerce,DevOps/SRE,Large (1 001–5 000),5,$100k–$150k,Remote,Yes,9.1,6.4,0.0,8.4,5.9,7.6,7.1,6.4,6.0,5.6,6.7,Anxiety,Not sure / undiagnosed,1,Easy,Yes,1,No,None,No,1
1338,29,Male,USA,Consulting/Agency,Full-Stack Developer,Small (51–200),9,$100k–$150k,Remote,Yes,5.7,6.3,5.0,8.1,4.3,7.3,6.1,2.5,2.0,3.7,6.6,Burnout,Formally diagnosed,1,Easy,Don't know,0,Yes,None,No,1
1339,29,Male,UK,FinTech,Data Scientist,Large (1 001–5 000),6,<$50k,Remote,Yes,4.6,7.3,1.9,5.0,5.8,7.6,9.9,5.5,1.3,3.8,6.8,None,N/A,0,Moderate,No,0,No,None,N/A,0
1340,33,Female,Netherlands,AI/ML startup,Mobile Developer,Startup (1–50),1,>$200k,In-person,Was already remote,5.4,5.8,0.5,7.9,10.0,6.0,8.6,5.7,4.0,5.7,6.0,None,N/A,0,Moderate,Yes,0,No,None,N/A,0
1341,33,Female,USA,Gaming,Software Engineer,Large (1 001–5 000),2,$150k–$200k,Hybrid,Yes,7.9,4.4,0.0,8.7,5.8,7.9,7.2,8.3,1.0,4.9,8.2,Anxiety,Self-reported,0,Easy,No,0,Yes,None,Partially,1
1342,32,Prefer not to say,Netherlands,Big Tech,Mobile Developer,Startup (1–50),10,$150k–$200k,In-person,Yes,3.5,6.5,2.8,8.0,6.7,5.9,7.5,5.2,1.0,6.8,5.6,Depression,Formally diagnosed,1,Easy,Yes,1,Yes,None,No,1
1343,35,Male,France,Big Tech,Full-Stack Developer,Startup (1–50),5,>$200k,Hybrid,No,5.9,6.6,2.5,6.1,2.1,4.4,8.7,6.9,1.0,9.3,2.9,Anxiety,Formally diagnosed,1,Easy,Yes,1,Yes,None,Yes,1
1344,40,Male,USA,E-commerce,Data Analyst,Startup (1–50),1,$100k–$150k,Remote,Was already remote,8.9,4.0,4.4,4.8,6.8,5.4,4.8,9.1,2.5,8.1,5.2,Anxiety,Formally diagnosed,1,Difficult,Yes,1,Yes,None,No,1
1345,39,Non-binary,France,E-commerce,Backend Developer,Startup (1–50),2,$75k–$100k,Remote,Was already remote,6.7,6.5,3.9,6.8,7.4,4.7,5.4,7.4,1.7,6.4,6.5,Anxiety & Burnout,Self-reported,1,Difficult,No,0,No,4–7 days,No,1
1346,20,Male,France,Big Tech,Frontend Developer,Small (51–200),8,$100k–$150k,Remote,Yes,5.6,6.9,0.5,5.4,4.8,5.2,8.0,5.6,3.5,6.3,5.9,None,N/A,0,Moderate,Yes,0,No,None,N/A,0
1347,18,Female,UK,HealthTech,Engineering Manager,Enterprise (5 000+),1,$150k–$200k,Hybrid,Was already remote,9.5,6.7,0.0,1.0,5.5,4.1,6.7,8.8,6.5,8.7,3.4,ADHD,Self-reported,0,Moderate,Don't know,1,Yes,1–3 days,Yes,1
1348,39,Male,USA,AI/ML startup,Mobile Developer,Small (51–200),6,$150k–$200k,Remote,No,6.6,6.8,3.7,5.2,6.9,5.4,6.4,2.6,4.7,5.2,5.6,None,N/A,0,Difficult,No,0,Yes,None,N/A,0
1349,21,Male,Germany,Big Tech,Backend Developer,Large (1 001–5 000),4,$100k–$150k,In-person,Yes,3.1,5.8,1.2,6.9,5.4,2.4,8.4,7.4,1.2,3.6,7.5,Anxiety,Not sure / undiagnosed,0,No access,No,0,Yes,1–2 weeks,Yes,1
1350,30,Female,Spain,Big Tech,Security Engineer,Startup (1–50),0,$75k–$100k,Remote,No,5.7,7.0,5.5,7.2,8.2,6.5,9.6,8.6,4.2,6.8,6.6,Depression & Burnout,Formally diagnosed,1,Easy,No,0,No,1–3 days,Yes,1
1351,23,Female,India,Government/Public sector,Software Engineer,Medium (201–1 000),6,$150k–$200k,Hybrid,Was already remote,8.2,6.1,2.9,9.3,3.3,6.1,8.6,4.7,1.1,7.1,4.0,None,N/A,0,Difficult,No,0,No,None,N/A,0
1352,18,Male,USA,E-commerce,Engineering Manager,Small (51–200),0,$100k–$150k,Hybrid,No,6.3,7.0,2.3,9.0,6.1,5.4,8.3,2.2,4.5,5.9,5.7,Anxiety,Not sure / undiagnosed,0,Easy,Don't know,0,No,1–3 days,Yes,1
1353,36,Male,Australia,Consulting/Agency,Full-Stack Developer,Small (51–200),2,$75k–$100k,In-person,Was already remote,8.8,7.1,2.6,7.3,7.0,6.8,7.9,4.6,3.5,6.9,3.0,None,N/A,0,No access,Yes,0,No,None,N/A,0
1354,37,Female,Canada,Government/Public sector,Security Engineer,Startup (1–50),2,$100k–$150k,Remote,No,4.1,6.2,0.6,4.9,6.1,8.0,10.0,6.1,3.8,3.8,8.9,ADHD,Self-reported,0,Difficult,No,0,No,None,Yes,1
1355,27,Male,India,E-commerce,Data Analyst,Medium (201–1 000),6,>$200k,Remote,No,5.8,6.3,2.5,6.6,3.7,7.6,6.2,4.9,3.3,4.4,8.8,None,N/A,1,Difficult,Yes,1,Yes,None,N/A,0
1356,18,Female,France,Big Tech,Cloud Architect,Startup (1–50),8,$75k–$100k,In-person,Yes,6.6,6.4,1.6,5.6,7.7,3.0,7.7,7.3,3.3,7.3,5.3,Depression,Self-reported,0,Easy,No,0,No,1–3 days,No,1
1357,27,Male,Germany,Cybersecurity,Full-Stack Developer,Enterprise (5 000+),1,$50k–$75k,Hybrid,Was already remote,3.8,6.6,2.9,2.3,3.1,6.6,8.6,4.7,4.3,5.6,7.4,Depression & Burnout,Formally diagnosed,0,Moderate,Yes,0,No,None,Partially,1
1358,34,Female,Brazil,Gaming,CTO/VP Engineering,Medium (201–1 000),9,<$50k,Remote,No,6.0,4.4,1.2,10.0,4.1,7.6,8.2,6.1,1.4,8.6,5.0,None,N/A,0,Easy,Don't know,0,No,None,N/A,0
1359,20,Non-binary,France,E-commerce,Security Engineer,Large (1 001–5 000),0,$50k–$75k,Remote,No,6.8,7.4,1.7,4.3,5.9,5.3,4.5,8.0,5.0,4.7,6.5,None,N/A,0,Easy,Yes,0,No,None,N/A,0
1360,33,Female,India,Gaming,Cloud Architect,Enterprise (5 000+),4,$50k–$75k,Remote,No,3.7,4.8,7.9,2.9,6.9,10.0,9.0,6.9,2.3,4.6,7.6,Other,Self-reported,1,Easy,Don't know,0,No,None,Partially,1
1361,31,Male,USA,SaaS/Software,Full-Stack Developer,Large (1 001–5 000),4,$150k–$200k,Hybrid,No,3.3,7.5,1.9,2.8,4.2,8.2,10.0,3.8,7.1,6.2,6.0,Depression & Burnout,Not sure / undiagnosed,1,No access,Yes,0,No,>2 weeks,No,1
1362,36,Female,Brazil,AI/ML startup,Mobile Developer,Enterprise (5 000+),5,$50k–$75k,Hybrid,Was already remote,8.1,4.7,0.0,6.0,2.6,6.1,5.8,9.3,1.8,4.6,5.0,None,N/A,0,Moderate,Don't know,0,No,None,N/A,0
1363,32,Male,Mexico,Big Tech,Engineering Manager,Startup (1–50),1,$150k–$200k,Remote,No,6.2,5.4,0.7,8.3,6.8,6.2,8.1,6.2,3.2,2.2,7.7,None,N/A,0,Moderate,Don't know,0,Yes,None,N/A,0
1364,24,Male,USA,Consulting/Agency,QA/Test Engineer,Large (1 001–5 000),0,$50k–$75k,Hybrid,No,1.8,8.2,3.0,5.0,2.3,3.8,10.0,7.1,2.1,4.1,6.4,None,N/A,0,Easy,Don't know,0,Yes,None,N/A,0
1365,40,Prefer not to say,Canada,HealthTech,DevOps/SRE,Small (51–200),3,>$200k,In-person,Yes,4.8,8.2,2.7,7.4,6.5,6.9,6.1,8.1,3.5,3.5,7.2,None,N/A,0,Easy,Yes,0,Yes,None,N/A,0
1366,30,Female,USA,Consulting/Agency,Mobile Developer,Medium (201–1 000),0,$75k–$100k,Hybrid,No,6.1,6.9,1.6,7.1,6.7,5.0,7.2,4.7,1.5,4.1,6.5,None,N/A,0,Difficult,Don't know,0,Yes,None,N/A,0
1367,31,Female,Netherlands,Government/Public sector,Data Scientist,Large (1 001–5 000),12,$100k–$150k,In-person,No,1.9,7.2,7.0,5.8,9.2,5.6,9.6,3.8,1.0,4.4,7.4,None,N/A,0,Moderate,Don't know,0,Yes,None,N/A,0
1368,25,Male,France,Gaming,Cloud Architect,Enterprise (5 000+),1,$50k–$75k,Remote,No,4.3,6.8,8.8,4.4,7.0,6.5,6.1,5.2,1.1,5.3,5.7,None,N/A,0,Easy,Yes,0,No,None,N/A,0
1369,28,Male,USA,Government/Public sector,DevOps/SRE,Enterprise (5 000+),3,$75k–$100k,Hybrid,No,5.4,8.1,2.2,8.0,4.9,4.1,8.6,9.5,2.9,5.0,8.3,None,N/A,0,Moderate,Yes,0,Yes,None,N/A,0
1370,25,Male,Singapore,Cybersecurity,Frontend Developer,Startup (1–50),3,$50k–$75k,Hybrid,Yes,5.4,8.0,0.2,6.7,6.3,4.6,6.7,6.0,4.6,7.9,5.1,None,N/A,0,No access,Yes,0,No,None,N/A,0
1371,30,Female,USA,SaaS/Software,Software Engineer,Medium (201–1 000),4,$100k–$150k,Hybrid,Yes,4.1,7.6,2.2,6.4,7.7,7.5,6.0,7.9,2.1,6.5,5.8,Burnout,Self-reported,0,Moderate,Yes,0,Yes,1–3 days,No,1
1372,44,Female,Sweden,Consulting/Agency,Engineering Manager,Large (1 001–5 000),8,$75k–$100k,In-person,No,5.7,7.9,0.5,8.8,6.6,6.1,8.0,5.6,3.5,3.7,6.1,None,N/A,0,Easy,Don't know,0,No,None,N/A,0
1373,21,Female,Canada,Consulting/Agency,Full-Stack Developer,Large (1 001–5 000),3,$150k–$200k,Remote,No,5.3,6.2,1.1,7.0,5.7,7.1,10.0,6.0,6.8,6.1,7.0,Anxiety,Self-reported,0,Easy,Yes,0,No,1–3 days,Yes,1
1374,19,Female,UK,Cybersecurity,ML/AI Engineer,Startup (1–50),0,$50k–$75k,Remote,Yes,5.7,7.4,6.1,4.9,8.5,4.3,6.3,10.0,3.0,3.7,6.2,None,N/A,0,Difficult,No,0,No,None,N/A,0
1375,43,Male,USA,Big Tech,Mobile Developer,Medium (201–1 000),8,$75k–$100k,Hybrid,No,6.6,5.1,2.2,8.3,3.8,7.5,8.6,6.2,1.0,4.6,7.6,Burnout,Self-reported,0,Moderate,Yes,0,Yes,1–2 weeks,No,1
1376,30,Male,USA,E-commerce,Mobile Developer,Large (1 001–5 000),0,$50k–$75k,In-person,Yes,2.7,6.8,6.8,8.9,2.9,7.1,8.7,5.0,1.4,3.9,9.8,None,N/A,0,Moderate,Don't know,0,No,None,N/A,0
1377,26,Male,Australia,Gaming,DevOps/SRE,Large (1 001–5 000),5,$100k–$150k,Hybrid,Yes,7.3,5.9,14.2,7.1,1.9,3.1,9.2,6.6,4.8,5.7,6.8,None,N/A,0,Difficult,Yes,1,Yes,None,N/A,0
1378,39,Male,Germany,Gaming,Security Engineer,Medium (201–1 000),8,$50k–$75k,Remote,Yes,6.9,7.6,2.2,6.0,8.8,7.3,7.3,3.6,1.8,7.0,5.0,None,N/A,0,Moderate,Yes,0,No,None,N/A,0
1379,27,Male,USA,AI/ML startup,Product Manager,Large (1 001–5 000),1,$50k–$75k,Remote,Yes,6.9,6.2,8.0,9.6,4.2,5.5,4.9,4.1,1.4,3.6,5.6,None,N/A,0,Moderate,Yes,0,No,None,N/A,0
1380,45,Non-binary,USA,AI/ML startup,Security Engineer,Medium (201–1 000),3,$100k–$150k,Hybrid,Yes,5.7,7.7,3.8,9.4,5.2,6.8,10.0,8.5,1.0,3.3,8.7,None,N/A,0,Difficult,No,0,No,None,N/A,0
1381,37,Male,USA,AI/ML startup,Mobile Developer,Enterprise (5 000+),0,$50k–$75k,Remote,No,5.6,6.0,0.2,7.2,6.1,4.2,8.2,7.0,3.4,5.4,6.1,None,N/A,0,No access,Don't know,0,Yes,None,N/A,0
1382,28,Non-binary,France,Gaming,ML/AI Engineer,Medium (201–1 000),8,$150k–$200k,In-person,No,5.8,7.5,1.7,3.8,4.4,4.6,6.9,6.9,2.2,6.2,3.9,Depression & Burnout,Formally diagnosed,1,Moderate,Yes,0,No,4–7 days,Partially,1
1383,48,Male,France,E-commerce,DevOps/SRE,Medium (201–1 000),6,$50k–$75k,Hybrid,No,6.1,7.1,3.4,5.1,8.3,2.4,9.2,6.2,5.5,6.3,7.0,Anxiety & Burnout,Not sure / undiagnosed,0,No access,Don't know,0,No,4–7 days,Yes,1
1384,27,Prefer not to say,USA,Big Tech,Product Manager,Enterprise (5 000+),1,$100k–$150k,Remote,No,7.4,3.8,3.6,10.0,8.2,5.9,7.5,4.2,3.9,6.0,7.6,Burnout,Formally diagnosed,1,Easy,Yes,0,No,None,Yes,1
1385,37,Female,Germany,SaaS/Software,Security Engineer,Startup (1–50),2,>$200k,Hybrid,Yes,7.4,7.4,6.2,5.2,7.1,6.2,7.4,8.2,6.4,6.6,4.0,ADHD,Self-reported,0,Moderate,Yes,0,Yes,None,No,1
1386,34,Non-binary,USA,SaaS/Software,Software Engineer,Enterprise (5 000+),6,$50k–$75k,Remote,No,5.5,6.1,3.4,8.6,5.8,5.6,5.0,9.5,2.9,7.3,5.9,None,N/A,0,Moderate,Yes,0,Yes,None,N/A,0
1387,41,Male,Ireland,Cybersecurity,Engineering Manager,Large (1 001–5 000),2,$75k–$100k,Hybrid,No,7.1,5.0,0.0,4.4,4.7,5.8,5.2,3.9,5.0,7.8,5.7,Anxiety,Self-reported,0,Difficult,No,0,Yes,None,No,1
1388,43,Female,Spain,FinTech,Full-Stack Developer,Enterprise (5 000+),0,>$200k,Remote,Was already remote,6.9,5.4,0.0,5.1,3.7,4.4,7.8,7.3,4.6,8.2,3.0,None,N/A,0,Easy,No,0,No,None,N/A,0
1389,32,Non-binary,Australia,HealthTech,Data Analyst,Small (51–200),4,$100k–$150k,Remote,Was already remote,7.2,5.7,0.8,5.4,6.4,6.0,6.4,3.3,2.4,6.7,6.9,Anxiety,Formally diagnosed,1,Difficult,Yes,1,No,None,No,1
1390,26,Male,Spain,E-commerce,Mobile Developer,Large (1 001–5 000),7,$100k–$150k,Hybrid,Was already remote,5.3,5.8,1.1,7.4,4.8,8.1,9.9,5.4,3.7,2.7,8.0,None,N/A,0,Easy,Yes,0,No,None,N/A,0
1391,35,Male,Sweden,FinTech,Data Analyst,Large (1 001–5 000),2,$100k–$150k,In-person,No,8.3,5.1,0.0,6.9,7.0,4.3,4.4,10.0,4.7,7.9,4.8,Anxiety,Formally diagnosed,1,No access,No,0,No,>2 weeks,No,1
1392,26,Male,Brazil,Government/Public sector,Mobile Developer,Large (1 001–5 000),0,$75k–$100k,Remote,Was already remote,7.5,6.0,2.7,10.0,3.9,7.4,6.3,8.4,1.2,5.0,5.9,None,N/A,0,Moderate,No,0,No,None,N/A,0
1393,47,Non-binary,Germany,AI/ML startup,Engineering Manager,Small (51–200),9,$150k–$200k,Remote,Yes,4.0,7.5,2.2,3.1,3.0,8.0,8.7,7.3,1.0,6.4,6.7,Anxiety,Self-reported,0,Moderate,No,0,Yes,>2 weeks,Yes,1
1394,33,Female,USA,Government/Public sector,DevOps/SRE,Small (51–200),1,$150k–$200k,Hybrid,No,4.6,8.2,4.2,3.0,7.8,7.7,8.5,3.3,3.1,4.3,8.3,None,N/A,0,Difficult,Don't know,1,Yes,None,N/A,0
1395,29,Male,USA,SaaS/Software,Mobile Developer,Medium (201–1 000),3,$100k–$150k,In-person,No,8.7,7.7,0.7,5.3,5.6,2.3,7.8,8.2,4.4,7.8,5.7,Anxiety,Not sure / undiagnosed,1,Difficult,No,0,No,4–7 days,Partially,1
1396,33,Male,UK,HealthTech,Full-Stack Developer,Medium (201–1 000),6,>$200k,In-person,Yes,2.7,9.8,1.8,7.0,7.1,7.5,10.0,7.0,1.0,4.9,5.1,None,N/A,0,Easy,Yes,0,No,None,N/A,0
1397,21,Male,India,FinTech,DevOps/SRE,Large (1 001–5 000),2,$100k–$150k,Remote,Yes,6.0,6.9,2.5,7.2,7.8,8.5,7.6,5.9,3.3,2.7,8.5,None,N/A,0,Difficult,Yes,0,No,None,N/A,0
1398,24,Female,USA,Consulting/Agency,Engineering Manager,Medium (201–1 000),5,$100k–$150k,Hybrid,No,9.8,5.6,0.0,6.2,5.0,7.0,5.4,4.6,4.6,8.6,3.2,Anxiety,Self-reported,1,Difficult,Yes,1,Yes,1–3 days,No,1
1399,41,Male,USA,Big Tech,Software Engineer,Enterprise (5 000+),3,>$200k,Remote,Yes,7.9,6.9,14.9,4.5,2.2,4.6,6.0,4.5,4.5,8.2,5.9,Depression & Burnout,Not sure / undiagnosed,1,Easy,Yes,0,Yes,None,Partially,1
1400,27,Female,Canada,HealthTech,Security Engineer,Medium (201–1 000),4,$50k–$75k,Remote,Yes,7.8,4.9,2.9,6.1,9.8,6.0,8.6,5.0,2.5,8.4,4.5,Anxiety & Depression,Not sure / undiagnosed,1,Easy,Yes,1,Yes,1–3 days,No,1
1401,24,Non-binary,USA,Gaming,Product Manager,Startup (1–50),4,$50k–$75k,In-person,Yes,3.9,6.8,0.8,4.6,9.4,4.1,9.9,7.7,2.9,7.6,4.4,Burnout,Self-reported,0,Easy,Yes,0,Yes,4–7 days,No,1
1402,36,Male,India,HealthTech,Mobile Developer,Startup (1–50),9,$50k–$75k,Hybrid,No,7.4,6.7,2.7,6.3,6.6,4.7,5.6,6.3,4.2,6.4,7.7,Anxiety,Self-reported,0,Easy,Yes,0,No,None,No,1
1403,40,Female,Spain,Cybersecurity,Full-Stack Developer,Large (1 001–5 000),5,>$200k,Remote,Yes,8.8,4.9,0.0,8.1,5.4,3.9,6.4,6.6,5.4,8.2,4.9,None,N/A,0,Difficult,Yes,0,Yes,None,N/A,0
1404,37,Male,France,Gaming,ML/AI Engineer,Medium (201–1 000),1,$100k–$150k,In-person,No,5.4,7.8,2.3,2.2,4.7,6.9,8.0,8.7,1.0,7.0,7.7,None,N/A,0,Difficult,Yes,0,Yes,None,N/A,0
1405,39,Female,Australia,FinTech,Product Manager,Medium (201–1 000),0,$75k–$100k,In-person,Was already remote,6.0,7.1,0.9,8.5,6.7,6.7,7.7,4.1,7.2,5.2,6.7,ADHD,Formally diagnosed,0,Moderate,Yes,0,No,1–3 days,Yes,1
1406,26,Male,Germany,Government/Public sector,ML/AI Engineer,Large (1 001–5 000),0,$75k–$100k,Remote,No,7.8,5.8,3.4,2.9,7.2,6.7,8.3,3.0,6.3,6.4,5.4,Burnout,Self-reported,0,Difficult,Yes,0,Yes,None,No,1
1407,21,Female,Canada,Big Tech,Security Engineer,Medium (201–1 000),12,<$50k,Hybrid,Yes,5.6,7.1,2.2,4.2,5.8,6.3,7.5,7.9,3.6,6.9,4.7,None,N/A,0,Easy,Don't know,0,No,None,N/A,0
1408,43,Male,USA,Cybersecurity,ML/AI Engineer,Enterprise (5 000+),15,$50k–$75k,Hybrid,Yes,3.3,6.9,5.9,10.0,4.3,7.2,10.0,4.3,1.8,3.7,10.0,None,N/A,0,No access,Yes,0,Yes,None,N/A,0
1409,29,Male,Ireland,HealthTech,Software Engineer,Enterprise (5 000+),0,>$200k,Remote,Yes,1.1,5.7,2.0,5.3,7.9,7.8,8.6,5.6,1.0,1.0,9.5,None,N/A,0,Moderate,No,0,Yes,None,N/A,0
1410,30,Female,USA,SaaS/Software,Data Scientist,Startup (1–50),3,$150k–$200k,In-person,Was already remote,6.6,7.7,3.3,8.3,4.6,6.0,7.0,5.9,2.3,5.8,4.1,None,N/A,0,No access,Yes,0,No,None,N/A,0
1411,41,Male,USA,Gaming,Data Scientist,Enterprise (5 000+),0,>$200k,Hybrid,Yes,5.1,6.7,4.0,9.1,7.9,7.7,7.6,6.2,3.4,5.7,7.3,Anxiety & Burnout,Self-reported,0,Easy,Don't know,0,Yes,1–2 weeks,No,1
1412,36,Female,Netherlands,FinTech,Full-Stack Developer,Large (1 001–5 000),16,$100k–$150k,In-person,No,1.0,8.0,3.4,8.3,5.3,7.9,9.7,2.9,1.0,1.0,10.0,None,N/A,0,Moderate,Yes,0,No,None,N/A,0
1413,35,Male,USA,FinTech,Frontend Developer,Medium (201–1 000),1,$100k–$150k,In-person,No,4.6,7.6,7.0,3.2,9.2,7.5,9.9,6.3,2.1,3.2,6.8,Depression & Burnout,Self-reported,1,Difficult,No,0,No,1–3 days,No,1
1414,48,Female,UK,Consulting/Agency,Backend Developer,Medium (201–1 000),3,$100k–$150k,Remote,Was already remote,5.3,4.7,0.5,5.8,3.7,10.0,9.5,9.7,2.7,5.6,6.9,ADHD,Formally diagnosed,1,No access,Don't know,0,No,4–7 days,No,1
1415,27,Male,USA,Government/Public sector,Data Scientist,Large (1 001–5 000),0,$150k–$200k,Remote,Yes,5.1,6.6,4.9,4.5,9.3,7.7,9.8,5.9,3.4,5.8,6.4,Anxiety,Not sure / undiagnosed,1,Easy,Yes,0,Yes,None,No,1
1416,38,Female,USA,AI/ML startup,Full-Stack Developer,Enterprise (5 000+),2,>$200k,Remote,No,8.0,5.3,0.0,7.1,5.7,4.3,5.3,6.9,2.5,6.8,5.1,None,N/A,0,Easy,Yes,0,Yes,None,N/A,0
1417,32,Male,USA,Cybersecurity,Mobile Developer,Medium (201–1 000),1,>$200k,In-person,No,7.2,7.9,0.0,5.1,6.1,3.5,6.0,8.1,3.7,8.2,5.7,Burnout,Self-reported,1,Difficult,No,0,Yes,None,Yes,1
1418,34,Male,USA,SaaS/Software,ML/AI Engineer,Small (51–200),3,$100k–$150k,Hybrid,Yes,5.7,6.6,0.6,8.6,4.6,4.4,6.2,8.8,2.9,4.7,6.1,Burnout,Not sure / undiagnosed,0,Easy,Yes,0,No,1–2 weeks,Yes,1
1419,43,Male,Australia,Government/Public sector,Data Analyst,Large (1 001–5 000),2,<$50k,Hybrid,Yes,3.7,6.9,4.1,7.6,4.4,6.3,9.7,8.8,1.0,6.5,5.9,Burnout,Self-reported,0,Easy,No,0,Yes,None,No,1
1420,35,Female,Brazil,FinTech,Mobile Developer,Startup (1–50),2,$100k–$150k,Remote,Yes,7.3,5.8,2.9,5.3,3.8,5.9,8.4,5.7,2.0,5.6,4.4,Anxiety & Depression,Not sure / undiagnosed,1,No access,Don't know,0,Yes,None,Partially,1
1421,36,Male,UK,AI/ML startup,Data Scientist,Large (1 001–5 000),0,$50k–$75k,Hybrid,No,8.6,7.7,1.0,6.3,4.2,5.1,6.0,7.5,4.0,8.7,4.2,Anxiety & Burnout,Formally diagnosed,1,Moderate,No,0,No,None,Partially,1
1422,40,Female,Singapore,HealthTech,Security Engineer,Large (1 001–5 000),3,$50k–$75k,Hybrid,No,9.1,5.1,0.2,7.1,6.8,4.9,6.7,9.6,3.8,8.7,5.2,Burnout,Self-reported,1,No access,Yes,0,No,4–7 days,No,1
1423,29,Female,USA,FinTech,Software Engineer,Medium (201–1 000),10,$50k–$75k,In-person,Yes,5.5,5.6,3.2,6.2,9.2,5.9,7.4,5.8,1.7,3.8,10.0,Anxiety,Self-reported,1,Difficult,No,0,No,None,Partially,1
1424,25,Male,UK,Cybersecurity,Full-Stack Developer,Startup (1–50),7,$75k–$100k,Remote,Yes,7.1,5.4,0.0,4.7,7.8,6.4,6.1,9.2,3.9,4.8,5.8,Burnout,Formally diagnosed,1,Moderate,Don't know,0,Yes,None,No,1
1425,24,Female,USA,Big Tech,Backend Developer,Large (1 001–5 000),7,$100k–$150k,In-person,Yes,4.8,6.1,3.5,5.7,5.8,7.6,8.3,5.7,3.4,5.7,6.9,None,N/A,0,Moderate,Yes,0,No,None,N/A,0
1426,18,Male,India,Big Tech,Mobile Developer,Small (51–200),2,$75k–$100k,In-person,Yes,4.5,6.9,0.2,5.4,5.4,7.6,7.0,6.7,1.3,4.2,8.2,Anxiety,Formally diagnosed,1,No access,Don't know,0,No,None,No,1
1427,47,Male,UK,FinTech,CTO/VP Engineering,Small (51–200),6,$100k–$150k,Remote,Yes,7.3,7.0,0.0,2.6,9.7,5.8,4.0,10.0,3.6,9.4,2.9,Depression,Self-reported,1,No access,No,0,Yes,1–3 days,No,1
1428,23,Female,India,Cybersecurity,Security Engineer,Large (1 001–5 000),3,<$50k,In-person,Yes,3.7,6.2,4.7,8.0,6.5,6.4,9.4,4.7,2.0,6.1,5.3,Other,Formally diagnosed,1,No access,Yes,0,No,1–3 days,No,1
1429,30,Female,Netherlands,Gaming,Cloud Architect,Enterprise (5 000+),0,$100k–$150k,In-person,Yes,5.1,8.4,7.2,5.1,4.9,8.0,6.8,2.5,4.6,5.1,7.4,None,N/A,0,Easy,Don't know,0,Yes,None,N/A,0
1430,29,Female,Germany,AI/ML startup,DevOps/SRE,Large (1 001–5 000),2,$100k–$150k,In-person,No,8.1,6.5,0.0,5.3,7.5,3.8,6.5,7.6,4.2,4.9,4.4,Anxiety & Depression,Formally diagnosed,0,Easy,Yes,0,No,None,No,1
1431,34,Male,India,E-commerce,Frontend Developer,Medium (201–1 000),0,$50k–$75k,In-person,No,5.1,5.2,3.5,7.8,6.4,4.3,6.4,8.2,3.1,4.5,5.5,None,N/A,0,Difficult,Yes,0,No,None,N/A,0
1432,38,Male,Mexico,FinTech,Security Engineer,Large (1 001–5 000),0,$150k–$200k,Hybrid,Yes,4.1,4.9,0.5,6.9,7.2,5.4,9.9,5.8,1.0,5.0,5.1,None,N/A,0,Moderate,No,0,Yes,None,N/A,0
1433,38,Male,USA,Government/Public sector,Engineering Manager,Startup (1–50),0,$100k–$150k,Remote,Yes,9.6,5.8,6.1,5.7,9.2,3.4,7.2,6.1,6.9,6.3,5.1,Anxiety & Burnout,Not sure / undiagnosed,1,No access,Yes,1,No,4–7 days,No,1
1434,27,Female,UK,HealthTech,ML/AI Engineer,Large (1 001–5 000),1,$100k–$150k,Remote,Was already remote,7.0,5.6,1.2,6.7,3.8,5.3,8.4,7.9,1.6,4.9,7.0,Depression,Self-reported,0,Moderate,Don't know,1,Yes,1–2 weeks,No,1
1435,30,Male,France,Consulting/Agency,ML/AI Engineer,Large (1 001–5 000),2,$100k–$150k,Hybrid,Yes,3.0,6.3,5.3,5.4,3.6,4.5,7.0,5.4,3.0,3.5,9.2,None,N/A,0,Moderate,Yes,0,Yes,None,N/A,0
1436,34,Female,India,Government/Public sector,DevOps/SRE,Enterprise (5 000+),6,$100k–$150k,Hybrid,Yes,6.6,5.8,0.2,4.4,7.2,4.6,10.0,5.7,3.6,5.8,6.6,Anxiety,Self-reported,1,Moderate,Yes,1,Yes,None,Partially,1
1437,30,Male,USA,Big Tech,Data Scientist,Enterprise (5 000+),4,<$50k,Hybrid,Yes,5.8,6.0,6.7,5.7,6.9,8.0,8.3,8.0,2.2,5.9,7.1,Depression,Self-reported,0,Easy,Yes,0,No,None,No,1
1438,44,Male,UK,Consulting/Agency,Engineering Manager,Medium (201–1 000),10,$150k–$200k,In-person,No,7.5,6.5,1.3,5.7,3.9,2.5,7.7,8.2,2.7,7.5,3.9,Burnout,Formally diagnosed,1,Easy,Yes,1,Yes,1–2 weeks,Yes,1
1439,35,Male,Canada,Gaming,Data Analyst,Enterprise (5 000+),1,$100k–$150k,Hybrid,Yes,6.9,6.9,0.3,4.9,9.3,5.5,5.1,6.5,4.3,6.5,5.5,ADHD,Not sure / undiagnosed,1,Moderate,Yes,1,Yes,4–7 days,No,1
1440,37,Male,UK,Gaming,DevOps/SRE,Enterprise (5 000+),1,$50k–$75k,Hybrid,Was already remote,5.9,6.5,2.7,3.7,6.9,4.8,8.0,5.1,2.0,5.6,5.7,Burnout,Self-reported,0,Easy,Yes,0,No,None,No,1
1441,36,Male,USA,AI/ML startup,Data Analyst,Large (1 001–5 000),15,$100k–$150k,Remote,Yes,6.5,6.7,0.8,6.4,4.5,6.5,7.5,8.0,2.5,5.7,7.1,Anxiety & Burnout,Formally diagnosed,0,No access,Yes,0,Yes,>2 weeks,Partially,1
1442,40,Female,Spain,AI/ML startup,ML/AI Engineer,Small (51–200),3,$100k–$150k,Hybrid,Yes,6.6,5.4,0.7,1.7,5.6,5.6,5.3,7.0,2.1,7.6,3.9,ADHD,Formally diagnosed,0,No access,No,0,Yes,None,No,1
1443,33,Female,Netherlands,SaaS/Software,Backend Developer,Large (1 001–5 000),8,$75k–$100k,Remote,No,6.7,6.1,0.0,6.4,2.0,7.1,6.4,4.8,2.6,4.6,5.8,Depression & Burnout,Formally diagnosed,1,Moderate,Yes,0,No,4–7 days,No,1
1444,22,Male,Canada,Gaming,Cloud Architect,Small (51–200),3,$150k–$200k,In-person,Yes,5.3,6.9,0.8,5.6,6.5,5.8,10.0,4.9,3.6,5.7,6.8,Anxiety & Depression,Formally diagnosed,0,Easy,No,1,No,None,No,1
1445,34,Male,Australia,Big Tech,Data Scientist,Large (1 001–5 000),3,$100k–$150k,Remote,Yes,3.4,7.2,6.0,6.1,3.5,5.3,7.9,5.7,2.1,2.6,8.4,Other,Not sure / undiagnosed,0,Moderate,Yes,0,No,1–2 weeks,Yes,1
1446,27,Male,Ireland,AI/ML startup,Cloud Architect,Startup (1–50),0,$50k–$75k,Hybrid,No,5.6,7.5,2.4,6.6,5.2,6.1,7.7,9.0,1.0,7.2,2.7,Anxiety & Depression,Formally diagnosed,1,Difficult,Yes,0,Yes,None,No,1
1447,28,Female,USA,FinTech,Full-Stack Developer,Large (1 001–5 000),10,$100k–$150k,Hybrid,Yes,5.2,6.8,1.5,7.6,5.8,3.3,7.2,4.7,2.2,6.0,4.9,None,N/A,0,Difficult,Yes,0,No,None,N/A,0
1448,36,Male,USA,Big Tech,ML/AI Engineer,Enterprise (5 000+),0,$100k–$150k,Remote,Was already remote,5.9,4.4,9.0,5.2,9.7,3.8,8.5,10.0,6.3,9.2,6.9,Burnout,Formally diagnosed,0,Difficult,Yes,0,Yes,1–3 days,Partially,1
1449,41,Non-binary,Germany,FinTech,DevOps/SRE,Small (51–200),2,$50k–$75k,Hybrid,No,8.0,5.5,4.8,5.5,8.7,6.8,8.2,8.8,1.6,6.9,4.1,Depression,Formally diagnosed,0,Easy,No,1,Yes,>2 weeks,Yes,1
1450,32,Male,Sweden,Government/Public sector,Mobile Developer,Large (1 001–5 000),6,$150k–$200k,Hybrid,Yes,8.6,7.8,0.3,6.6,1.5,5.7,7.9,7.7,4.0,7.9,6.1,None,N/A,0,Easy,Yes,0,Yes,None,N/A,0
1451,34,Male,USA,SaaS/Software,Data Analyst,Small (51–200),3,$150k–$200k,Hybrid,Yes,7.3,5.6,0.0,4.4,4.2,4.5,7.3,5.6,5.2,6.9,6.0,Burnout,Formally diagnosed,1,Easy,Yes,0,No,1–2 weeks,No,1
1452,44,Non-binary,Italy,HealthTech,Engineering Manager,Large (1 001–5 000),11,$150k–$200k,Hybrid,Yes,7.5,6.0,0.0,4.7,6.6,5.2,8.8,10.0,1.8,6.3,7.5,Depression & Burnout,Formally diagnosed,1,Difficult,Don't know,0,Yes,4–7 days,Yes,1
1453,33,Male,Canada,HealthTech,CTO/VP Engineering,Large (1 001–5 000),0,$75k–$100k,Remote,No,5.8,4.3,3.7,6.9,5.9,7.8,6.6,6.5,1.9,6.2,6.5,Anxiety & Depression,Formally diagnosed,0,Moderate,Yes,0,Yes,None,No,1
1454,51,Female,UK,Cybersecurity,Data Analyst,Small (51–200),5,$150k–$200k,Remote,No,5.3,5.6,2.8,5.8,8.3,6.7,7.8,5.4,4.4,7.5,4.1,None,N/A,0,Moderate,No,0,Yes,None,N/A,0
1455,36,Female,USA,HealthTech,CTO/VP Engineering,Medium (201–1 000),3,$150k–$200k,Remote,Was already remote,7.3,5.5,13.2,4.4,3.9,4.9,6.7,5.7,2.3,6.6,5.2,None,N/A,0,Difficult,No,0,No,None,N/A,0
1456,18,Male,USA,AI/ML startup,CTO/VP Engineering,Enterprise (5 000+),0,>$200k,Hybrid,No,7.8,8.3,0.0,3.5,5.6,4.1,8.7,3.7,5.0,7.9,6.0,None,N/A,0,No access,Yes,0,No,None,N/A,0
1457,37,Male,Sweden,Big Tech,ML/AI Engineer,Medium (201–1 000),7,>$200k,Hybrid,Was already remote,7.7,6.2,6.6,6.2,4.3,3.0,4.0,4.8,4.5,7.1,4.0,None,N/A,0,Difficult,Yes,0,No,None,N/A,0
1458,34,Female,Poland,HealthTech,ML/AI Engineer,Large (1 001–5 000),2,$75k–$100k,Hybrid,Yes,5.7,6.4,0.0,7.3,6.2,5.0,5.6,5.1,1.4,7.2,4.7,Anxiety & Depression,Formally diagnosed,1,Difficult,Yes,1,No,1–3 days,Partially,1
1459,41,Female,UK,Consulting/Agency,Backend Developer,Large (1 001–5 000),4,$50k–$75k,In-person,Yes,6.2,6.2,1.6,7.7,5.1,3.4,5.4,6.2,2.6,7.5,3.5,None,N/A,0,No access,Don't know,0,No,None,N/A,0
1460,37,Male,Poland,SaaS/Software,Backend Developer,Small (51–200),18,$75k–$100k,Hybrid,Was already remote,9.5,4.4,7.4,3.7,7.4,5.7,6.0,6.1,8.0,8.8,3.1,None,N/A,1,Easy,Yes,0,No,None,N/A,0
1461,30,Non-binary,Brazil,HealthTech,Mobile Developer,Enterprise (5 000+),3,$100k–$150k,Hybrid,Yes,1.6,8.7,4.7,7.1,4.8,7.8,9.3,3.9,1.0,1.0,10.0,None,N/A,0,Easy,No,0,Yes,None,N/A,0
1462,22,Male,Canada,HealthTech,Mobile Developer,Medium (201–1 000),9,$150k–$200k,In-person,Was already remote,7.8,4.3,2.3,4.4,4.5,3.1,4.3,5.8,5.9,9.4,4.0,None,N/A,0,Difficult,No,0,No,None,N/A,0
1463,30,Male,Australia,AI/ML startup,QA/Test Engineer,Medium (201–1 000),8,$150k–$200k,Hybrid,Yes,5.4,6.6,1.2,9.6,10.0,4.8,9.2,6.0,3.0,3.6,8.2,None,N/A,0,Moderate,Don't know,0,No,None,N/A,0
1464,25,Male,Canada,Gaming,DevOps/SRE,Small (51–200),5,$150k–$200k,Remote,Yes,5.4,4.4,11.7,5.8,8.6,6.2,9.3,5.6,2.9,3.5,9.4,None,N/A,0,No access,Yes,0,No,None,N/A,0
1465,27,Male,Germany,E-commerce,Software Engineer,Medium (201–1 000),12,$75k–$100k,Remote,No,5.5,6.0,0.5,4.0,8.1,5.8,8.2,6.9,3.5,8.6,5.5,None,N/A,0,Difficult,Yes,0,No,None,N/A,0
1466,36,Male,USA,FinTech,DevOps/SRE,Large (1 001–5 000),1,$75k–$100k,Remote,Was already remote,2.7,4.8,1.8,7.0,4.6,9.1,7.2,7.1,3.0,3.9,7.8,Anxiety & Depression,Formally diagnosed,1,Easy,No,0,Yes,>2 weeks,Yes,1
1467,44,Prefer not to say,Australia,AI/ML startup,Backend Developer,Large (1 001–5 000),9,<$50k,Remote,Was already remote,5.6,5.8,1.9,6.2,3.8,9.6,10.0,7.5,1.8,6.6,6.8,Depression & Burnout,Formally diagnosed,1,Moderate,Yes,1,No,1–2 weeks,No,1
1468,34,Male,USA,HealthTech,QA/Test Engineer,Large (1 001–5 000),2,$100k–$150k,Remote,Was already remote,8.3,7.1,0.0,7.7,1.8,4.3,8.0,4.0,3.3,5.5,5.2,None,N/A,0,Easy,Yes,0,No,None,N/A,0
1469,23,Male,Brazil,AI/ML startup,Data Scientist,Large (1 001–5 000),9,$150k–$200k,In-person,No,5.5,5.1,1.8,6.8,6.5,6.9,9.7,4.8,1.0,6.6,5.4,Anxiety & Depression,Self-reported,0,No access,No,0,No,>2 weeks,Partially,1
1470,35,Male,Brazil,Government/Public sector,ML/AI Engineer,Medium (201–1 000),3,$150k–$200k,Remote,Yes,5.7,6.0,0.0,9.6,7.2,6.2,6.4,5.4,5.2,2.9,7.1,Anxiety & Burnout,Self-reported,1,Easy,No,1,No,4–7 days,Yes,1
1471,40,Female,USA,AI/ML startup,Security Engineer,Medium (201–1 000),10,$100k–$150k,Hybrid,Was already remote,4.4,7.9,9.2,5.7,4.1,6.3,7.1,7.9,2.2,3.5,7.3,None,N/A,0,Easy,Yes,0,No,None,N/A,0
1472,27,Female,UK,FinTech,Frontend Developer,Enterprise (5 000+),12,>$200k,In-person,No,6.0,9.0,1.1,8.0,6.8,5.5,5.9,6.9,3.5,7.4,4.4,Depression,Self-reported,1,Difficult,Yes,1,Yes,4–7 days,Partially,1
1473,30,Male,Canada,AI/ML startup,Cloud Architect,Enterprise (5 000+),5,$50k–$75k,Remote,Was already remote,1.4,7.8,4.5,5.1,2.4,7.2,9.2,6.2,2.6,3.1,7.6,None,N/A,0,Moderate,Yes,0,Yes,None,N/A,0
1474,32,Male,India,Cybersecurity,Cloud Architect,Medium (201–1 000),3,$100k–$150k,Remote,Yes,4.6,6.4,7.3,6.8,10.0,5.8,7.8,6.2,2.6,5.3,8.2,None,N/A,0,Difficult,Yes,0,Yes,None,N/A,0
1475,26,Male,USA,Government/Public sector,DevOps/SRE,Large (1 001–5 000),8,$75k–$100k,In-person,Yes,6.7,6.1,5.5,5.5,3.9,4.2,7.0,8.7,2.5,8.5,3.7,None,N/A,0,Difficult,Don't know,0,No,None,N/A,0
1476,36,Male,India,E-commerce,DevOps/SRE,Small (51–200),1,$50k–$75k,In-person,No,3.6,6.3,7.6,8.5,4.0,6.4,10.0,9.3,1.0,4.4,8.9,Depression,Self-reported,1,Moderate,Yes,1,No,>2 weeks,No,1
1477,31,Male,USA,Gaming,CTO/VP Engineering,Small (51–200),0,>$200k,Remote,Yes,3.8,6.8,4.8,8.2,4.3,7.6,10.0,6.2,1.0,2.8,8.2,None,N/A,0,Moderate,Yes,0,No,None,N/A,0
1478,35,Male,USA,Big Tech,CTO/VP Engineering,Large (1 001–5 000),2,$150k–$200k,Hybrid,Yes,5.2,10.0,0.7,7.4,7.9,9.0,9.3,5.4,1.0,2.7,9.4,None,N/A,0,Easy,No,0,No,None,N/A,0
1479,25,Male,USA,Gaming,Product Manager,Medium (201–1 000),3,<$50k,In-person,No,6.9,7.4,1.1,7.1,7.4,4.8,9.2,2.6,3.6,5.3,5.2,None,N/A,0,Easy,Yes,0,No,None,N/A,0
1480,28,Male,USA,HealthTech,Backend Developer,Small (51–200),1,$75k–$100k,Remote,Was already remote,7.8,6.8,1.7,7.7,6.2,5.1,7.3,7.3,4.4,8.0,6.1,Anxiety,Formally diagnosed,1,Difficult,No,0,Yes,1–3 days,No,1
1481,37,Male,Sweden,FinTech,Engineering Manager,Large (1 001–5 000),2,$50k–$75k,Remote,Yes,6.0,7.0,1.2,8.2,10.0,5.8,10.0,6.6,2.0,7.1,7.0,None,N/A,1,Moderate,Yes,1,Yes,None,N/A,0
1482,29,Non-binary,South Africa,Cybersecurity,Engineering Manager,Enterprise (5 000+),0,$50k–$75k,In-person,Yes,5.4,6.8,10.8,6.6,6.6,5.0,8.2,8.2,2.7,5.2,6.1,None,N/A,0,Easy,No,0,No,None,N/A,0
1483,44,Non-binary,UK,Cybersecurity,Frontend Developer,Enterprise (5 000+),1,$100k–$150k,Hybrid,Was already remote,6.7,6.6,5.3,7.4,6.7,5.5,8.1,8.2,2.8,5.3,4.7,Anxiety,Self-reported,1,No access,No,0,No,None,No,1
1484,29,Female,Germany,AI/ML startup,Full-Stack Developer,Medium (201–1 000),1,$100k–$150k,In-person,Was already remote,5.6,8.5,5.4,9.3,7.2,5.8,6.6,6.3,1.0,4.1,4.9,None,N/A,0,No access,Don't know,0,Yes,None,N/A,0
1485,33,Male,USA,Big Tech,CTO/VP Engineering,Medium (201–1 000),1,$100k–$150k,Hybrid,Yes,7.3,6.4,0.9,6.0,4.9,8.9,6.0,4.1,4.3,5.0,6.8,None,N/A,0,No access,No,0,Yes,None,N/A,0
1486,38,Male,Germany,E-commerce,Product Manager,Startup (1–50),1,$50k–$75k,In-person,No,8.7,5.7,3.9,6.9,2.6,4.2,7.0,8.9,5.0,7.8,6.2,None,N/A,0,Easy,Don't know,0,Yes,None,N/A,0
1487,21,Male,USA,Big Tech,Software Engineer,Large (1 001–5 000),4,$75k–$100k,Hybrid,Yes,5.7,5.5,3.1,5.6,5.3,4.0,7.8,5.2,1.0,7.9,6.8,Burnout,Self-reported,0,Difficult,Don't know,0,No,1–2 weeks,Partially,1
1488,18,Female,India,SaaS/Software,DevOps/SRE,Enterprise (5 000+),1,$75k–$100k,Hybrid,Was already remote,3.9,7.2,1.9,9.0,2.4,8.6,10.0,9.0,3.4,4.2,8.3,None,N/A,0,Moderate,Don't know,0,Yes,None,N/A,0
1489,20,Male,Mexico,Cybersecurity,QA/Test Engineer,Enterprise (5 000+),15,$150k–$200k,Remote,No,5.9,5.9,1.0,5.9,7.8,7.2,6.3,7.8,1.9,5.1,5.8,Anxiety & Depression,Not sure / undiagnosed,1,Moderate,Don't know,0,No,None,Partially,1
1490,41,Female,USA,Cybersecurity,QA/Test Engineer,Large (1 001–5 000),3,>$200k,Remote,No,9.6,5.6,4.1,7.4,6.6,3.0,4.2,3.0,5.4,6.6,4.7,Depression,Formally diagnosed,0,Moderate,Don't know,0,Yes,None,No,1
1491,27,Non-binary,Netherlands,HealthTech,Full-Stack Developer,Startup (1–50),0,$50k–$75k,Remote,Was already remote,6.6,5.4,2.7,10.0,4.1,6.6,7.9,5.8,2.9,4.1,5.9,None,N/A,0,Easy,No,0,No,None,N/A,0
1492,51,Male,USA,Consulting/Agency,Data Analyst,Medium (201–1 000),1,$75k–$100k,Remote,Was already remote,4.2,7.0,0.3,8.3,5.1,7.2,7.8,5.3,2.1,5.8,6.7,Anxiety,Self-reported,0,Moderate,Yes,0,No,None,No,1
1493,27,Female,UK,Gaming,Mobile Developer,Medium (201–1 000),7,$75k–$100k,In-person,No,6.1,5.8,0.0,5.9,6.9,6.3,7.7,1.2,2.4,6.5,6.4,Anxiety,Not sure / undiagnosed,1,Easy,Don't know,0,Yes,None,No,1
1494,33,Male,USA,SaaS/Software,Product Manager,Enterprise (5 000+),0,<$50k,Hybrid,Yes,5.9,5.2,6.2,8.0,7.1,9.4,8.4,4.0,1.0,5.1,6.9,Anxiety & Depression,Not sure / undiagnosed,1,Difficult,Yes,1,Yes,1–2 weeks,No,1
1495,43,Male,UK,AI/ML startup,Product Manager,Startup (1–50),15,$75k–$100k,Hybrid,No,4.5,8.3,0.5,7.2,6.4,6.4,9.0,3.7,1.0,3.8,8.3,None,N/A,0,Moderate,Yes,0,Yes,None,N/A,0
1496,47,Male,USA,Government/Public sector,QA/Test Engineer,Medium (201–1 000),3,>$200k,In-person,No,8.3,4.5,1.6,3.5,2.8,4.0,6.0,8.1,1.2,9.5,3.9,Burnout,Self-reported,0,Easy,No,0,No,4–7 days,No,1
1497,47,Male,UK,HealthTech,Cloud Architect,Startup (1–50),4,$150k–$200k,Hybrid,No,7.1,5.5,2.7,4.2,2.4,5.7,6.5,5.4,3.8,6.7,4.1,ADHD,Formally diagnosed,0,Moderate,Yes,0,Yes,1–3 days,No,1
1498,41,Female,UK,Government/Public sector,QA/Test Engineer,Large (1 001–5 000),24,$50k–$75k,Hybrid,No,8.1,6.5,7.8,5.8,5.1,4.7,8.3,6.2,3.3,6.5,7.1,ADHD,Self-reported,1,Easy,Yes,1,No,1–2 weeks,No,1
1499,39,Male,USA,Government/Public sector,ML/AI Engineer,Large (1 001–5 000),3,$75k–$100k,In-person,Yes,1.0,8.8,3.6,7.1,7.3,5.0,10.0,6.5,2.4,3.7,8.0,None,N/A,0,Easy,No,0,No,None,N/A,0
1500,36,Male,Australia,E-commerce,QA/Test Engineer,Large (1 001–5 000),16,$75k–$100k,Hybrid,Was already remote,6.5,6.4,0.3,5.3,5.2,6.7,8.3,10.0,3.7,2.9,9.8,Anxiety & Depression,Formally diagnosed,1,Difficult,No,0,No,1–3 days,No,1
1501,37,Female,Spain,Cybersecurity,Backend Developer,Large (1 001–5 000),13,$50k–$75k,In-person,Was already remote,6.1,6.4,0.7,6.5,7.9,2.2,7.6,6.5,2.9,6.9,6.1,ADHD,Formally diagnosed,0,Easy,Yes,0,No,None,Partially,1
1502,27,Female,UK,Big Tech,Security Engineer,Large (1 001–5 000),15,$100k–$150k,Hybrid,Was already remote,4.2,5.5,0.4,5.4,9.2,4.6,8.2,5.4,1.3,5.4,6.7,Anxiety,Formally diagnosed,0,Easy,No,1,No,1–3 days,Yes,1
1503,25,Male,USA,E-commerce,QA/Test Engineer,Small (51–200),9,$100k–$150k,Remote,No,6.8,5.6,0.4,4.7,4.7,4.2,6.3,5.3,4.4,9.2,3.1,Anxiety & Burnout,Not sure / undiagnosed,0,Difficult,Yes,0,Yes,1–3 days,No,1
1504,31,Female,USA,Consulting/Agency,Security Engineer,Medium (201–1 000),1,$100k–$150k,Remote,Yes,4.3,5.1,6.1,5.6,2.8,7.0,9.5,5.7,1.0,4.1,7.2,Anxiety,Not sure / undiagnosed,1,Moderate,Yes,1,Yes,1–3 days,Partially,1
1505,30,Female,Japan,Big Tech,Cloud Architect,Enterprise (5 000+),2,$150k–$200k,Hybrid,No,3.1,7.0,5.5,7.0,7.9,6.0,9.5,7.3,1.5,5.5,5.4,None,N/A,0,Easy,Yes,0,Yes,None,N/A,0
1506,28,Male,Germany,Government/Public sector,Product Manager,Small (51–200),2,$100k–$150k,Remote,Yes,7.3,6.8,0.0,7.3,10.0,7.3,5.7,5.9,5.3,5.0,5.7,Depression,Not sure / undiagnosed,0,Easy,No,0,Yes,None,No,1
1507,37,Male,Canada,Government/Public sector,ML/AI Engineer,Startup (1–50),21,$75k–$100k,Hybrid,No,5.7,7.1,2.1,5.7,5.9,7.6,9.2,4.7,3.6,6.9,4.9,None,N/A,0,No access,Don't know,0,No,None,N/A,0
1508,39,Male,USA,Cybersecurity,Software Engineer,Medium (201–1 000),2,$75k–$100k,Remote,Was already remote,3.1,5.3,1.8,9.2,4.6,5.6,6.8,6.6,1.0,6.5,5.9,None,N/A,1,Difficult,Yes,1,Yes,None,N/A,0
1509,32,Female,Canada,AI/ML startup,Product Manager,Medium (201–1 000),0,$50k–$75k,Remote,Yes,8.6,6.7,2.7,5.1,8.5,3.8,8.2,8.7,3.5,6.5,6.5,Burnout,Formally diagnosed,1,Moderate,Don't know,1,Yes,None,Yes,1
1510,43,Female,USA,Big Tech,QA/Test Engineer,Medium (201–1 000),8,$100k–$150k,Remote,No,6.1,8.0,11.1,6.9,6.9,4.4,6.6,6.7,1.3,5.5,5.5,None,N/A,0,Easy,No,0,Yes,None,N/A,0
1511,23,Female,Mexico,FinTech,Engineering Manager,Medium (201–1 000),2,$100k–$150k,Remote,Yes,4.6,6.5,3.6,5.6,6.2,8.7,8.8,5.4,3.3,3.9,8.1,Burnout,Self-reported,1,Difficult,No,0,Yes,None,No,1
1512,30,Male,Singapore,Gaming,QA/Test Engineer,Enterprise (5 000+),5,$150k–$200k,Remote,Was already remote,3.1,9.0,5.3,4.8,5.5,7.6,9.0,6.8,2.3,6.5,5.4,None,N/A,0,Difficult,Yes,0,Yes,None,N/A,0
1513,26,Male,USA,AI/ML startup,Engineering Manager,Large (1 001–5 000),14,$150k–$200k,Hybrid,Yes,4.0,6.5,2.1,4.7,5.9,5.3,7.1,2.5,4.2,5.2,5.4,Depression,Not sure / undiagnosed,1,Easy,Yes,0,No,None,No,1
1514,18,Male,Germany,Big Tech,QA/Test Engineer,Startup (1–50),4,$150k–$200k,Remote,No,3.1,5.5,0.7,6.2,4.1,8.4,8.5,6.0,4.0,4.9,5.1,Depression & Burnout,Self-reported,1,Moderate,Yes,1,No,None,Partially,1
1515,31,Male,USA,Gaming,ML/AI Engineer,Large (1 001–5 000),5,$100k–$150k,Remote,Yes,9.1,5.7,0.8,3.5,10.0,4.5,8.4,4.9,3.3,7.1,5.9,Anxiety,Not sure / undiagnosed,0,Easy,No,0,Yes,None,No,1
1516,31,Female,UK,HealthTech,CTO/VP Engineering,Large (1 001–5 000),5,$100k–$150k,Hybrid,No,9.6,5.5,1.2,7.1,4.5,5.3,7.3,3.2,4.7,8.1,4.0,Depression,Not sure / undiagnosed,0,Moderate,Don't know,0,No,1–3 days,Yes,1
1517,43,Female,Singapore,Cybersecurity,DevOps/SRE,Enterprise (5 000+),5,$150k–$200k,Remote,No,8.2,7.3,1.5,7.2,1.0,5.2,8.6,9.0,2.1,6.3,8.8,Burnout,Formally diagnosed,1,Easy,No,0,No,None,No,1
1518,36,Male,Germany,Gaming,CTO/VP Engineering,Medium (201–1 000),0,$50k–$75k,Remote,Yes,3.0,6.1,1.5,7.6,5.7,5.7,7.9,5.5,2.7,4.7,4.5,Anxiety & Depression,Formally diagnosed,1,Easy,No,0,No,1–2 weeks,Partially,1
1519,24,Male,UK,Big Tech,ML/AI Engineer,Small (51–200),3,$75k–$100k,In-person,No,7.0,6.8,1.7,9.6,6.9,6.2,6.3,4.9,3.2,3.7,7.2,None,N/A,0,Easy,Yes,0,Yes,None,N/A,0
1520,45,Male,USA,Consulting/Agency,Data Scientist,Large (1 001–5 000),0,$50k–$75k,Remote,Was already remote,10.0,3.8,3.0,7.0,9.2,4.7,5.5,6.6,4.5,7.6,5.4,Depression,Self-reported,1,Easy,Yes,0,No,None,No,1
1521,41,Male,Sweden,Consulting/Agency,Backend Developer,Large (1 001–5 000),5,$100k–$150k,In-person,No,4.6,6.3,1.4,4.4,5.0,7.1,8.3,3.8,2.3,6.7,4.7,ADHD,Self-reported,1,No access,Don't know,0,Yes,1–2 weeks,No,1
1522,36,Male,India,Cybersecurity,Frontend Developer,Medium (201–1 000),4,$150k–$200k,Hybrid,Yes,5.8,6.2,3.3,5.6,3.3,8.5,6.6,5.2,2.9,3.2,7.5,None,N/A,0,Moderate,Yes,0,Yes,None,N/A,0
1523,30,Male,Canada,E-commerce,Cloud Architect,Startup (1–50),2,$75k–$100k,Remote,No,9.2,5.3,0.0,6.4,8.3,6.5,6.3,5.1,1.4,5.5,6.8,None,N/A,0,Difficult,Yes,0,No,None,N/A,0
1524,24,Male,USA,E-commerce,Backend Developer,Large (1 001–5 000),4,$150k–$200k,Hybrid,Yes,6.6,4.7,0.7,6.0,4.4,7.1,8.0,6.1,4.7,5.1,5.9,Burnout,Formally diagnosed,1,Moderate,Yes,1,Yes,1–3 days,Yes,1
1525,29,Male,UK,Consulting/Agency,Mobile Developer,Startup (1–50),3,$75k–$100k,Remote,No,7.2,5.7,6.9,4.6,7.0,7.1,8.9,10.0,1.0,6.8,6.7,Depression,Self-reported,0,Easy,No,1,No,1–2 weeks,Yes,1
1526,40,Male,South Africa,E-commerce,QA/Test Engineer,Startup (1–50),1,>$200k,Hybrid,Yes,4.8,6.9,3.5,5.1,3.8,5.6,8.5,9.5,4.7,7.8,4.5,Burnout,Self-reported,1,Difficult,Don't know,0,No,None,Partially,1
1527,46,Male,Germany,Big Tech,Cloud Architect,Small (51–200),1,$100k–$150k,Hybrid,Yes,3.4,8.3,0.8,7.2,4.0,7.8,9.5,3.7,1.0,2.0,6.9,None,N/A,0,Easy,Yes,0,Yes,None,N/A,0
1528,43,Female,UK,Consulting/Agency,CTO/VP Engineering,Medium (201–1 000),7,>$200k,Remote,Yes,6.9,5.5,0.6,7.7,5.0,6.2,6.2,6.5,4.5,8.1,2.1,Other,Self-reported,1,Moderate,Yes,1,No,1–2 weeks,No,1
1529,28,Male,Germany,Gaming,Security Engineer,Medium (201–1 000),7,$75k–$100k,Remote,Was already remote,5.1,5.7,17.9,5.6,3.4,4.3,5.8,5.3,2.1,5.0,8.2,Anxiety,Formally diagnosed,0,Difficult,Yes,0,Yes,None,No,1
1530,23,Prefer not to say,Netherlands,Cybersecurity,CTO/VP Engineering,Small (51–200),3,>$200k,Hybrid,Was already remote,4.8,9.3,1.2,6.8,2.6,7.0,10.0,7.0,2.2,3.4,10.0,None,N/A,0,Difficult,Yes,0,No,None,N/A,0
1531,33,Male,UK,HealthTech,Engineering Manager,Startup (1–50),6,$75k–$100k,Hybrid,Was already remote,4.6,4.6,3.2,3.7,4.7,7.3,8.5,3.9,2.4,5.9,4.8,Anxiety,Formally diagnosed,1,No access,Yes,1,No,None,No,1
1532,18,Male,USA,Gaming,Frontend Developer,Small (51–200),3,$100k–$150k,Remote,No,7.5,5.4,2.1,4.4,6.0,5.2,8.5,10.0,2.2,6.1,4.0,Depression,Formally diagnosed,1,Difficult,No,0,Yes,1–2 weeks,No,1
1533,34,Male,India,Gaming,Software Engineer,Startup (1–50),10,$50k–$75k,Remote,Was already remote,6.9,5.2,1.3,6.3,10.0,3.9,6.8,6.3,1.9,6.6,7.8,None,N/A,0,Easy,Yes,0,No,None,N/A,0
1534,30,Male,Australia,FinTech,Data Analyst,Medium (201–1 000),2,$150k–$200k,Hybrid,No,9.4,4.0,0.0,3.8,6.4,7.0,4.5,5.3,7.7,6.8,5.3,None,N/A,0,Difficult,Yes,0,No,None,N/A,0
1535,28,Female,France,Government/Public sector,Product Manager,Small (51–200),14,>$200k,In-person,No,8.1,6.0,0.3,6.7,6.1,5.0,4.7,5.1,1.7,7.1,3.0,None,N/A,0,No access,Yes,0,Yes,None,N/A,0
1536,20,Male,Singapore,Cybersecurity,DevOps/SRE,Small (51–200),4,$150k–$200k,Remote,Was already remote,6.3,7.7,10.4,3.7,6.2,7.9,6.3,6.8,4.2,6.9,2.6,None,N/A,0,Easy,Yes,0,Yes,None,N/A,0
1537,35,Non-binary,UK,Consulting/Agency,Data Analyst,Medium (201–1 000),4,$100k–$150k,Hybrid,Was already remote,6.2,7.7,0.0,8.8,6.8,5.3,6.2,4.8,1.4,3.5,7.2,None,N/A,1,Moderate,Yes,1,No,None,N/A,0
1538,28,Female,USA,AI/ML startup,ML/AI Engineer,Small (51–200),6,$100k–$150k,Remote,No,7.9,6.8,3.6,8.9,5.9,5.7,7.7,5.3,4.4,5.9,4.3,None,N/A,0,Difficult,No,0,No,None,N/A,0
1539,23,Female,South Africa,Big Tech,Data Scientist,Small (51–200),2,$75k–$100k,In-person,Was already remote,6.3,7.8,7.5,9.1,8.1,3.8,7.5,7.2,2.4,6.6,6.9,Depression,Formally diagnosed,0,Moderate,Yes,0,No,1–2 weeks,No,1
1540,18,Female,Canada,FinTech,Engineering Manager,Large (1 001–5 000),7,$75k–$100k,Hybrid,Was already remote,8.2,5.8,4.1,4.6,6.5,7.5,8.2,4.3,5.0,8.2,5.2,None,N/A,0,Moderate,Don't know,0,Yes,None,N/A,0
1541,31,Female,India,Consulting/Agency,Engineering Manager,Medium (201–1 000),2,$75k–$100k,Hybrid,No,6.3,6.5,1.0,7.9,5.6,9.8,7.2,6.8,3.3,2.5,7.1,None,N/A,0,No access,Yes,0,Yes,None,N/A,0
1542,45,Male,Australia,HealthTech,Full-Stack Developer,Enterprise (5 000+),2,$150k–$200k,Remote,Yes,7.2,6.6,2.0,5.2,4.0,5.9,9.3,7.3,2.3,6.7,4.0,None,N/A,0,Moderate,Yes,0,No,None,N/A,0
1543,44,Female,Germany,Government/Public sector,Backend Developer,Medium (201–1 000),6,>$200k,Hybrid,No,8.7,7.4,6.0,2.8,6.8,5.3,7.5,3.8,3.8,5.9,5.9,Anxiety & Depression,Formally diagnosed,1,Difficult,Don't know,0,Yes,1–2 weeks,Partially,1
1544,28,Male,USA,Gaming,Data Analyst,Enterprise (5 000+),2,>$200k,Hybrid,Yes,3.2,6.8,13.5,5.0,8.3,8.9,8.9,6.7,1.9,2.9,8.9,None,N/A,0,Moderate,Yes,0,No,None,N/A,0
1545,27,Male,Netherlands,AI/ML startup,CTO/VP Engineering,Small (51–200),1,$75k–$100k,Remote,Was already remote,8.5,7.3,0.0,8.1,7.4,3.0,5.6,6.6,2.7,9.0,5.3,None,N/A,0,No access,Yes,0,No,None,N/A,0
1546,35,Male,Sweden,E-commerce,Data Scientist,Large (1 001–5 000),11,$100k–$150k,In-person,Was already remote,8.7,7.7,0.0,7.0,4.9,8.2,8.9,8.1,2.2,8.0,3.9,None,N/A,0,Moderate,Yes,0,No,None,N/A,0
1547,24,Female,Germany,AI/ML startup,QA/Test Engineer,Medium (201–1 000),14,$100k–$150k,Hybrid,No,5.6,7.0,10.8,5.3,5.9,8.7,7.3,5.8,4.8,4.2,4.1,None,N/A,0,Difficult,No,0,Yes,None,N/A,0
1548,34,Female,Canada,Big Tech,ML/AI Engineer,Enterprise (5 000+),5,$100k–$150k,In-person,No,6.2,7.4,6.9,6.0,9.4,3.6,8.6,4.6,3.7,5.1,8.1,Burnout,Not sure / undiagnosed,1,Moderate,Don't know,0,Yes,None,Partially,1
1549,37,Male,USA,Government/Public sector,ML/AI Engineer,Medium (201–1 000),9,<$50k,In-person,Yes,5.5,5.4,0.7,5.3,8.0,4.0,9.2,4.4,2.3,3.5,6.7,None,N/A,0,Easy,Don't know,0,Yes,None,N/A,0
1550,41,Female,USA,Government/Public sector,Product Manager,Enterprise (5 000+),23,$150k–$200k,Hybrid,Was already remote,5.0,7.4,12.3,6.1,7.0,4.1,10.0,4.0,1.0,6.5,4.1,None,N/A,0,Difficult,Yes,0,No,None,N/A,0
1551,31,Male,UK,E-commerce,Frontend Developer,Medium (201–1 000),5,$75k–$100k,Hybrid,Was already remote,8.3,6.7,0.0,9.0,4.6,3.2,5.4,6.3,2.8,5.0,6.9,ADHD,Self-reported,1,Moderate,Yes,1,Yes,1–3 days,Partially,1
1552,30,Male,USA,Gaming,Frontend Developer,Large (1 001–5 000),13,$100k–$150k,Hybrid,Yes,3.5,7.4,0.7,5.7,6.8,7.6,10.0,4.8,1.0,6.6,6.0,Burnout,Self-reported,1,Easy,Yes,1,Yes,1–2 weeks,No,1
1553,25,Male,Poland,HealthTech,Cloud Architect,Enterprise (5 000+),2,$150k–$200k,Hybrid,Yes,6.3,7.5,3.6,9.9,9.4,4.6,10.0,8.4,2.9,6.1,6.6,Anxiety,Formally diagnosed,0,Easy,No,0,No,1–3 days,Partially,1
1554,25,Male,Sweden,Gaming,Data Analyst,Enterprise (5 000+),6,>$200k,Remote,Yes,3.7,7.3,3.1,4.5,6.1,7.7,9.6,6.6,1.7,3.6,7.1,None,N/A,0,Difficult,Don't know,0,Yes,None,N/A,0
1555,30,Male,Australia,Big Tech,Software Engineer,Large (1 001–5 000),0,$150k–$200k,Hybrid,No,5.1,6.4,0.9,7.4,1.0,8.0,6.1,7.1,1.5,4.7,6.5,Anxiety,Formally diagnosed,0,Easy,Yes,0,Yes,1–3 days,Yes,1
1556,34,Male,Germany,HealthTech,Cloud Architect,Small (51–200),8,<$50k,Remote,Yes,4.0,6.9,9.5,8.2,9.8,8.4,9.9,6.7,3.5,4.1,10.0,None,N/A,1,Easy,Yes,0,No,None,N/A,0
1557,38,Female,USA,Gaming,Frontend Developer,Small (51–200),9,$75k–$100k,In-person,Yes,6.2,6.4,1.5,3.9,7.8,6.6,8.9,6.2,2.6,6.7,6.9,Anxiety,Not sure / undiagnosed,1,Easy,Yes,0,No,None,Yes,1
1558,25,Male,New Zealand,Government/Public sector,Frontend Developer,Small (51–200),2,$75k–$100k,Remote,Yes,7.0,6.4,1.2,7.0,4.4,7.2,5.3,8.8,5.5,5.2,7.1,Anxiety,Formally diagnosed,0,Easy,Yes,0,No,4–7 days,No,1
1559,43,Male,UK,SaaS/Software,QA/Test Engineer,Startup (1–50),5,>$200k,In-person,No,8.2,5.7,2.6,3.9,5.6,6.2,6.5,3.4,2.6,6.1,4.8,None,N/A,0,Moderate,No,0,No,None,N/A,0
1560,29,Female,USA,FinTech,QA/Test Engineer,Startup (1–50),10,$75k–$100k,Remote,Was already remote,6.0,6.1,0.6,9.9,5.4,6.5,9.5,6.4,1.0,3.4,8.0,None,N/A,0,No access,Don't know,0,No,None,N/A,0
1561,31,Female,Canada,HealthTech,Mobile Developer,Medium (201–1 000),11,>$200k,In-person,Was already remote,9.6,6.5,1.8,8.9,5.1,3.3,2.9,3.8,3.1,8.4,3.7,Anxiety,Self-reported,0,Difficult,Yes,0,Yes,None,Yes,1
1562,26,Male,Singapore,SaaS/Software,Mobile Developer,Large (1 001–5 000),0,>$200k,Hybrid,No,5.2,6.8,1.5,7.7,5.7,4.2,8.7,3.2,2.3,4.1,6.6,Burnout,Not sure / undiagnosed,1,Moderate,No,0,Yes,1–2 weeks,Yes,1
1563,18,Male,Ireland,Consulting/Agency,Data Scientist,Startup (1–50),9,$150k–$200k,In-person,Yes,7.4,5.0,3.5,6.4,7.5,6.0,7.5,4.0,2.1,3.9,7.3,Anxiety,Formally diagnosed,1,Moderate,No,0,No,1–3 days,Partially,1
1564,38,Female,USA,Consulting/Agency,ML/AI Engineer,Medium (201–1 000),1,$50k–$75k,Remote,No,8.5,6.6,0.0,5.4,9.2,7.1,4.9,9.9,6.2,5.5,3.7,Anxiety,Formally diagnosed,0,Easy,Don't know,0,No,1–2 weeks,Yes,1
1565,37,Female,Ireland,Gaming,ML/AI Engineer,Medium (201–1 000),7,<$50k,Remote,Yes,5.4,5.7,0.6,5.1,4.6,5.6,8.9,5.7,3.4,5.7,8.1,None,N/A,0,Difficult,Yes,0,Yes,None,N/A,0
1566,29,Male,USA,E-commerce,Mobile Developer,Enterprise (5 000+),2,$150k–$200k,Hybrid,Yes,7.1,8.4,0.4,9.2,7.7,4.9,7.3,6.7,1.2,5.3,6.1,ADHD,Not sure / undiagnosed,0,Difficult,No,0,Yes,1–2 weeks,No,1
1567,32,Male,USA,Gaming,ML/AI Engineer,Startup (1–50),0,$150k–$200k,Hybrid,Yes,1.5,6.5,10.6,6.7,4.2,7.2,9.7,9.2,1.0,5.0,7.8,Anxiety,Formally diagnosed,1,Difficult,Yes,1,Yes,None,No,1
1568,35,Female,Japan,E-commerce,Data Scientist,Medium (201–1 000),1,>$200k,Remote,Yes,8.1,8.2,5.8,8.8,8.3,5.5,7.4,4.5,3.5,5.5,7.0,None,N/A,0,Difficult,No,0,Yes,None,N/A,0
1569,20,Male,Japan,Gaming,Full-Stack Developer,Enterprise (5 000+),2,$75k–$100k,Hybrid,Yes,4.5,7.4,6.3,8.9,6.6,4.9,8.2,6.1,1.5,4.2,6.9,None,N/A,0,Moderate,Yes,0,No,None,N/A,0
1570,28,Prefer not to say,India,AI/ML startup,QA/Test Engineer,Small (51–200),7,$150k–$200k,Remote,No,8.8,5.5,4.2,6.2,5.8,7.8,6.2,5.9,2.6,7.8,6.2,Anxiety & Depression,Self-reported,0,Easy,No,0,No,1–3 days,Yes,1
1571,37,Male,Germany,Big Tech,Data Scientist,Large (1 001–5 000),0,$100k–$150k,Hybrid,Yes,6.0,5.7,3.3,6.1,5.4,5.2,7.2,8.1,4.4,6.1,5.0,ADHD,Not sure / undiagnosed,0,No access,Don't know,0,Yes,None,No,1
1572,22,Female,Brazil,FinTech,ML/AI Engineer,Enterprise (5 000+),9,$75k–$100k,In-person,No,7.8,6.8,0.0,5.9,8.2,5.4,7.2,8.7,6.3,8.5,3.9,None,N/A,0,Difficult,Don't know,0,No,None,N/A,0
1573,34,Male,Sweden,E-commerce,Data Analyst,Small (51–200),31,$100k–$150k,Remote,No,4.9,6.4,1.4,4.8,3.2,6.1,7.1,4.5,2.7,5.0,8.0,Burnout,Self-reported,0,Easy,Don't know,0,Yes,None,No,1
1574,21,Male,Ireland,Big Tech,QA/Test Engineer,Enterprise (5 000+),8,$100k–$150k,Remote,No,10.0,4.9,1.5,6.2,8.2,4.1,9.1,5.0,4.9,8.3,7.1,Depression,Self-reported,0,Easy,Yes,0,No,None,Yes,1
1575,35,Female,Germany,AI/ML startup,DevOps/SRE,Large (1 001–5 000),3,$75k–$100k,Hybrid,Was already remote,6.4,5.8,0.0,6.3,4.8,5.3,6.2,8.7,4.8,4.0,6.3,None,N/A,0,Easy,No,0,Yes,None,N/A,0
1576,31,Male,South Africa,Consulting/Agency,Frontend Developer,Startup (1–50),4,$75k–$100k,Remote,Was already remote,10.0,5.7,0.0,7.7,7.5,3.8,6.8,5.1,2.9,7.7,4.3,None,N/A,0,Difficult,Yes,0,No,None,N/A,0
1577,19,Female,Argentina,Gaming,QA/Test Engineer,Small (51–200),0,$100k–$150k,In-person,Yes,6.0,6.7,0.1,6.2,6.2,3.1,6.2,6.0,5.5,6.2,4.7,Depression,Not sure / undiagnosed,0,Difficult,No,0,No,4–7 days,No,1
1578,40,Male,USA,Cybersecurity,CTO/VP Engineering,Large (1 001–5 000),1,$100k–$150k,Hybrid,No,5.4,8.0,0.3,7.9,3.6,5.8,10.0,5.6,1.0,2.5,10.0,Depression,Self-reported,1,No access,Yes,0,No,None,No,1
1579,26,Male,Japan,Big Tech,QA/Test Engineer,Enterprise (5 000+),12,$75k–$100k,Remote,Yes,7.2,6.0,0.0,7.5,5.2,6.6,6.1,8.3,3.7,5.4,7.3,Anxiety,Self-reported,1,No access,Yes,0,No,4–7 days,No,1
1580,25,Male,Canada,Gaming,Security Engineer,Small (51–200),0,$75k–$100k,Hybrid,No,8.2,6.7,0.0,7.8,4.1,5.9,9.5,7.0,2.2,6.8,4.8,None,N/A,0,Moderate,Yes,0,Yes,None,N/A,0
1581,33,Female,UK,Consulting/Agency,ML/AI Engineer,Large (1 001–5 000),12,>$200k,Remote,Yes,7.7,5.7,1.7,6.7,3.2,5.9,6.1,2.9,1.6,4.5,4.4,Anxiety,Formally diagnosed,0,Moderate,Don't know,0,No,4–7 days,Partially,1
1582,40,Male,India,E-commerce,Cloud Architect,Small (51–200),0,$150k–$200k,Remote,Yes,7.0,5.3,0.6,7.3,6.6,5.5,8.5,4.6,2.0,7.5,4.9,Anxiety,Self-reported,0,Easy,No,0,No,None,Yes,1
1583,24,Male,USA,Big Tech,Backend Developer,Large (1 001–5 000),0,$150k–$200k,Hybrid,Was already remote,6.1,5.8,6.6,6.8,2.5,6.4,7.7,5.7,2.2,4.2,8.1,None,N/A,0,Easy,Yes,0,No,None,N/A,0
1584,32,Male,Canada,HealthTech,Full-Stack Developer,Large (1 001–5 000),1,$75k–$100k,Hybrid,Yes,7.6,3.0,6.6,3.5,4.4,4.1,7.6,6.2,3.0,8.1,2.8,Burnout,Formally diagnosed,0,Easy,Yes,0,No,4–7 days,No,1
1585,35,Female,Singapore,Gaming,QA/Test Engineer,Medium (201–1 000),8,$50k–$75k,Hybrid,No,6.8,6.4,8.4,5.6,6.7,7.6,8.0,9.0,4.7,8.1,5.5,Burnout,Formally diagnosed,1,Moderate,No,0,No,4–7 days,No,1
1586,37,Female,USA,Big Tech,Data Scientist,Large (1 001–5 000),3,$150k–$200k,Remote,No,5.8,6.2,2.0,4.7,3.9,6.5,9.0,7.0,3.1,6.2,5.5,Anxiety,Formally diagnosed,1,Easy,Yes,0,Yes,1–2 weeks,No,1
1587,33,Male,UK,Government/Public sector,Software Engineer,Enterprise (5 000+),0,$50k–$75k,Hybrid,Was already remote,5.7,6.4,5.0,9.3,8.4,7.3,8.8,6.0,3.2,4.4,7.8,ADHD,Self-reported,1,Moderate,No,0,Yes,1–3 days,Partially,1
1588,29,Male,Mexico,AI/ML startup,ML/AI Engineer,Medium (201–1 000),6,$100k–$150k,In-person,No,8.6,5.4,2.1,8.2,10.0,5.2,6.4,7.1,4.4,7.0,5.2,None,N/A,0,Moderate,Yes,0,Yes,None,N/A,0
1589,25,Non-binary,Canada,SaaS/Software,ML/AI Engineer,Large (1 001–5 000),15,$75k–$100k,Remote,Yes,3.7,7.1,0.9,6.9,9.1,7.0,9.0,6.3,1.7,5.9,6.8,Burnout,Formally diagnosed,1,Easy,Yes,0,Yes,1–3 days,Yes,1
1590,32,Male,UK,E-commerce,Backend Developer,Small (51–200),4,$75k–$100k,Hybrid,No,7.6,7.7,2.8,7.1,6.9,5.6,7.2,5.3,1.4,5.9,4.4,Burnout,Not sure / undiagnosed,1,Difficult,Don't know,0,Yes,4–7 days,No,1
1591,23,Female,Canada,FinTech,Product Manager,Large (1 001–5 000),0,$150k–$200k,Remote,No,7.4,7.0,5.7,9.1,5.6,4.4,7.1,4.9,4.0,4.5,6.3,None,N/A,0,Easy,Yes,0,No,None,N/A,0
1592,18,Female,Germany,FinTech,Software Engineer,Large (1 001–5 000),0,>$200k,In-person,Was already remote,10.0,4.7,0.1,5.4,6.1,4.4,5.8,5.9,3.2,7.3,5.2,Burnout,Self-reported,0,Difficult,No,0,No,None,Partially,1
1593,35,Female,India,AI/ML startup,Cloud Architect,Medium (201–1 000),8,>$200k,Hybrid,No,1.0,9.3,5.9,8.8,9.2,6.4,10.0,4.4,2.9,2.1,10.0,None,N/A,0,Difficult,Yes,0,Yes,None,N/A,0
1594,38,Male,Sweden,HealthTech,DevOps/SRE,Large (1 001–5 000),5,>$200k,Remote,No,3.2,9.9,5.7,9.8,3.3,6.3,8.5,6.7,2.7,3.2,7.8,None,N/A,0,Moderate,Yes,0,Yes,None,N/A,0
1595,18,Female,Canada,HealthTech,Frontend Developer,Medium (201–1 000),14,$100k–$150k,In-person,No,4.4,6.9,3.8,6.5,2.3,7.4,9.9,8.5,2.2,6.4,5.9,None,N/A,0,Difficult,Yes,0,Yes,None,N/A,0
1596,24,Female,Brazil,Cybersecurity,Product Manager,Enterprise (5 000+),4,$100k–$150k,Remote,No,4.9,6.7,7.6,4.9,5.5,6.0,10.0,7.6,1.0,4.8,7.3,None,N/A,0,Moderate,Yes,0,No,None,N/A,0
1597,36,Female,Germany,Cybersecurity,Data Analyst,Startup (1–50),0,<$50k,Hybrid,No,7.7,7.1,0.0,6.1,6.4,6.9,6.6,7.9,3.9,8.8,3.2,Burnout,Formally diagnosed,1,No access,No,0,No,None,No,1
1598,47,Male,UK,SaaS/Software,CTO/VP Engineering,Startup (1–50),2,$100k–$150k,In-person,No,3.6,7.8,6.9,8.4,8.0,4.9,9.7,5.0,4.6,3.8,8.4,Anxiety,Self-reported,1,Easy,Yes,1,No,None,No,1
1599,32,Male,Australia,SaaS/Software,Mobile Developer,Large (1 001–5 000),5,$75k–$100k,Remote,Yes,5.5,6.2,3.2,7.5,7.8,8.0,7.5,4.1,2.1,3.1,6.9,Anxiety & Depression,Formally diagnosed,0,Difficult,Don't know,0,Yes,None,No,1
1600,26,Male,France,Cybersecurity,QA/Test Engineer,Large (1 001–5 000),2,$150k–$200k,Remote,No,4.8,6.3,6.8,6.9,9.0,5.6,7.3,8.0,1.3,4.4,7.8,None,N/A,0,Moderate,Yes,0,No,None,N/A,0
1601,30,Male,Germany,AI/ML startup,Engineering Manager,Medium (201–1 000),35,$100k–$150k,In-person,Yes,5.5,6.2,2.5,4.7,6.0,5.5,7.1,7.0,3.0,5.9,6.7,None,N/A,0,Difficult,Yes,0,Yes,None,N/A,0
1602,42,Female,USA,Consulting/Agency,Data Analyst,Enterprise (5 000+),2,$150k–$200k,Hybrid,Was already remote,8.5,7.4,0.4,6.5,5.8,5.4,5.5,6.1,4.4,5.6,5.1,Anxiety,Self-reported,0,Difficult,Yes,0,Yes,None,Yes,1
1603,27,Male,USA,E-commerce,DevOps/SRE,Large (1 001–5 000),4,$100k–$150k,In-person,Was already remote,7.0,6.0,7.4,7.0,6.2,5.6,5.0,7.6,4.4,8.5,2.8,None,N/A,0,Difficult,Yes,0,No,None,N/A,0
1604,26,Male,USA,Government/Public sector,Data Scientist,Enterprise (5 000+),1,$75k–$100k,Remote,Was already remote,4.9,6.8,7.4,5.6,3.6,6.9,10.0,6.0,2.3,2.7,9.3,None,N/A,0,No access,Don't know,0,Yes,None,N/A,0
1605,28,Male,USA,Cybersecurity,Full-Stack Developer,Medium (201–1 000),0,$150k–$200k,Hybrid,No,3.5,8.2,1.5,5.6,8.7,5.0,8.8,9.4,1.0,3.4,8.9,None,N/A,1,Difficult,No,0,Yes,None,N/A,0
1606,24,Female,Australia,HealthTech,CTO/VP Engineering,Small (51–200),5,$150k–$200k,Remote,Was already remote,7.0,7.8,4.2,7.8,5.3,3.9,7.8,7.6,5.6,3.6,6.9,None,N/A,0,Moderate,Don't know,0,Yes,None,N/A,0
1607,32,Non-binary,USA,E-commerce,Data Scientist,Medium (201–1 000),4,$150k–$200k,Hybrid,Yes,4.8,5.8,0.4,7.6,5.3,6.2,7.4,6.4,1.0,4.7,9.0,Burnout,Formally diagnosed,0,Easy,Yes,0,Yes,4–7 days,Yes,1
1608,44,Male,Netherlands,Consulting/Agency,Data Scientist,Enterprise (5 000+),0,$150k–$200k,In-person,Yes,5.5,5.3,0.2,6.5,6.4,8.1,7.5,3.8,4.1,5.6,7.4,None,N/A,1,Moderate,Yes,1,No,None,N/A,0
1609,34,Male,USA,SaaS/Software,Mobile Developer,Medium (201–1 000),1,$75k–$100k,Hybrid,No,5.6,7.0,2.4,6.0,4.3,5.4,6.1,5.5,3.7,4.4,6.0,Anxiety,Formally diagnosed,1,Easy,Yes,0,Yes,>2 weeks,No,1
1610,30,Male,USA,Gaming,Security Engineer,Enterprise (5 000+),5,>$200k,Remote,Yes,8.0,6.2,0.0,6.2,5.4,7.8,8.1,8.7,4.9,5.8,6.4,None,N/A,0,Moderate,Yes,0,Yes,None,N/A,0
1611,29,Female,Germany,AI/ML startup,Data Scientist,Large (1 001–5 000),9,$100k–$150k,Hybrid,Was already remote,5.4,7.6,1.9,8.4,6.9,7.6,7.3,7.6,1.2,3.5,8.0,ADHD,Formally diagnosed,0,Easy,Yes,0,Yes,None,Partially,1
1612,20,Female,USA,HealthTech,Software Engineer,Medium (201–1 000),2,>$200k,Hybrid,Yes,5.3,5.2,5.4,7.5,8.8,7.2,10.0,9.4,1.0,5.2,9.7,ADHD,Formally diagnosed,0,Difficult,No,0,Yes,1–2 weeks,Yes,1
1613,38,Non-binary,Singapore,FinTech,Mobile Developer,Medium (201–1 000),5,$150k–$200k,Hybrid,No,4.4,6.6,7.9,6.8,6.4,4.8,7.8,4.8,2.4,6.2,3.4,Anxiety,Formally diagnosed,1,Moderate,No,0,Yes,>2 weeks,No,1
1614,31,Male,USA,FinTech,Security Engineer,Large (1 001–5 000),1,$50k–$75k,Hybrid,Yes,4.6,7.1,1.1,9.5,9.5,7.1,9.0,3.3,1.0,4.3,7.1,Anxiety & Depression,Self-reported,0,Difficult,Don't know,1,No,None,No,1
1615,30,Non-binary,Canada,SaaS/Software,Security Engineer,Large (1 001–5 000),6,>$200k,Hybrid,Yes,7.7,5.1,0.0,5.1,5.4,6.1,5.5,8.1,2.2,8.5,4.9,Anxiety,Formally diagnosed,0,Difficult,Yes,0,Yes,1–3 days,No,1
1616,55,Male,Japan,Gaming,ML/AI Engineer,Startup (1–50),6,>$200k,In-person,Yes,6.0,7.1,3.2,4.3,2.4,5.3,7.8,8.0,2.4,4.6,6.1,ADHD,Self-reported,0,Moderate,No,0,Yes,4–7 days,Yes,1
1617,34,Female,India,HealthTech,QA/Test Engineer,Enterprise (5 000+),0,$100k–$150k,Remote,Yes,5.6,8.0,0.9,1.9,3.0,7.0,5.3,6.7,3.5,7.2,6.8,ADHD,Not sure / undiagnosed,1,Easy,No,0,Yes,1–2 weeks,No,1
1618,26,Male,USA,AI/ML startup,Frontend Developer,Medium (201–1 000),6,$150k–$200k,Hybrid,Yes,3.6,6.0,0.5,7.4,6.9,5.8,7.2,8.3,2.9,2.6,6.0,None,N/A,0,Easy,Yes,0,No,None,N/A,0
1619,28,Female,UK,SaaS/Software,Software Engineer,Enterprise (5 000+),2,>$200k,Hybrid,Was already remote,4.1,7.9,0.7,9.4,5.4,7.4,10.0,9.1,1.0,4.8,8.7,None,N/A,0,Moderate,Don't know,1,Yes,None,N/A,0
1620,40,Male,Australia,Consulting/Agency,Engineering Manager,Large (1 001–5 000),1,<$50k,Remote,Yes,7.0,6.2,9.2,9.2,8.1,7.7,9.5,6.0,5.3,3.7,10.0,None,N/A,0,Easy,Yes,0,No,None,N/A,0
1621,32,Female,New Zealand,FinTech,Product Manager,Medium (201–1 000),3,>$200k,Remote,Yes,5.6,6.0,7.1,5.3,6.3,3.8,8.1,9.0,1.0,3.5,7.4,None,N/A,0,Easy,No,0,No,None,N/A,0
1622,21,Female,Ireland,Big Tech,Product Manager,Medium (201–1 000),3,$100k–$150k,In-person,Was already remote,5.6,6.2,6.0,4.9,6.1,5.5,8.0,3.4,4.1,6.2,5.5,None,N/A,0,Easy,Yes,0,No,None,N/A,0
1623,38,Male,UK,Government/Public sector,Software Engineer,Large (1 001–5 000),8,$150k–$200k,Remote,Yes,6.6,7.4,1.0,2.0,3.7,4.2,8.8,6.7,5.6,6.9,5.5,None,N/A,0,Moderate,No,0,Yes,None,N/A,0
1624,26,Male,Argentina,E-commerce,DevOps/SRE,Small (51–200),0,$100k–$150k,Hybrid,Was already remote,7.2,5.9,3.8,5.1,1.2,4.5,7.7,6.6,5.4,3.2,8.3,None,N/A,0,Difficult,Yes,0,No,None,N/A,0
1625,46,Female,USA,Cybersecurity,Data Analyst,Enterprise (5 000+),8,$100k–$150k,Hybrid,Was already remote,7.2,5.9,10.4,4.3,5.0,6.0,6.1,7.1,3.3,5.7,6.9,Depression,Formally diagnosed,1,Difficult,No,0,No,4–7 days,No,1
1626,40,Male,USA,Consulting/Agency,Software Engineer,Medium (201–1 000),0,>$200k,Remote,Was already remote,5.5,7.8,2.8,8.8,3.6,7.1,9.2,7.9,1.5,4.6,7.0,Anxiety,Formally diagnosed,1,Moderate,Yes,0,No,None,Partially,1
1627,28,Male,Brazil,AI/ML startup,Mobile Developer,Enterprise (5 000+),1,$100k–$150k,Remote,Was already remote,5.8,7.5,1.2,6.7,2.8,5.8,8.8,8.2,5.5,6.4,5.5,Anxiety & Depression,Formally diagnosed,1,Moderate,No,1,No,None,Yes,1
1628,41,Male,USA,Big Tech,Engineering Manager,Enterprise (5 000+),3,$100k–$150k,Remote,Yes,6.9,5.9,5.1,6.5,6.2,8.9,9.5,5.6,1.0,6.9,4.9,None,N/A,0,Moderate,No,0,Yes,None,N/A,0
1629,32,Female,USA,AI/ML startup,CTO/VP Engineering,Large (1 001–5 000),3,$100k–$150k,Remote,No,2.0,9.5,2.8,5.1,7.6,8.1,10.0,4.5,1.0,2.8,7.7,Burnout,Formally diagnosed,0,Easy,Yes,0,Yes,1–2 weeks,No,1
1630,38,Male,USA,FinTech,Software Engineer,Medium (201–1 000),24,$100k–$150k,Remote,No,6.3,7.5,2.7,3.8,6.7,5.5,4.9,8.1,1.9,6.3,5.0,Depression,Formally diagnosed,0,Difficult,No,0,Yes,4–7 days,Yes,1
1631,35,Male,UK,Consulting/Agency,Security Engineer,Medium (201–1 000),4,$100k–$150k,Hybrid,No,7.3,8.0,2.1,4.0,6.7,6.0,5.8,4.9,5.2,7.3,7.0,Depression & Burnout,Self-reported,1,Difficult,Yes,0,Yes,None,No,1
1632,25,Male,France,SaaS/Software,CTO/VP Engineering,Large (1 001–5 000),2,$50k–$75k,In-person,Yes,4.8,8.8,0.9,4.5,4.3,3.3,10.0,3.5,2.8,6.8,5.9,Depression,Formally diagnosed,0,Moderate,Yes,0,No,1–3 days,Partially,1
1633,27,Male,India,FinTech,Frontend Developer,Medium (201–1 000),12,$75k–$100k,Remote,Yes,3.7,6.5,0.4,7.9,3.3,7.8,8.2,7.1,1.0,4.8,6.9,None,N/A,0,Moderate,Yes,0,Yes,None,N/A,0
1634,39,Female,USA,HealthTech,Frontend Developer,Large (1 001–5 000),2,$75k–$100k,Remote,No,8.6,5.3,20.0,3.8,3.8,5.2,6.6,6.0,3.0,9.2,4.1,None,N/A,0,Easy,Don't know,0,No,None,N/A,0
1635,29,Prefer not to say,Canada,HealthTech,ML/AI Engineer,Large (1 001–5 000),1,$75k–$100k,Hybrid,Yes,4.6,4.9,2.0,7.4,8.0,8.2,8.3,3.8,1.5,6.2,7.5,Depression,Formally diagnosed,1,Easy,Yes,1,No,None,No,1
1636,28,Female,Spain,Government/Public sector,Frontend Developer,Medium (201–1 000),3,$100k–$150k,Hybrid,Yes,5.9,8.2,0.9,10.0,5.5,4.4,7.3,3.9,2.9,5.5,5.3,None,N/A,0,Moderate,Yes,0,Yes,None,N/A,0
1637,24,Male,Brazil,E-commerce,ML/AI Engineer,Medium (201–1 000),13,$100k–$150k,In-person,Yes,6.6,4.7,4.6,5.6,9.6,6.3,10.0,6.2,1.0,5.2,8.7,ADHD,Self-reported,1,Easy,Yes,1,Yes,4–7 days,No,1
1638,35,Non-binary,UK,Gaming,Data Scientist,Small (51–200),6,$75k–$100k,Remote,No,4.4,7.2,3.3,7.1,8.0,7.0,8.8,5.8,4.8,4.9,7.7,None,N/A,0,Easy,Yes,0,Yes,None,N/A,0
1639,47,Male,Italy,Cybersecurity,Data Analyst,Small (51–200),6,$50k–$75k,Hybrid,Was already remote,3.2,5.9,7.9,6.5,9.5,7.9,7.6,7.2,2.2,5.9,5.6,None,N/A,0,Easy,Yes,0,Yes,None,N/A,0
1640,23,Male,France,SaaS/Software,CTO/VP Engineering,Enterprise (5 000+),7,$150k–$200k,Remote,No,6.5,6.3,4.9,4.0,5.9,7.8,7.1,7.0,4.4,4.6,9.2,None,N/A,0,Difficult,No,0,Yes,None,N/A,0
1641,32,Non-binary,USA,Big Tech,DevOps/SRE,Large (1 001–5 000),5,$100k–$150k,Hybrid,Was already remote,3.5,7.1,1.6,4.4,6.3,7.3,10.0,7.1,2.8,6.3,7.2,None,N/A,0,Easy,Yes,0,Yes,None,N/A,0
1642,42,Female,USA,Cybersecurity,Engineering Manager,Startup (1–50),7,$100k–$150k,In-person,Yes,7.2,8.3,2.5,5.5,3.2,6.3,6.1,5.0,4.6,5.5,6.0,None,N/A,0,Easy,Don't know,0,No,None,N/A,0
1643,31,Female,USA,Government/Public sector,Data Analyst,Enterprise (5 000+),1,$50k–$75k,Hybrid,No,5.7,7.3,2.2,6.3,6.0,6.4,8.9,6.1,1.0,2.4,8.5,None,N/A,0,Easy,Yes,0,No,None,N/A,0
1644,35,Female,France,Consulting/Agency,ML/AI Engineer,Startup (1–50),1,$75k–$100k,In-person,Yes,9.9,9.0,9.5,10.0,7.6,3.1,5.2,7.3,5.7,6.4,10.0,ADHD,Formally diagnosed,0,Easy,Yes,0,No,1–3 days,Partially,1
1645,24,Male,USA,Gaming,Security Engineer,Medium (201–1 000),2,$150k–$200k,Hybrid,No,6.3,6.8,0.6,5.2,10.0,8.3,7.4,6.1,5.1,3.6,7.9,ADHD,Self-reported,0,Difficult,Yes,0,No,None,No,1
1646,35,Male,Germany,AI/ML startup,Frontend Developer,Startup (1–50),10,$100k–$150k,Hybrid,Was already remote,4.7,7.2,1.2,4.8,4.7,3.4,10.0,8.5,3.4,4.6,5.3,Anxiety & Depression,Not sure / undiagnosed,0,Easy,Yes,0,Yes,1–3 days,No,1
1647,30,Female,USA,E-commerce,Security Engineer,Enterprise (5 000+),6,$50k–$75k,Remote,Yes,7.4,5.1,8.2,4.6,3.7,4.4,8.4,5.6,6.6,10.0,5.1,Burnout,Formally diagnosed,1,Moderate,No,0,Yes,1–2 weeks,No,1
1648,39,Male,Spain,Cybersecurity,Security Engineer,Enterprise (5 000+),4,$75k–$100k,In-person,No,7.9,5.4,1.3,8.7,8.0,4.2,7.8,7.5,1.6,6.3,5.6,Anxiety,Self-reported,1,Easy,Yes,0,Yes,1–3 days,No,1
1649,40,Male,UK,Cybersecurity,Software Engineer,Large (1 001–5 000),0,>$200k,Remote,Was already remote,3.6,5.5,2.5,5.3,4.0,6.2,7.4,6.8,1.0,5.3,7.6,ADHD,Formally diagnosed,1,Moderate,Yes,1,Yes,1–3 days,Yes,1
1650,51,Female,Spain,E-commerce,QA/Test Engineer,Medium (201–1 000),1,$100k–$150k,Hybrid,No,6.8,6.4,6.6,9.6,5.0,5.6,9.1,5.3,2.3,6.3,4.9,Anxiety & Depression,Not sure / undiagnosed,1,Moderate,Yes,1,Yes,None,No,1
1651,36,Female,Mexico,Cybersecurity,CTO/VP Engineering,Medium (201–1 000),8,$75k–$100k,Remote,Yes,6.6,5.6,0.8,7.0,9.8,6.4,6.1,8.0,1.8,5.7,5.8,Burnout,Self-reported,0,Difficult,No,0,No,None,No,1
1652,34,Male,USA,Big Tech,Engineering Manager,Large (1 001–5 000),1,>$200k,Remote,Yes,7.7,5.8,3.4,9.4,5.1,5.0,6.8,5.4,3.0,4.7,6.3,Anxiety,Formally diagnosed,0,Moderate,No,0,No,None,No,1
1653,33,Female,Canada,Gaming,Data Scientist,Small (51–200),7,$75k–$100k,In-person,Yes,4.2,5.6,4.7,6.5,7.6,6.5,9.0,7.5,3.8,3.7,6.6,None,N/A,0,Moderate,Don't know,0,No,None,N/A,0
1654,29,Female,USA,FinTech,Backend Developer,Medium (201–1 000),1,$150k–$200k,Hybrid,Yes,7.3,5.4,1.4,6.1,8.8,3.9,9.3,7.9,3.8,6.1,4.2,Anxiety,Not sure / undiagnosed,1,Difficult,Yes,1,Yes,None,Yes,1
1655,34,Female,Spain,Consulting/Agency,Engineering Manager,Large (1 001–5 000),5,$50k–$75k,Remote,No,6.7,6.4,0.9,6.8,4.7,7.0,8.0,8.0,3.5,4.7,6.3,None,N/A,0,Difficult,Yes,0,Yes,None,N/A,0
1656,29,Male,Germany,E-commerce,Product Manager,Medium (201–1 000),5,$50k–$75k,In-person,Yes,5.6,4.5,4.6,9.0,5.5,4.7,8.5,6.5,1.0,6.4,7.6,Burnout,Formally diagnosed,1,Moderate,Don't know,0,No,None,No,1
1657,33,Male,USA,E-commerce,ML/AI Engineer,Startup (1–50),7,$100k–$150k,Hybrid,No,10.0,7.7,0.0,6.9,5.6,4.3,5.0,4.3,4.0,7.5,4.2,Other,Formally diagnosed,0,Difficult,Don't know,0,Yes,None,Yes,1
1658,41,Male,USA,AI/ML startup,Data Analyst,Medium (201–1 000),3,$75k–$100k,Hybrid,Yes,3.9,8.5,6.3,7.4,6.3,5.0,10.0,7.1,1.7,4.2,7.6,Anxiety,Self-reported,1,Difficult,Yes,1,No,1–2 weeks,Partially,1
1659,24,Male,UK,Government/Public sector,Frontend Developer,Large (1 001–5 000),5,<$50k,In-person,Yes,5.6,9.2,1.7,6.6,3.9,8.6,8.2,9.5,2.2,4.4,7.1,None,N/A,0,No access,Yes,0,No,None,N/A,0
1660,40,Male,Mexico,Government/Public sector,Engineering Manager,Enterprise (5 000+),3,>$200k,Remote,No,4.4,5.9,0.2,6.0,5.1,6.1,6.0,9.7,4.0,3.8,4.0,None,N/A,0,Moderate,Don't know,0,Yes,None,N/A,0
1661,41,Male,Australia,Cybersecurity,Cloud Architect,Startup (1–50),16,<$50k,Remote,No,6.6,5.9,2.5,7.4,1.0,8.7,10.0,5.1,3.4,3.7,9.2,None,N/A,0,Easy,Don't know,0,Yes,None,N/A,0
1662,31,Male,Singapore,E-commerce,CTO/VP Engineering,Medium (201–1 000),4,$150k–$200k,In-person,Yes,9.1,8.2,0.0,6.9,3.7,2.8,5.2,7.0,2.3,7.8,2.7,Depression & Burnout,Self-reported,0,Moderate,Don't know,0,Yes,None,No,1
1663,18,Non-binary,UK,Cybersecurity,CTO/VP Engineering,Medium (201–1 000),1,$75k–$100k,In-person,Was already remote,8.6,8.0,1.2,6.9,6.9,3.8,4.5,5.0,3.6,6.2,5.6,None,N/A,0,No access,No,0,No,None,N/A,0
1664,27,Male,USA,HealthTech,Data Scientist,Small (51–200),6,>$200k,In-person,Yes,1.3,7.1,6.8,4.1,7.6,7.2,9.3,9.5,3.0,4.2,8.0,None,N/A,0,Moderate,No,0,Yes,None,N/A,0
1665,41,Female,New Zealand,AI/ML startup,Product Manager,Large (1 001–5 000),4,>$200k,In-person,No,8.8,4.7,0.0,5.4,7.4,4.7,8.4,7.8,4.5,9.7,3.1,ADHD,Formally diagnosed,1,No access,No,0,Yes,1–3 days,No,1
1666,31,Female,USA,Cybersecurity,Cloud Architect,Small (51–200),8,$75k–$100k,Remote,Yes,5.1,8.8,0.8,6.5,9.2,6.0,10.0,6.8,3.0,6.6,4.7,Anxiety,Formally diagnosed,1,Moderate,Yes,1,Yes,None,No,1
1667,24,Male,Mexico,HealthTech,Backend Developer,Small (51–200),1,$100k–$150k,Hybrid,No,4.7,6.1,2.3,3.9,8.0,6.2,8.7,7.6,1.6,5.8,6.5,Depression & Burnout,Formally diagnosed,0,Easy,No,0,No,>2 weeks,Yes,1
1668,28,Non-binary,UK,SaaS/Software,Mobile Developer,Large (1 001–5 000),1,$150k–$200k,Remote,Was already remote,6.3,7.2,1.9,7.8,5.0,8.0,8.7,2.9,4.0,5.2,7.1,None,N/A,0,Difficult,Don't know,1,No,None,N/A,0
1669,38,Female,USA,Government/Public sector,Cloud Architect,Medium (201–1 000),14,$50k–$75k,Hybrid,Was already remote,5.5,7.4,2.0,4.2,7.5,4.0,7.4,5.7,1.3,7.6,5.3,Burnout,Self-reported,1,Easy,Yes,1,No,1–2 weeks,No,1
1670,36,Male,Australia,Gaming,Software Engineer,Enterprise (5 000+),14,$100k–$150k,Remote,Yes,5.4,6.4,4.0,5.0,3.6,8.0,10.0,7.1,2.7,7.2,5.0,None,N/A,0,Difficult,Yes,0,Yes,None,N/A,0
1671,30,Female,Italy,Government/Public sector,CTO/VP Engineering,Medium (201–1 000),3,>$200k,In-person,Was already remote,4.7,5.5,1.2,7.1,4.1,6.2,7.5,4.9,2.6,5.7,5.4,None,N/A,0,Difficult,No,0,No,None,N/A,0
1672,29,Male,South Africa,FinTech,Software Engineer,Medium (201–1 000),0,$50k–$75k,Remote,Yes,6.6,7.6,0.6,3.8,6.4,6.9,8.9,5.8,4.5,8.5,5.6,Anxiety & Depression,Not sure / undiagnosed,0,Moderate,Don't know,0,Yes,1–2 weeks,No,1
1673,29,Female,USA,AI/ML startup,ML/AI Engineer,Small (51–200),2,$150k–$200k,Hybrid,Was already remote,8.2,4.6,0.0,7.7,4.0,2.8,10.0,7.3,3.4,8.8,4.5,Burnout,Formally diagnosed,1,Difficult,No,0,No,None,No,1
1674,25,Male,USA,AI/ML startup,ML/AI Engineer,Small (51–200),1,$50k–$75k,In-person,No,6.3,4.9,1.3,4.1,2.5,6.3,9.3,7.5,3.2,6.7,5.7,None,N/A,0,Difficult,No,0,Yes,None,N/A,0
1675,44,Female,Germany,E-commerce,Mobile Developer,Enterprise (5 000+),2,$100k–$150k,Remote,Yes,5.8,6.7,0.5,7.2,6.6,4.2,8.4,6.0,1.0,4.7,7.3,Anxiety,Self-reported,1,Easy,Yes,0,Yes,None,Yes,1
1676,29,Male,India,Cybersecurity,Frontend Developer,Large (1 001–5 000),2,$75k–$100k,In-person,Was already remote,7.1,4.8,2.5,5.5,7.9,4.3,6.4,6.4,3.0,8.5,4.6,Depression,Formally diagnosed,1,Moderate,Yes,1,Yes,1–3 days,Partially,1
1677,41,Female,France,SaaS/Software,QA/Test Engineer,Small (51–200),9,$100k–$150k,In-person,No,8.3,6.5,0.0,6.7,8.1,3.7,6.3,4.8,4.9,6.7,4.9,Anxiety,Self-reported,1,Moderate,No,0,No,1–2 weeks,No,1
1678,43,Male,USA,FinTech,Frontend Developer,Large (1 001–5 000),0,$75k–$100k,Hybrid,Yes,6.2,8.2,7.5,5.9,8.7,5.7,5.1,5.3,3.9,6.1,2.4,None,N/A,0,Moderate,Don't know,0,Yes,None,N/A,0
1679,39,Female,South Africa,Cybersecurity,DevOps/SRE,Enterprise (5 000+),5,$75k–$100k,Remote,Yes,5.7,7.8,6.4,5.0,7.8,6.3,8.5,7.9,2.8,2.7,9.1,Burnout,Not sure / undiagnosed,0,Moderate,Don't know,0,No,1–2 weeks,No,1
1680,28,Female,India,FinTech,Cloud Architect,Startup (1–50),6,$150k–$200k,Hybrid,Was already remote,7.1,8.2,4.5,2.0,4.9,5.1,7.7,4.6,5.4,5.4,4.6,None,N/A,0,Difficult,No,0,Yes,None,N/A,0
1681,35,Male,Japan,E-commerce,Data Scientist,Small (51–200),5,$75k–$100k,Hybrid,Was already remote,4.8,7.7,5.9,4.0,5.7,6.2,6.6,8.3,3.6,6.8,4.0,Anxiety & Burnout,Not sure / undiagnosed,0,Moderate,No,0,No,None,Partially,1
1682,31,Female,Germany,E-commerce,Data Scientist,Small (51–200),4,$75k–$100k,Remote,Yes,2.3,7.1,12.0,3.2,5.2,8.9,10.0,8.4,5.5,1.8,8.4,None,N/A,0,Difficult,No,0,No,None,N/A,0
1683,25,Male,UK,Government/Public sector,Data Analyst,Enterprise (5 000+),5,$75k–$100k,Hybrid,Yes,7.1,4.9,0.8,5.2,5.6,9.3,7.0,7.4,2.8,6.8,5.6,Anxiety,Not sure / undiagnosed,0,No access,Yes,0,No,1–2 weeks,No,1
1684,34,Female,New Zealand,Consulting/Agency,Software Engineer,Small (51–200),9,$75k–$100k,Remote,Yes,5.2,5.5,13.6,7.6,6.9,4.2,6.3,7.5,2.0,4.6,7.0,Depression,Formally diagnosed,0,Difficult,No,0,Yes,None,No,1
1685,23,Male,Germany,Government/Public sector,Engineering Manager,Small (51–200),8,$100k–$150k,Remote,Yes,5.0,7.6,7.7,9.5,5.0,5.6,7.4,4.2,1.2,3.2,8.2,None,N/A,0,Difficult,Yes,0,Yes,None,N/A,0
1686,40,Female,Singapore,AI/ML startup,Mobile Developer,Medium (201–1 000),0,<$50k,Remote,Yes,2.6,8.1,2.3,8.6,4.4,7.6,7.6,7.6,1.3,3.0,7.4,None,N/A,1,Moderate,Yes,1,No,None,N/A,0
1687,28,Female,Poland,AI/ML startup,Engineering Manager,Large (1 001–5 000),0,$150k–$200k,Hybrid,No,4.7,6.1,7.1,7.9,6.0,5.6,8.0,4.6,1.0,2.8,8.2,Depression,Formally diagnosed,1,Moderate,Don't know,0,No,4–7 days,No,1
1688,33,Male,Australia,SaaS/Software,Full-Stack Developer,Large (1 001–5 000),10,$100k–$150k,Hybrid,Yes,5.4,6.5,7.9,9.5,9.7,5.8,8.3,3.3,2.1,3.9,8.0,Burnout,Not sure / undiagnosed,1,Difficult,Yes,0,No,None,Yes,1
1689,34,Male,Germany,Gaming,Engineering Manager,Medium (201–1 000),4,$150k–$200k,In-person,Yes,8.6,6.7,0.0,8.6,7.9,4.2,5.3,7.1,4.4,7.9,5.1,Anxiety & Depression,Formally diagnosed,1,Easy,Don't know,0,No,4–7 days,No,1
1690,30,Male,USA,HealthTech,Engineering Manager,Medium (201–1 000),17,$75k–$100k,Hybrid,No,9.2,5.4,6.1,9.9,3.7,5.2,3.9,9.8,5.7,8.5,5.5,ADHD,Formally diagnosed,1,Moderate,Yes,1,No,1–3 days,Partially,1
1691,36,Female,USA,HealthTech,Frontend Developer,Enterprise (5 000+),3,$100k–$150k,Hybrid,Yes,5.7,8.6,1.8,6.8,4.5,8.1,9.0,5.3,3.4,4.2,8.3,None,N/A,0,Difficult,Yes,0,Yes,None,N/A,0
1692,28,Male,USA,Cybersecurity,Data Analyst,Small (51–200),1,$100k–$150k,In-person,Was already remote,7.0,6.7,5.3,7.4,7.8,7.0,5.8,7.4,5.5,7.3,6.5,None,N/A,0,Moderate,Yes,0,No,None,N/A,0
1693,38,Male,USA,E-commerce,ML/AI Engineer,Small (51–200),3,$50k–$75k,In-person,Yes,3.9,7.9,0.7,3.9,6.2,4.7,9.7,7.3,1.5,4.3,6.0,None,N/A,0,Easy,Yes,0,Yes,None,N/A,0
1694,21,Female,USA,Big Tech,Data Scientist,Large (1 001–5 000),3,$150k–$200k,Remote,No,6.2,6.4,0.3,3.8,4.3,5.1,7.6,6.7,5.4,5.6,6.0,None,N/A,0,Easy,Yes,0,Yes,None,N/A,0
1695,32,Male,USA,E-commerce,Engineering Manager,Large (1 001–5 000),4,$150k–$200k,Hybrid,No,5.3,7.2,13.4,7.9,7.8,4.4,8.9,3.8,2.2,3.9,6.2,Anxiety & Burnout,Self-reported,0,Easy,Yes,0,No,1–3 days,No,1
1696,46,Female,UK,Big Tech,ML/AI Engineer,Medium (201–1 000),9,$75k–$100k,Remote,Yes,3.2,5.5,2.4,4.3,5.4,5.5,8.7,6.9,1.0,3.5,6.9,None,N/A,0,No access,Yes,0,Yes,None,N/A,0
1697,24,Male,UK,E-commerce,Frontend Developer,Small (51–200),5,>$200k,Hybrid,Was already remote,8.0,6.1,4.8,6.5,6.2,2.8,8.8,9.3,1.0,7.9,5.4,Burnout,Self-reported,1,Easy,No,0,Yes,1–3 days,No,1
1698,26,Male,USA,HealthTech,Product Manager,Large (1 001–5 000),1,$150k–$200k,Hybrid,No,6.4,5.7,4.5,9.7,5.0,7.8,10.0,8.3,2.4,3.8,6.7,None,N/A,0,Moderate,Don't know,0,Yes,None,N/A,0
1699,35,Female,USA,Gaming,Security Engineer,Large (1 001–5 000),7,$75k–$100k,Hybrid,Yes,7.2,9.1,4.8,6.4,3.3,6.7,7.9,3.1,1.0,5.6,6.9,Anxiety,Self-reported,0,Easy,Yes,0,No,None,Yes,1
1700,33,Male,Australia,Gaming,ML/AI Engineer,Enterprise (5 000+),4,$75k–$100k,Hybrid,Was already remote,5.3,6.9,5.0,7.4,4.7,5.4,5.2,8.6,2.3,4.4,5.6,None,N/A,0,Moderate,Yes,0,Yes,None,N/A,0
1701,34,Male,Germany,Government/Public sector,Full-Stack Developer,Large (1 001–5 000),4,$100k–$150k,Hybrid,Was already remote,1.8,7.3,9.5,5.9,6.8,7.0,10.0,6.4,1.7,5.3,7.4,Anxiety,Formally diagnosed,1,Moderate,No,0,Yes,None,Yes,1
1702,35,Female,Canada,Government/Public sector,Data Scientist,Small (51–200),6,$75k–$100k,Hybrid,No,3.4,7.6,3.6,8.3,4.9,5.5,8.0,8.8,1.6,3.9,8.8,None,N/A,0,Difficult,No,0,No,None,N/A,0
1703,36,Male,India,SaaS/Software,Frontend Developer,Large (1 001–5 000),4,$75k–$100k,In-person,Yes,7.6,6.6,1.2,7.7,4.6,3.1,2.9,3.9,2.3,7.5,4.7,None,N/A,0,Moderate,No,0,No,None,N/A,0
1704,40,Prefer not to say,Brazil,Big Tech,CTO/VP Engineering,Small (51–200),3,$75k–$100k,In-person,Yes,5.6,6.7,8.9,7.7,3.3,6.5,7.6,5.4,6.0,3.4,7.1,Anxiety,Formally diagnosed,0,Difficult,No,0,Yes,None,Partially,1
1705,35,Prefer not to say,Canada,Big Tech,Data Analyst,Enterprise (5 000+),5,<$50k,Remote,No,7.1,7.1,1.0,7.9,6.0,6.6,9.2,6.6,3.3,6.2,4.0,None,N/A,0,Moderate,Yes,0,Yes,None,N/A,0
1706,30,Male,India,Big Tech,QA/Test Engineer,Large (1 001–5 000),7,$75k–$100k,In-person,Yes,5.2,7.4,3.4,5.5,6.1,4.3,9.6,8.8,3.8,5.1,7.9,None,N/A,0,No access,No,0,No,None,N/A,0
1707,37,Male,Poland,Government/Public sector,QA/Test Engineer,Medium (201–1 000),1,$75k–$100k,In-person,No,6.2,6.6,6.4,10.0,4.1,7.6,7.1,6.2,3.5,5.3,4.4,None,N/A,1,No access,Don't know,0,No,None,N/A,0
1708,46,Female,Brazil,E-commerce,Engineering Manager,Large (1 001–5 000),3,$75k–$100k,In-person,No,6.0,8.2,8.4,6.0,6.0,7.2,10.0,5.5,1.0,5.1,8.7,None,N/A,0,Easy,Don't know,0,No,None,N/A,0
1709,31,Male,UK,Consulting/Agency,Frontend Developer,Startup (1–50),3,$50k–$75k,Hybrid,No,4.3,5.2,10.6,5.9,6.1,4.9,7.3,6.2,3.6,5.7,4.6,None,N/A,0,Easy,Yes,0,No,None,N/A,0
1710,24,Male,India,Government/Public sector,QA/Test Engineer,Startup (1–50),0,$100k–$150k,Remote,No,6.5,6.0,3.4,4.8,6.4,4.4,10.0,10.0,4.4,7.9,5.0,Burnout,Formally diagnosed,1,Difficult,Yes,1,Yes,>2 weeks,No,1
1711,40,Female,USA,HealthTech,Data Scientist,Small (51–200),9,$100k–$150k,Hybrid,Was already remote,8.8,5.5,3.4,6.4,6.2,5.5,5.7,4.7,3.0,6.8,3.9,Anxiety,Formally diagnosed,0,Difficult,Yes,0,No,1–3 days,Partially,1
1712,31,Male,Germany,AI/ML startup,Cloud Architect,Large (1 001–5 000),2,$150k–$200k,Hybrid,Was already remote,5.1,6.7,2.4,6.8,4.5,9.3,7.6,5.7,3.1,6.3,6.6,None,N/A,0,Moderate,Yes,0,No,None,N/A,0
1713,18,Female,Italy,Cybersecurity,Product Manager,Medium (201–1 000),0,>$200k,Hybrid,No,3.0,6.9,1.7,6.0,6.4,5.6,6.3,4.7,2.5,4.3,6.0,None,N/A,0,No access,No,0,Yes,None,N/A,0
1714,38,Male,Germany,Consulting/Agency,ML/AI Engineer,Small (51–200),3,$50k–$75k,Remote,Yes,7.3,5.7,0.0,8.9,5.8,7.1,6.6,7.4,3.9,5.2,5.7,None,N/A,0,Difficult,Yes,0,Yes,None,N/A,0
1715,27,Male,Mexico,E-commerce,Full-Stack Developer,Large (1 001–5 000),0,$75k–$100k,Remote,Was already remote,3.5,8.5,1.3,7.0,6.2,6.6,9.5,4.7,3.8,5.6,7.7,None,N/A,1,Moderate,No,0,No,None,N/A,0
1716,31,Male,UK,E-commerce,Backend Developer,Small (51–200),6,$100k–$150k,Hybrid,Yes,4.2,5.9,13.9,8.1,7.4,7.4,8.3,6.7,2.7,3.3,7.3,None,N/A,0,Moderate,Yes,0,Yes,None,N/A,0
1717,34,Prefer not to say,Argentina,Cybersecurity,Data Analyst,Large (1 001–5 000),4,$75k–$100k,In-person,Yes,5.5,7.2,5.6,2.8,7.7,2.5,5.6,5.1,2.4,7.1,3.1,None,N/A,0,Moderate,Yes,0,No,None,N/A,0
1718,33,Female,Germany,Big Tech,Cloud Architect,Medium (201–1 000),1,<$50k,Hybrid,No,7.1,5.8,1.7,5.9,7.0,4.4,7.6,7.2,2.6,8.8,5.6,None,N/A,0,Difficult,Yes,0,No,None,N/A,0
1719,37,Female,USA,HealthTech,Data Scientist,Medium (201–1 000),16,$50k–$75k,Hybrid,No,6.9,6.8,0.9,7.5,6.6,6.0,7.4,6.8,2.7,4.7,5.8,Depression,Not sure / undiagnosed,1,Moderate,No,1,Yes,None,Yes,1
1720,28,Male,India,Big Tech,CTO/VP Engineering,Small (51–200),1,$100k–$150k,Remote,No,5.4,8.2,0.1,4.5,8.3,7.1,8.1,8.1,1.9,2.9,7.2,None,N/A,0,Moderate,Yes,0,No,None,N/A,0
1721,35,Male,USA,Big Tech,Software Engineer,Enterprise (5 000+),4,$100k–$150k,In-person,Yes,3.6,3.6,0.4,4.6,4.2,3.2,10.0,7.4,1.0,8.2,5.2,Anxiety,Not sure / undiagnosed,0,Difficult,No,0,Yes,None,No,1
1722,30,Male,USA,AI/ML startup,CTO/VP Engineering,Startup (1–50),8,>$200k,Remote,Was already remote,10.0,4.8,3.5,6.4,3.7,4.0,6.0,8.7,4.2,10.0,3.1,Anxiety,Formally diagnosed,0,Easy,Yes,0,No,1–3 days,No,1
1723,37,Male,Brazil,AI/ML startup,DevOps/SRE,Startup (1–50),3,$100k–$150k,Hybrid,Was already remote,6.3,5.6,14.5,6.4,8.4,4.9,7.9,10.0,1.0,6.4,5.7,None,N/A,1,Moderate,Yes,1,Yes,None,N/A,0
1724,36,Female,USA,Gaming,DevOps/SRE,Large (1 001–5 000),17,$100k–$150k,Remote,No,7.5,6.1,0.3,5.4,8.1,6.9,9.3,10.0,2.6,4.6,7.4,None,N/A,0,Moderate,No,0,Yes,None,N/A,0
1725,24,Female,Sweden,FinTech,Security Engineer,Enterprise (5 000+),10,$100k–$150k,Remote,No,6.9,7.4,0.6,6.0,7.6,6.0,6.4,7.3,3.5,8.1,3.1,Depression,Self-reported,1,Difficult,Don't know,0,No,None,Yes,1
1726,40,Male,USA,FinTech,Data Analyst,Startup (1–50),13,$75k–$100k,Remote,No,8.7,8.0,8.5,8.2,5.3,6.2,7.9,7.0,4.9,6.9,3.7,Anxiety,Self-reported,1,Easy,No,0,No,None,No,1
1727,27,Non-binary,USA,Government/Public sector,Cloud Architect,Large (1 001–5 000),2,$50k–$75k,Hybrid,Yes,4.1,8.0,3.5,5.6,9.1,8.4,8.8,5.9,2.2,5.1,6.6,None,N/A,0,Easy,Don't know,0,No,None,N/A,0
1728,38,Male,New Zealand,Big Tech,Data Scientist,Large (1 001–5 000),4,$150k–$200k,Hybrid,Was already remote,6.7,6.3,0.2,3.9,4.3,5.4,6.6,6.0,1.6,6.5,4.9,Anxiety,Self-reported,1,Moderate,Yes,1,Yes,4–7 days,No,1
1729,34,Prefer not to say,UK,Cybersecurity,Frontend Developer,Medium (201–1 000),10,$50k–$75k,In-person,Was already remote,5.4,6.1,0.0,6.3,4.7,6.4,10.0,7.1,2.5,7.1,5.8,Anxiety,Formally diagnosed,0,Difficult,Yes,0,No,None,Yes,1
1730,45,Male,India,Big Tech,Mobile Developer,Medium (201–1 000),12,$50k–$75k,Remote,Was already remote,4.0,8.7,3.2,5.5,3.6,8.5,7.6,4.9,1.5,5.2,5.2,None,N/A,0,Moderate,Don't know,0,Yes,None,N/A,0
1731,30,Male,India,HealthTech,CTO/VP Engineering,Small (51–200),15,$75k–$100k,Remote,No,8.3,4.4,1.2,8.3,4.8,5.3,7.6,7.6,3.3,8.5,5.8,Depression & Burnout,Self-reported,1,Difficult,Don't know,1,No,None,Yes,1
1732,29,Male,Germany,SaaS/Software,ML/AI Engineer,Medium (201–1 000),11,<$50k,Hybrid,Was already remote,4.3,7.4,2.2,9.4,6.0,5.8,6.9,3.2,3.0,5.0,7.1,None,N/A,0,Difficult,Yes,0,Yes,None,N/A,0
1733,31,Male,Spain,Cybersecurity,Frontend Developer,Large (1 001–5 000),7,$50k–$75k,In-person,Was already remote,6.9,7.7,11.7,4.4,4.9,6.0,5.5,6.8,3.4,5.8,5.7,None,N/A,0,Difficult,Yes,0,Yes,None,N/A,0
1734,29,Female,Australia,FinTech,Frontend Developer,Startup (1–50),0,$100k–$150k,In-person,Was already remote,9.0,5.6,0.0,7.2,7.0,4.9,7.8,5.1,4.0,7.3,4.4,Anxiety,Self-reported,0,Moderate,Yes,0,Yes,1–2 weeks,No,1
1735,37,Male,UK,Consulting/Agency,Software Engineer,Medium (201–1 000),2,$75k–$100k,Hybrid,Was already remote,9.0,6.3,1.2,2.2,6.6,6.5,3.2,5.9,5.8,7.1,3.8,ADHD,Self-reported,0,No access,Yes,0,Yes,None,No,1
1736,19,Male,Japan,Gaming,QA/Test Engineer,Small (51–200),0,$75k–$100k,Hybrid,Was already remote,4.3,5.5,1.0,7.7,7.1,7.0,6.5,7.5,3.4,3.6,5.9,None,N/A,0,Easy,Yes,0,Yes,None,N/A,0
1737,24,Female,USA,Gaming,DevOps/SRE,Medium (201–1 000),0,$150k–$200k,Remote,Yes,7.8,6.7,0.6,7.1,8.1,5.5,9.1,4.6,2.4,5.1,6.2,None,N/A,0,Easy,Yes,0,Yes,None,N/A,0
1738,23,Female,Germany,Government/Public sector,Cloud Architect,Medium (201–1 000),1,$150k–$200k,In-person,Was already remote,7.1,6.4,4.5,6.6,8.3,5.2,10.0,5.3,3.9,3.6,10.0,Burnout,Self-reported,1,Difficult,Yes,1,No,None,No,1
1739,39,Female,Poland,Big Tech,Backend Developer,Enterprise (5 000+),0,$100k–$150k,Remote,Yes,3.9,7.6,1.1,6.4,6.0,6.4,10.0,4.4,1.9,1.6,9.7,None,N/A,0,Difficult,Yes,0,Yes,None,N/A,0
1740,44,Male,India,Cybersecurity,Backend Developer,Medium (201–1 000),1,$100k–$150k,In-person,No,2.7,6.8,4.6,4.5,6.3,3.5,7.5,8.9,1.4,6.6,6.5,Depression,Formally diagnosed,1,Difficult,Yes,1,Yes,1–3 days,Partially,1
1741,31,Female,Brazil,HealthTech,ML/AI Engineer,Small (51–200),17,$50k–$75k,Hybrid,Was already remote,6.0,5.4,0.2,4.8,4.6,7.1,8.5,3.0,1.0,6.0,7.8,Burnout,Formally diagnosed,0,Easy,Don't know,0,Yes,None,Partially,1
1742,30,Female,India,Consulting/Agency,DevOps/SRE,Startup (1–50),2,$150k–$200k,In-person,Yes,8.2,7.3,0.0,4.6,10.0,3.0,4.6,5.7,6.0,8.5,3.7,ADHD,Formally diagnosed,0,Difficult,Yes,0,Yes,1–3 days,No,1
1743,32,Male,Brazil,Government/Public sector,CTO/VP Engineering,Large (1 001–5 000),0,$100k–$150k,Hybrid,Yes,10.0,6.9,0.0,6.9,3.3,5.1,5.6,8.0,8.3,6.2,6.7,Anxiety,Self-reported,0,Easy,No,0,No,None,No,1
1744,40,Male,Mexico,E-commerce,Software Engineer,Medium (201–1 000),6,$100k–$150k,In-person,No,4.9,7.4,3.5,3.5,4.0,5.7,7.3,8.5,2.0,5.5,5.0,None,N/A,0,Moderate,Yes,0,Yes,None,N/A,0
1745,25,Male,USA,Government/Public sector,Data Analyst,Large (1 001–5 000),9,$100k–$150k,In-person,Was already remote,6.3,6.9,15.9,3.4,4.9,5.5,9.7,8.6,4.3,6.1,7.8,Anxiety & Burnout,Not sure / undiagnosed,0,No access,Yes,0,Yes,None,Yes,1
1746,33,Male,USA,E-commerce,Data Scientist,Medium (201–1 000),2,$100k–$150k,Hybrid,Was already remote,4.1,4.3,4.0,9.2,1.0,4.7,8.5,7.8,1.0,6.3,4.1,Depression,Formally diagnosed,1,Easy,Don't know,0,Yes,1–3 days,No,1
1747,39,Male,Canada,FinTech,Frontend Developer,Large (1 001–5 000),1,$100k–$150k,In-person,Was already remote,8.9,7.3,7.9,6.8,5.4,2.3,3.0,4.9,4.9,6.9,3.1,None,N/A,0,Moderate,Don't know,0,Yes,None,N/A,0
1748,35,Male,Australia,HealthTech,CTO/VP Engineering,Enterprise (5 000+),1,$100k–$150k,In-person,Was already remote,6.6,7.0,2.2,3.6,6.0,5.1,8.3,6.8,3.7,7.3,6.6,Anxiety & Depression,Formally diagnosed,1,Easy,Yes,0,No,1–3 days,Yes,1
1749,33,Female,USA,E-commerce,Engineering Manager,Startup (1–50),2,$100k–$150k,Hybrid,Was already remote,6.8,7.8,3.5,8.2,4.4,5.8,6.8,3.3,4.9,6.1,6.8,Anxiety,Formally diagnosed,0,Difficult,Yes,0,Yes,4–7 days,Partially,1
1750,39,Female,USA,AI/ML startup,Cloud Architect,Large (1 001–5 000),0,$150k–$200k,Hybrid,Yes,6.2,5.2,8.7,4.7,6.1,6.2,7.0,5.2,3.7,6.9,8.2,None,N/A,0,Moderate,Yes,0,No,None,N/A,0
1751,18,Non-binary,UK,HealthTech,Security Engineer,Startup (1–50),6,$100k–$150k,Hybrid,Yes,4.5,7.6,0.5,5.2,3.1,5.4,10.0,4.5,1.0,6.7,4.3,Burnout,Self-reported,1,Difficult,Yes,1,No,4–7 days,Partially,1
1752,37,Female,New Zealand,Big Tech,CTO/VP Engineering,Medium (201–1 000),9,<$50k,In-person,Yes,7.6,6.9,2.4,6.4,3.9,3.2,7.1,5.5,1.0,6.1,6.4,Anxiety,Not sure / undiagnosed,0,No access,Yes,0,No,1–3 days,Yes,1
1753,27,Male,Australia,Big Tech,Frontend Developer,Medium (201–1 000),5,$100k–$150k,Remote,Yes,7.9,3.0,2.2,3.8,7.0,6.9,4.8,6.3,3.6,5.9,5.1,None,N/A,0,No access,Yes,0,No,None,N/A,0
1754,18,Female,UK,Government/Public sector,Mobile Developer,Large (1 001–5 000),3,>$200k,Hybrid,Was already remote,8.3,6.0,0.0,7.5,6.9,7.7,5.9,4.3,1.0,5.3,6.5,None,N/A,0,Easy,No,0,Yes,None,N/A,0
1755,35,Female,USA,FinTech,Full-Stack Developer,Medium (201–1 000),1,$75k–$100k,Remote,No,7.9,6.2,0.0,5.3,6.3,6.6,6.1,9.0,3.9,5.8,6.0,None,N/A,1,Easy,Yes,1,Yes,None,N/A,0
1756,42,Male,UK,E-commerce,Data Analyst,Large (1 001–5 000),2,$150k–$200k,Hybrid,Was already remote,4.3,5.9,3.0,1.6,7.3,7.8,8.3,4.2,3.4,7.5,4.7,None,N/A,0,Moderate,Yes,0,Yes,None,N/A,0
1757,30,Female,USA,Big Tech,Full-Stack Developer,Small (51–200),3,$100k–$150k,Hybrid,No,5.6,7.2,2.2,7.1,5.8,3.5,6.7,7.1,1.0,3.2,7.5,ADHD,Formally diagnosed,1,No access,No,0,No,None,No,1
1758,39,Prefer not to say,USA,SaaS/Software,Full-Stack Developer,Small (51–200),6,$100k–$150k,Hybrid,No,6.8,6.7,1.0,8.9,7.0,6.8,7.5,3.4,3.5,5.9,5.2,None,N/A,0,Difficult,No,0,No,None,N/A,0
1759,44,Female,Spain,SaaS/Software,QA/Test Engineer,Small (51–200),14,>$200k,Remote,Yes,4.9,6.1,4.2,8.8,4.9,6.0,8.9,6.8,2.4,5.3,7.7,None,N/A,0,Moderate,No,0,Yes,None,N/A,0
1760,41,Non-binary,Argentina,E-commerce,Backend Developer,Large (1 001–5 000),0,$150k–$200k,Hybrid,Was already remote,3.9,6.4,1.9,4.0,3.6,6.1,9.5,4.2,2.9,5.7,7.7,None,N/A,0,Difficult,Yes,0,No,None,N/A,0
1761,44,Male,USA,FinTech,Full-Stack Developer,Startup (1–50),16,$150k–$200k,Hybrid,No,5.5,4.9,5.0,7.3,6.0,7.9,8.4,8.8,4.0,3.8,7.2,None,N/A,0,Easy,Yes,0,No,None,N/A,0
1762,37,Male,USA,SaaS/Software,Security Engineer,Medium (201–1 000),13,<$50k,Hybrid,Yes,6.3,7.0,5.4,5.5,7.9,5.2,7.8,6.4,3.6,7.1,7.5,None,N/A,1,Moderate,No,0,No,None,N/A,0
1763,32,Male,UK,Big Tech,Engineering Manager,Small (51–200),0,$50k–$75k,Hybrid,Was already remote,10.0,6.0,2.2,6.9,5.6,5.5,6.6,5.6,2.6,10.0,4.4,Burnout,Formally diagnosed,1,Difficult,Yes,1,Yes,1–3 days,No,1
1764,19,Female,Canada,FinTech,Frontend Developer,Small (51–200),1,$100k–$150k,In-person,No,8.3,5.9,0.2,3.8,4.5,4.0,8.8,7.4,3.7,7.0,4.5,None,N/A,0,Easy,Don't know,0,No,None,N/A,0
1765,30,Female,USA,E-commerce,DevOps/SRE,Startup (1–50),2,$150k–$200k,Remote,Yes,4.7,6.6,5.8,5.2,6.8,4.6,5.7,6.2,1.5,2.5,6.7,None,N/A,1,Moderate,No,0,No,None,N/A,0
1766,25,Prefer not to say,USA,HealthTech,Engineering Manager,Small (51–200),4,$150k–$200k,In-person,No,4.7,7.7,1.1,4.4,2.9,6.8,7.6,7.6,1.0,3.3,6.7,Anxiety & Depression,Self-reported,1,No access,Yes,1,No,4–7 days,Partially,1
1767,48,Male,USA,FinTech,DevOps/SRE,Medium (201–1 000),0,$50k–$75k,Remote,Yes,4.1,7.2,1.5,2.8,7.0,7.2,9.0,8.2,4.3,3.4,9.1,None,N/A,0,Easy,No,0,Yes,None,N/A,0
1768,30,Male,Netherlands,Big Tech,QA/Test Engineer,Medium (201–1 000),1,$50k–$75k,Hybrid,Was already remote,7.4,7.2,2.6,4.3,3.5,5.7,6.9,6.1,5.5,6.2,7.6,None,N/A,1,Moderate,Don't know,0,No,None,N/A,0
1769,32,Female,France,HealthTech,Engineering Manager,Small (51–200),12,$150k–$200k,In-person,No,5.3,7.0,4.0,6.5,6.6,5.9,6.9,6.4,3.3,4.3,6.3,Depression,Not sure / undiagnosed,1,Easy,Yes,1,No,None,No,1
1770,36,Female,India,Consulting/Agency,Cloud Architect,Large (1 001–5 000),0,$100k–$150k,In-person,Was already remote,5.8,7.7,1.4,3.9,8.2,7.4,4.7,4.3,2.1,4.0,7.3,Anxiety & Burnout,Self-reported,0,Moderate,Yes,0,No,1–3 days,Yes,1
1771,32,Male,UK,Government/Public sector,DevOps/SRE,Small (51–200),2,$100k–$150k,Remote,Yes,5.1,7.7,3.1,6.4,3.9,6.8,9.5,8.3,1.4,5.0,6.5,None,N/A,0,Difficult,No,0,Yes,None,N/A,0
1772,44,Male,Spain,Gaming,Cloud Architect,Medium (201–1 000),7,$150k–$200k,Remote,Was already remote,10.0,6.8,0.0,7.6,9.4,1.8,7.0,6.7,4.6,9.1,2.9,None,N/A,0,Difficult,Yes,0,Yes,None,N/A,0
1773,27,Female,New Zealand,Consulting/Agency,Frontend Developer,Large (1 001–5 000),12,$75k–$100k,Hybrid,No,8.3,5.4,4.6,8.6,7.8,7.2,4.9,7.6,2.4,5.3,6.4,Depression,Not sure / undiagnosed,1,Moderate,Yes,0,No,None,Yes,1
1774,33,Female,USA,HealthTech,Backend Developer,Medium (201–1 000),2,$50k–$75k,Hybrid,Yes,4.2,7.7,17.2,9.7,7.2,6.9,10.0,5.8,3.1,5.2,7.8,None,N/A,0,Easy,No,0,Yes,None,N/A,0
1775,26,Male,USA,Gaming,Backend Developer,Enterprise (5 000+),0,$150k–$200k,In-person,Yes,3.9,7.0,4.5,7.8,5.1,4.6,8.9,3.2,4.7,7.3,4.4,ADHD,Self-reported,1,Easy,Don't know,0,Yes,1–3 days,Yes,1
1776,22,Male,Germany,Government/Public sector,Engineering Manager,Medium (201–1 000),7,$50k–$75k,Hybrid,Yes,8.2,6.0,0.5,4.1,7.9,6.4,5.8,5.1,3.6,5.2,5.4,Burnout,Formally diagnosed,0,Difficult,Yes,0,Yes,1–3 days,No,1
1777,27,Prefer not to say,USA,Cybersecurity,Backend Developer,Large (1 001–5 000),8,$50k–$75k,In-person,Was already remote,4.3,6.4,1.7,7.4,6.1,4.0,6.6,2.3,4.4,4.7,7.5,Anxiety & Burnout,Self-reported,0,Easy,No,0,No,4–7 days,No,1
1778,31,Female,Canada,Consulting/Agency,Data Scientist,Large (1 001–5 000),21,$75k–$100k,Hybrid,Yes,8.4,6.4,0.0,8.1,6.5,2.0,5.6,6.0,4.9,5.8,6.0,ADHD,Self-reported,0,No access,Yes,0,Yes,None,No,1
1779,28,Male,Germany,Big Tech,Engineering Manager,Enterprise (5 000+),0,$75k–$100k,Remote,No,7.3,4.2,3.0,4.6,9.2,7.6,6.8,8.6,3.1,8.1,4.5,Anxiety,Formally diagnosed,0,Difficult,No,0,Yes,>2 weeks,No,1
1780,26,Male,Germany,FinTech,Data Analyst,Enterprise (5 000+),6,$75k–$100k,Remote,No,4.3,7.3,3.4,8.5,6.5,8.6,8.5,4.5,1.0,3.9,8.4,Anxiety & Burnout,Self-reported,0,Moderate,Don't know,0,No,None,Yes,1
1781,21,Female,UK,FinTech,Data Scientist,Startup (1–50),2,$150k–$200k,Remote,Was already remote,7.2,6.7,10.2,5.3,6.2,7.7,7.6,9.8,4.2,6.6,5.9,Depression,Formally diagnosed,0,Moderate,Yes,0,Yes,None,Yes,1
1782,31,Male,Germany,Gaming,Data Scientist,Startup (1–50),13,>$200k,Remote,Was already remote,6.7,7.6,1.3,6.5,6.0,5.6,7.9,4.7,2.9,6.3,7.8,None,N/A,0,No access,No,0,No,None,N/A,0
1783,20,Male,South Africa,Gaming,Data Scientist,Large (1 001–5 000),2,$50k–$75k,Hybrid,No,3.2,7.4,10.0,8.5,4.5,6.3,10.0,3.2,1.7,4.1,8.2,None,N/A,0,Easy,No,0,Yes,None,N/A,0
1784,37,Male,USA,Gaming,DevOps/SRE,Medium (201–1 000),3,$150k–$200k,Hybrid,Yes,6.0,8.1,4.7,5.5,6.8,5.2,7.1,4.4,5.5,6.5,6.6,Depression,Self-reported,0,Difficult,Yes,0,Yes,1–3 days,No,1
1785,32,Male,India,E-commerce,Product Manager,Large (1 001–5 000),0,<$50k,Hybrid,No,5.4,6.3,1.1,5.8,5.5,4.1,8.7,7.6,1.7,8.2,5.0,None,N/A,0,Difficult,Yes,0,No,None,N/A,0
1786,21,Female,USA,Big Tech,DevOps/SRE,Startup (1–50),2,$50k–$75k,In-person,Yes,6.7,5.9,0.0,8.2,8.6,4.5,6.2,6.1,1.5,3.7,7.7,None,N/A,0,Moderate,Yes,0,Yes,None,N/A,0
1787,29,Male,USA,Gaming,CTO/VP Engineering,Large (1 001–5 000),2,$100k–$150k,Remote,Was already remote,5.7,8.4,4.3,7.4,8.4,6.1,8.2,7.8,2.9,6.0,2.4,None,N/A,0,Moderate,Yes,0,No,None,N/A,0
1788,26,Female,Germany,SaaS/Software,Product Manager,Startup (1–50),0,>$200k,Hybrid,No,6.7,5.8,1.9,2.3,5.2,4.0,6.9,8.7,3.5,6.6,5.1,Anxiety,Formally diagnosed,0,Difficult,Yes,0,No,4–7 days,No,1
1789,34,Male,USA,Government/Public sector,DevOps/SRE,Small (51–200),3,>$200k,In-person,Yes,4.9,4.4,11.5,3.6,5.7,7.7,9.0,4.7,3.2,7.2,5.2,None,N/A,0,No access,Yes,0,No,None,N/A,0
1790,42,Male,USA,Gaming,Frontend Developer,Enterprise (5 000+),2,$50k–$75k,Hybrid,No,5.8,8.4,0.0,5.9,3.6,4.9,6.8,7.5,2.9,5.8,6.1,None,N/A,0,Moderate,No,0,Yes,None,N/A,0
1791,18,Male,USA,SaaS/Software,Data Analyst,Startup (1–50),8,$75k–$100k,Remote,Yes,3.6,9.0,3.0,5.8,1.4,9.4,7.2,3.9,1.0,4.9,7.6,Burnout,Formally diagnosed,0,No access,Yes,0,No,4–7 days,Yes,1
1792,32,Non-binary,Germany,E-commerce,Software Engineer,Small (51–200),0,>$200k,Remote,Was already remote,5.3,6.6,5.4,4.8,6.8,8.0,7.8,4.7,1.9,5.8,5.7,None,N/A,0,Difficult,Yes,0,No,None,N/A,0
1793,30,Female,Australia,SaaS/Software,Engineering Manager,Startup (1–50),7,$50k–$75k,Hybrid,Was already remote,5.2,6.7,5.4,10.0,4.9,6.4,7.5,7.3,1.5,4.7,6.0,None,N/A,0,Moderate,Don't know,0,No,None,N/A,0
1794,37,Male,USA,Cybersecurity,Mobile Developer,Enterprise (5 000+),6,$150k–$200k,Hybrid,Yes,3.4,6.6,4.3,8.5,7.2,4.8,9.0,8.2,1.0,4.8,7.3,None,N/A,0,Moderate,Don't know,0,Yes,None,N/A,0
1795,33,Female,Australia,Cybersecurity,Software Engineer,Large (1 001–5 000),1,<$50k,Hybrid,Was already remote,6.1,8.6,1.4,1.6,4.1,6.9,6.5,5.7,3.6,5.7,5.2,None,N/A,0,Easy,Don't know,0,No,None,N/A,0
1796,26,Female,USA,SaaS/Software,Data Scientist,Large (1 001–5 000),0,$100k–$150k,In-person,Was already remote,8.9,7.6,0.0,8.5,5.4,7.2,4.9,7.2,3.7,8.8,2.9,Anxiety,Formally diagnosed,1,Moderate,Yes,0,No,None,No,1
1797,29,Prefer not to say,India,Big Tech,Mobile Developer,Medium (201–1 000),10,$100k–$150k,Hybrid,Yes,4.7,6.3,1.3,4.5,5.7,5.4,6.8,5.8,2.6,3.8,6.5,Depression,Formally diagnosed,0,Difficult,No,0,Yes,None,No,1
1798,26,Male,UK,E-commerce,Software Engineer,Medium (201–1 000),1,$100k–$150k,Remote,Yes,8.1,6.3,2.8,6.1,5.6,6.4,4.7,10.0,2.1,7.7,5.1,Anxiety & Burnout,Formally diagnosed,0,Moderate,Yes,0,No,4–7 days,No,1
1799,40,Female,India,FinTech,Security Engineer,Startup (1–50),0,$150k–$200k,Remote,Yes,6.5,8.4,4.7,3.4,2.2,5.9,9.6,6.7,3.4,5.0,5.2,None,N/A,0,Difficult,No,0,No,None,N/A,0
1800,32,Male,Argentina,SaaS/Software,CTO/VP Engineering,Small (51–200),2,$50k–$75k,In-person,Yes,2.5,9.6,6.7,8.7,7.5,4.0,8.9,6.5,3.0,4.1,9.2,Anxiety,Not sure / undiagnosed,1,Easy,Don't know,0,No,1–3 days,No,1
1801,46,Male,Mexico,HealthTech,Data Analyst,Medium (201–1 000),2,$75k–$100k,Hybrid,No,10.0,6.2,3.8,6.8,5.7,4.7,6.6,4.8,7.6,6.7,3.2,Burnout,Self-reported,0,Easy,Don't know,0,Yes,1–2 weeks,Partially,1
1802,31,Prefer not to say,USA,AI/ML startup,Security Engineer,Large (1 001–5 000),2,$100k–$150k,Remote,No,4.4,7.6,1.6,9.0,3.4,6.7,10.0,6.3,3.8,4.4,8.4,None,N/A,0,Easy,Yes,0,No,None,N/A,0
1803,26,Female,Ireland,Government/Public sector,Security Engineer,Small (51–200),20,$50k–$75k,In-person,Yes,6.0,6.6,3.9,6.9,8.3,3.5,5.3,7.1,1.0,4.3,5.9,Burnout,Not sure / undiagnosed,1,Easy,Yes,1,No,1–2 weeks,No,1
1804,20,Male,USA,Government/Public sector,Data Analyst,Startup (1–50),11,$50k–$75k,Hybrid,Yes,6.7,5.9,11.7,5.6,8.4,7.0,6.9,6.1,1.6,6.8,6.9,None,N/A,0,Easy,Don't know,0,No,None,N/A,0
1805,18,Male,Poland,Big Tech,Mobile Developer,Small (51–200),11,$50k–$75k,In-person,No,5.9,7.4,0.3,4.9,6.2,4.2,10.0,5.4,1.0,5.1,5.8,None,N/A,0,No access,Don't know,0,Yes,None,N/A,0
1806,20,Female,USA,Gaming,Engineering Manager,Medium (201–1 000),2,$75k–$100k,Remote,No,7.5,8.2,3.9,3.2,5.7,5.2,6.7,7.6,5.9,7.2,3.2,None,N/A,0,No access,Yes,0,Yes,None,N/A,0
1807,34,Female,UK,AI/ML startup,Cloud Architect,Startup (1–50),18,>$200k,Remote,Yes,8.2,5.3,0.9,5.8,5.3,6.6,8.6,5.6,5.5,6.4,3.9,None,N/A,1,Easy,Don't know,0,No,None,N/A,0
1808,35,Male,USA,FinTech,ML/AI Engineer,Small (51–200),6,$100k–$150k,Hybrid,Yes,4.4,7.3,1.1,6.8,3.8,4.8,4.5,8.2,2.6,8.1,3.0,None,N/A,0,Difficult,Don't know,0,Yes,None,N/A,0
1809,20,Non-binary,USA,E-commerce,QA/Test Engineer,Startup (1–50),9,$100k–$150k,In-person,No,5.6,7.0,1.2,2.2,5.7,6.5,7.6,5.4,6.8,7.4,4.2,Depression,Formally diagnosed,0,Moderate,Yes,0,Yes,1–3 days,Yes,1
1810,38,Male,France,Cybersecurity,Data Analyst,Enterprise (5 000+),3,$100k–$150k,Hybrid,No,4.8,5.5,0.7,7.9,1.9,6.5,5.1,5.3,1.6,4.6,5.7,Anxiety,Self-reported,1,Difficult,Don't know,0,Yes,4–7 days,No,1
1811,28,Male,Mexico,Gaming,Cloud Architect,Small (51–200),0,$100k–$150k,Remote,Yes,4.8,7.0,6.0,6.6,8.0,7.3,8.5,7.9,2.6,3.6,7.8,None,N/A,0,Easy,No,0,Yes,None,N/A,0
1812,33,Non-binary,India,Cybersecurity,QA/Test Engineer,Large (1 001–5 000),11,$100k–$150k,Remote,Was already remote,6.2,6.5,1.4,5.7,4.4,8.1,7.8,7.6,3.4,5.8,6.7,Depression,Formally diagnosed,0,No access,No,0,Yes,None,No,1
1813,44,Male,France,FinTech,Software Engineer,Medium (201–1 000),3,$75k–$100k,Remote,No,7.8,5.9,8.9,4.3,2.8,5.2,5.2,9.1,1.9,10.0,3.5,Anxiety & Depression,Self-reported,1,Moderate,Yes,1,Yes,1–3 days,No,1
1814,38,Male,Netherlands,AI/ML startup,QA/Test Engineer,Large (1 001–5 000),19,$75k–$100k,Remote,No,3.1,8.9,12.4,4.2,3.5,6.1,9.0,4.9,1.0,6.0,4.4,Burnout,Formally diagnosed,0,No access,Don't know,0,No,4–7 days,No,1
1815,29,Female,USA,Big Tech,Product Manager,Startup (1–50),1,<$50k,Remote,Was already remote,5.7,6.3,11.6,6.1,5.7,3.0,9.0,6.7,2.5,7.2,5.5,None,N/A,0,Difficult,No,0,Yes,None,N/A,0
1816,25,Female,USA,Consulting/Agency,Frontend Developer,Medium (201–1 000),26,>$200k,Remote,Yes,4.5,6.1,0.7,6.1,6.7,5.9,9.6,8.1,1.0,6.6,7.0,None,N/A,1,Easy,No,0,No,None,N/A,0
1817,18,Male,USA,Cybersecurity,QA/Test Engineer,Small (51–200),1,$150k–$200k,Hybrid,No,7.1,7.2,0.9,2.4,5.1,5.3,8.5,8.9,3.0,7.1,6.2,Anxiety,Not sure / undiagnosed,0,Moderate,Yes,0,Yes,None,No,1
1818,26,Non-binary,UK,AI/ML startup,Security Engineer,Startup (1–50),2,$100k–$150k,Hybrid,No,7.0,6.8,0.8,10.0,4.7,4.8,10.0,8.3,4.3,7.5,6.8,Burnout,Self-reported,0,Easy,Don't know,0,Yes,1–2 weeks,No,1
1819,30,Female,USA,SaaS/Software,Security Engineer,Enterprise (5 000+),4,$75k–$100k,Hybrid,Yes,7.8,6.4,8.2,4.4,4.0,5.7,8.7,6.3,3.4,7.3,5.5,Burnout,Self-reported,1,Moderate,Yes,1,No,1–2 weeks,Yes,1
1820,24,Male,USA,Consulting/Agency,Frontend Developer,Large (1 001–5 000),6,$100k–$150k,Hybrid,No,3.7,8.0,0.7,8.6,7.7,4.8,7.5,7.4,3.6,3.9,7.0,None,N/A,0,Difficult,Yes,1,Yes,None,N/A,0
1821,31,Female,USA,Cybersecurity,Data Scientist,Small (51–200),7,$100k–$150k,Hybrid,Yes,6.6,6.5,2.7,5.5,7.1,5.1,7.4,4.0,4.4,4.6,8.5,Depression,Self-reported,1,No access,No,0,No,1–3 days,No,1
1822,32,Male,USA,E-commerce,Security Engineer,Medium (201–1 000),3,$75k–$100k,Remote,No,5.9,6.4,2.1,7.4,6.4,7.4,8.3,10.0,3.3,6.9,5.2,None,N/A,0,Easy,Yes,0,No,None,N/A,0
1823,30,Male,Spain,Government/Public sector,Software Engineer,Medium (201–1 000),0,$75k–$100k,Remote,Yes,3.0,6.6,13.7,5.9,3.5,8.7,8.4,7.2,4.5,4.0,8.6,None,N/A,0,Moderate,Yes,0,No,None,N/A,0
1824,27,Female,USA,Consulting/Agency,Engineering Manager,Large (1 001–5 000),3,$150k–$200k,Remote,Was already remote,3.3,8.3,12.1,5.6,4.9,9.6,8.1,6.2,1.7,3.5,8.2,None,N/A,0,Moderate,Yes,0,Yes,None,N/A,0
1825,33,Prefer not to say,Germany,SaaS/Software,Frontend Developer,Large (1 001–5 000),2,$100k–$150k,Hybrid,Was already remote,5.2,8.5,1.9,6.6,4.9,5.3,9.2,7.9,2.2,5.1,6.3,ADHD,Self-reported,0,Difficult,Yes,0,Yes,None,Partially,1
1826,35,Male,India,FinTech,Full-Stack Developer,Startup (1–50),5,<$50k,Remote,Was already remote,6.0,9.3,1.8,5.4,9.3,4.7,5.7,6.5,2.4,8.0,7.7,None,N/A,0,Moderate,Yes,1,No,None,N/A,0
1827,23,Male,Germany,HealthTech,Data Scientist,Small (51–200),1,$75k–$100k,Remote,No,8.2,7.0,0.8,8.5,6.1,7.0,5.7,10.0,2.7,4.7,7.4,None,N/A,0,Difficult,Yes,0,Yes,None,N/A,0
1828,42,Male,USA,SaaS/Software,Security Engineer,Medium (201–1 000),2,$75k–$100k,Remote,Yes,5.5,8.8,5.3,3.7,4.8,6.8,9.8,10.0,1.0,4.3,7.5,None,N/A,0,Easy,Yes,0,Yes,None,N/A,0
1829,31,Male,UK,FinTech,Frontend Developer,Medium (201–1 000),18,$100k–$150k,Hybrid,Was already remote,6.7,5.9,0.0,6.0,9.4,4.9,6.8,5.4,2.5,7.1,5.9,Anxiety,Formally diagnosed,0,No access,No,0,Yes,None,No,1
1830,32,Male,USA,FinTech,ML/AI Engineer,Medium (201–1 000),0,$100k–$150k,Hybrid,No,6.2,5.7,0.1,4.9,7.5,4.3,8.0,6.8,6.4,8.0,2.6,Burnout,Self-reported,1,No access,Yes,1,No,1–3 days,No,1
1831,37,Male,UK,AI/ML startup,QA/Test Engineer,Large (1 001–5 000),5,$100k–$150k,Remote,Yes,4.3,5.8,4.5,7.6,7.5,5.6,9.4,6.5,1.3,3.7,8.0,Anxiety & Depression,Formally diagnosed,1,No access,Yes,0,No,4–7 days,Yes,1
1832,33,Female,USA,Government/Public sector,ML/AI Engineer,Large (1 001–5 000),0,>$200k,Remote,No,5.1,6.9,0.0,2.2,8.5,6.3,9.5,3.2,4.4,6.5,6.8,Anxiety,Self-reported,0,Moderate,No,0,No,4–7 days,No,1
1833,39,Male,Germany,Cybersecurity,Mobile Developer,Medium (201–1 000),0,$150k–$200k,Remote,Yes,6.0,6.4,3.6,8.6,7.9,10.0,6.9,7.7,1.9,4.8,6.1,Anxiety,Self-reported,1,Easy,Yes,1,No,4–7 days,Yes,1
1834,34,Male,Australia,Consulting/Agency,Data Analyst,Enterprise (5 000+),5,$150k–$200k,Remote,No,3.8,9.1,0.8,4.4,5.0,7.2,9.0,6.5,1.0,4.4,6.1,None,N/A,0,Easy,Yes,0,Yes,None,N/A,0
1835,27,Female,Germany,Gaming,Mobile Developer,Startup (1–50),3,$75k–$100k,Remote,Yes,7.0,6.1,4.8,7.5,5.6,7.4,5.7,7.8,3.8,8.3,2.4,None,N/A,0,Difficult,Yes,0,Yes,None,N/A,0
1836,34,Female,Canada,Consulting/Agency,Cloud Architect,Medium (201–1 000),4,$100k–$150k,In-person,Yes,8.6,5.8,3.7,2.2,6.7,3.0,6.7,4.2,2.4,5.7,8.5,None,N/A,0,No access,Yes,0,Yes,None,N/A,0
1837,23,Male,UK,Government/Public sector,Cloud Architect,Enterprise (5 000+),11,$75k–$100k,Hybrid,No,8.9,7.0,0.0,5.2,6.1,1.9,4.6,8.8,6.5,6.5,5.9,None,N/A,0,Moderate,Don't know,0,Yes,None,N/A,0
1838,32,Male,Brazil,Consulting/Agency,Cloud Architect,Medium (201–1 000),9,$100k–$150k,Remote,Was already remote,7.2,7.7,4.3,5.4,2.3,7.0,6.8,6.5,4.2,7.5,3.1,Depression,Formally diagnosed,0,Easy,No,0,Yes,None,Partially,1
1839,31,Female,USA,FinTech,Product Manager,Medium (201–1 000),12,$150k–$200k,Hybrid,No,6.6,7.2,5.0,6.5,3.1,4.3,7.8,3.6,2.3,6.3,7.3,Anxiety,Self-reported,1,Difficult,No,0,No,1–2 weeks,Yes,1
1840,30,Male,France,Consulting/Agency,CTO/VP Engineering,Startup (1–50),5,$75k–$100k,Remote,Yes,2.7,8.3,9.7,7.3,5.9,6.2,7.5,3.9,2.0,6.0,6.7,Anxiety,Not sure / undiagnosed,0,Moderate,Yes,0,Yes,4–7 days,Yes,1
1841,31,Male,Netherlands,HealthTech,Data Scientist,Large (1 001–5 000),3,$150k–$200k,Hybrid,Yes,4.2,8.0,4.7,10.0,2.4,6.5,10.0,6.4,1.0,6.9,5.3,Burnout,Self-reported,1,Difficult,No,0,Yes,None,No,1
1842,18,Female,UK,HealthTech,Backend Developer,Medium (201–1 000),3,$100k–$150k,Hybrid,No,3.5,9.5,7.5,5.3,3.3,8.7,7.7,5.6,1.8,4.6,4.6,None,N/A,0,Moderate,No,0,No,None,N/A,0
1843,27,Male,USA,Consulting/Agency,Engineering Manager,Large (1 001–5 000),7,$75k–$100k,Hybrid,No,5.1,4.9,3.5,7.6,4.9,7.4,6.9,4.9,3.8,5.0,5.9,Anxiety & Burnout,Formally diagnosed,0,Difficult,No,0,Yes,None,Partially,1
1844,32,Male,Canada,AI/ML startup,Backend Developer,Small (51–200),4,$100k–$150k,Hybrid,Yes,7.4,5.7,2.8,5.4,6.0,4.5,5.3,7.1,4.4,8.8,4.0,Anxiety,Formally diagnosed,1,Difficult,Don't know,0,No,None,Partially,1
1845,33,Male,USA,Big Tech,Frontend Developer,Startup (1–50),0,$50k–$75k,In-person,No,6.5,8.3,3.5,6.9,7.1,5.6,8.3,7.3,4.9,6.6,8.3,Other,Formally diagnosed,1,Difficult,Don't know,0,Yes,None,No,1
1846,24,Male,USA,AI/ML startup,QA/Test Engineer,Small (51–200),0,$50k–$75k,In-person,Yes,6.7,6.5,1.4,3.3,7.7,5.8,9.2,6.9,4.8,4.6,7.1,Anxiety,Self-reported,1,Difficult,Yes,0,No,4–7 days,No,1
1847,41,Male,USA,Consulting/Agency,Software Engineer,Small (51–200),2,$150k–$200k,Remote,Yes,6.9,7.4,0.4,6.8,6.5,6.9,7.0,4.1,3.6,6.6,4.3,None,N/A,0,Difficult,Don't know,0,No,None,N/A,0
1848,25,Prefer not to say,USA,Big Tech,Backend Developer,Enterprise (5 000+),0,$100k–$150k,Remote,Was already remote,4.7,4.3,2.0,4.4,7.9,6.5,6.1,6.3,1.0,9.6,3.2,Anxiety & Depression,Formally diagnosed,1,Easy,Yes,1,No,1–2 weeks,No,1
1849,39,Male,Canada,E-commerce,Software Engineer,Enterprise (5 000+),1,$50k–$75k,Remote,Yes,5.6,6.0,3.0,3.0,4.4,7.3,6.2,6.8,2.3,6.3,5.6,None,N/A,0,Moderate,No,0,Yes,None,N/A,0
1850,35,Male,Japan,FinTech,Backend Developer,Medium (201–1 000),5,>$200k,In-person,Yes,6.4,4.6,3.7,6.1,3.9,5.9,7.1,4.2,2.5,6.1,5.6,Other,Formally diagnosed,1,Difficult,Yes,0,Yes,4–7 days,Yes,1
1851,27,Male,USA,Gaming,Cloud Architect,Startup (1–50),0,<$50k,Remote,Yes,8.0,5.5,1.3,6.5,5.5,6.4,5.9,7.3,1.0,6.0,6.0,Anxiety,Formally diagnosed,1,Difficult,Yes,0,No,>2 weeks,No,1
1852,45,Non-binary,Mexico,FinTech,Data Scientist,Small (51–200),5,$75k–$100k,In-person,Yes,5.8,6.3,1.2,5.7,7.2,3.7,5.5,6.9,2.4,6.0,6.2,None,N/A,0,Easy,Don't know,0,Yes,None,N/A,0
1853,23,Male,Poland,E-commerce,Backend Developer,Large (1 001–5 000),8,<$50k,Hybrid,Was already remote,5.6,7.1,0.8,7.1,7.5,6.0,8.3,3.4,2.6,5.1,6.5,Anxiety,Self-reported,1,Moderate,Yes,1,No,>2 weeks,Yes,1
1854,38,Male,South Africa,FinTech,Data Analyst,Startup (1–50),1,$50k–$75k,Hybrid,Was already remote,3.5,8.7,1.1,9.7,8.4,8.0,8.3,4.9,2.1,3.2,10.0,Burnout,Not sure / undiagnosed,1,Moderate,Yes,1,No,None,Yes,1
1855,39,Female,Brazil,Gaming,Security Engineer,Large (1 001–5 000),1,$50k–$75k,Hybrid,No,4.5,7.8,2.4,4.6,7.0,3.3,9.5,6.4,1.0,5.5,7.1,Anxiety,Self-reported,1,Easy,Yes,1,Yes,1–3 days,Partially,1
1856,26,Male,UK,Cybersecurity,DevOps/SRE,Startup (1–50),0,$150k–$200k,Remote,Was already remote,6.4,7.3,3.9,7.9,9.8,8.1,7.8,7.8,1.4,6.5,6.2,None,N/A,0,Difficult,Don't know,0,Yes,None,N/A,0
1857,42,Male,USA,SaaS/Software,Frontend Developer,Large (1 001–5 000),3,>$200k,Remote,Yes,5.7,6.2,6.0,5.0,7.5,7.8,8.0,1.5,2.6,6.0,5.8,Anxiety,Formally diagnosed,0,Easy,Yes,0,Yes,None,No,1
1858,30,Male,Germany,Big Tech,Product Manager,Large (1 001–5 000),5,$150k–$200k,Remote,Yes,3.4,5.9,1.9,7.0,5.8,7.9,8.6,8.5,4.6,5.6,5.7,Depression,Formally diagnosed,1,No access,Yes,1,Yes,None,No,1
1859,34,Male,Germany,FinTech,Backend Developer,Medium (201–1 000),3,$100k–$150k,In-person,Yes,3.3,7.1,3.8,6.2,7.9,6.8,9.0,5.9,3.9,3.2,8.4,ADHD,Self-reported,0,Moderate,Yes,0,Yes,1–2 weeks,Yes,1
1860,33,Male,Japan,Gaming,Security Engineer,Large (1 001–5 000),2,$150k–$200k,Hybrid,No,4.1,6.1,2.5,9.3,9.0,6.5,10.0,8.5,1.0,4.5,6.5,None,N/A,0,Easy,Yes,0,Yes,None,N/A,0
1861,30,Female,Argentina,Big Tech,CTO/VP Engineering,Large (1 001–5 000),3,$100k–$150k,Remote,No,5.5,5.7,11.7,6.2,3.0,5.3,5.0,2.0,3.8,6.0,4.9,None,N/A,0,Moderate,Don't know,0,Yes,None,N/A,0
1862,38,Male,Canada,Gaming,QA/Test Engineer,Large (1 001–5 000),8,$100k–$150k,In-person,Was already remote,7.8,4.7,6.7,6.4,5.1,4.4,7.3,4.8,1.8,6.6,6.1,None,N/A,0,Moderate,Don't know,0,Yes,None,N/A,0
1863,37,Female,UK,HealthTech,Engineering Manager,Medium (201–1 000),0,$100k–$150k,Hybrid,No,6.5,6.6,7.1,8.4,3.9,5.8,7.2,7.6,1.0,5.4,7.8,None,N/A,0,Easy,Don't know,0,No,None,N/A,0
1864,18,Male,USA,Cybersecurity,CTO/VP Engineering,Small (51–200),8,>$200k,Remote,Yes,4.3,7.2,3.2,7.3,5.6,6.7,7.3,8.4,1.0,2.9,6.4,None,N/A,0,Moderate,Yes,0,Yes,None,N/A,0
1865,41,Male,USA,SaaS/Software,Product Manager,Enterprise (5 000+),6,<$50k,Hybrid,Was already remote,4.7,8.2,2.1,7.6,4.8,6.8,9.2,8.9,2.1,3.3,7.5,Other,Formally diagnosed,1,Moderate,Yes,1,Yes,None,No,1
1866,19,Male,Canada,SaaS/Software,Software Engineer,Large (1 001–5 000),1,$75k–$100k,Remote,No,6.9,7.8,3.2,8.8,6.9,6.7,6.6,8.1,2.7,6.3,4.9,None,N/A,0,No access,Yes,0,Yes,None,N/A,0
1867,39,Non-binary,Germany,Big Tech,ML/AI Engineer,Large (1 001–5 000),4,$75k–$100k,Hybrid,Was already remote,6.6,7.2,0.2,6.8,8.4,5.7,5.4,6.4,5.3,6.8,4.8,None,N/A,0,Easy,Don't know,0,Yes,None,N/A,0
1868,40,Male,Brazil,AI/ML startup,Data Analyst,Medium (201–1 000),0,$75k–$100k,In-person,No,4.8,10.0,7.6,9.3,8.4,6.4,6.8,7.5,1.0,2.5,7.7,None,N/A,0,Moderate,No,0,No,None,N/A,0
1869,23,Female,Canada,Government/Public sector,Full-Stack Developer,Small (51–200),2,$100k–$150k,Remote,Yes,1.8,6.9,2.0,3.6,7.6,8.7,10.0,8.9,3.8,3.3,6.6,None,N/A,0,Easy,Yes,0,Yes,None,N/A,0
1870,28,Male,Spain,Government/Public sector,CTO/VP Engineering,Enterprise (5 000+),1,$100k–$150k,Remote,Was already remote,6.6,6.1,5.7,6.0,6.5,4.8,7.8,8.5,5.7,5.2,6.4,Anxiety & Depression,Self-reported,1,Easy,No,1,No,None,No,1
1871,23,Male,India,HealthTech,Engineering Manager,Small (51–200),0,<$50k,Remote,Was already remote,5.4,6.5,1.1,6.3,4.1,8.3,5.8,5.7,4.9,3.8,6.7,Anxiety & Burnout,Self-reported,1,Moderate,Yes,1,No,4–7 days,Partially,1
1872,30,Male,Brazil,Big Tech,Full-Stack Developer,Enterprise (5 000+),2,$75k–$100k,In-person,No,9.1,5.6,1.4,4.8,8.3,3.4,3.7,7.8,6.7,5.3,5.5,None,N/A,0,No access,No,0,No,None,N/A,0
1873,29,Male,USA,Big Tech,Product Manager,Small (51–200),7,$100k–$150k,Hybrid,Yes,5.4,5.0,5.1,7.7,8.6,6.6,7.4,6.5,1.6,4.0,6.2,None,N/A,0,No access,Don't know,0,Yes,None,N/A,0
1874,37,Male,Japan,SaaS/Software,ML/AI Engineer,Medium (201–1 000),13,$100k–$150k,Hybrid,Yes,6.0,6.0,1.5,6.8,1.0,5.6,1.6,9.0,4.1,4.7,6.8,None,N/A,0,Moderate,Yes,0,No,None,N/A,0
1875,41,Male,Australia,Government/Public sector,QA/Test Engineer,Medium (201–1 000),5,$150k–$200k,Hybrid,Yes,5.6,7.2,1.4,2.3,10.0,6.0,10.0,5.6,5.6,6.3,7.1,Anxiety,Formally diagnosed,1,Easy,Yes,1,Yes,1–3 days,No,1
1876,42,Female,USA,AI/ML startup,Product Manager,Enterprise (5 000+),2,$75k–$100k,In-person,No,6.8,7.7,7.2,8.7,2.9,6.8,7.1,7.8,3.1,5.7,4.8,None,N/A,1,Moderate,No,0,No,None,N/A,0
1877,27,Male,USA,FinTech,CTO/VP Engineering,Enterprise (5 000+),35,<$50k,Remote,Yes,6.7,5.1,0.0,8.3,4.2,6.0,8.6,8.4,2.4,6.0,7.4,Anxiety,Not sure / undiagnosed,1,Moderate,No,0,Yes,4–7 days,No,1
1878,30,Female,Spain,FinTech,Software Engineer,Large (1 001–5 000),1,$75k–$100k,Remote,Yes,4.0,5.8,6.7,6.8,7.2,7.6,9.9,4.9,1.0,5.7,6.0,None,N/A,0,Difficult,Yes,0,Yes,None,N/A,0
1879,19,Male,USA,FinTech,Data Scientist,Medium (201–1 000),1,$50k–$75k,Remote,Was already remote,3.6,6.1,9.6,7.1,3.7,8.7,7.3,5.6,5.2,5.2,7.3,None,N/A,0,Difficult,Don't know,0,No,None,N/A,0
1880,25,Male,Canada,Gaming,Security Engineer,Startup (1–50),3,$75k–$100k,Remote,Was already remote,8.0,6.7,2.1,4.1,5.9,7.0,7.1,9.9,2.4,7.1,6.5,Burnout,Formally diagnosed,1,No access,No,0,No,4–7 days,Yes,1
1881,39,Female,UK,AI/ML startup,Product Manager,Large (1 001–5 000),3,$75k–$100k,Remote,Yes,5.2,5.8,4.1,4.6,3.7,7.5,8.4,7.8,5.0,5.7,5.1,Anxiety,Formally diagnosed,0,Moderate,No,0,No,None,No,1
1882,44,Male,Australia,E-commerce,Engineering Manager,Medium (201–1 000),2,$100k–$150k,In-person,Yes,7.0,4.9,6.4,1.1,7.3,7.9,7.1,9.2,3.1,4.8,7.5,None,N/A,0,Easy,Yes,0,Yes,None,N/A,0
1883,22,Male,Brazil,E-commerce,Full-Stack Developer,Large (1 001–5 000),6,$75k–$100k,Remote,Yes,5.4,5.2,1.9,5.0,5.5,6.8,6.2,5.5,4.5,6.6,7.4,None,N/A,0,Difficult,No,0,No,None,N/A,0
1884,27,Female,UK,Consulting/Agency,Security Engineer,Large (1 001–5 000),1,$150k–$200k,Hybrid,Was already remote,2.6,7.1,8.0,6.2,5.0,8.4,10.0,5.0,1.0,4.6,6.4,Depression,Self-reported,1,Easy,Yes,1,No,None,No,1
1885,31,Female,UK,Government/Public sector,DevOps/SRE,Medium (201–1 000),3,$75k–$100k,Remote,No,8.5,6.1,0.6,7.4,7.4,9.4,5.7,6.8,3.7,6.0,7.3,Anxiety,Formally diagnosed,1,Moderate,Don't know,0,No,4–7 days,No,1
1886,34,Male,Italy,Consulting/Agency,Full-Stack Developer,Large (1 001–5 000),3,$50k–$75k,Remote,Yes,7.4,7.2,0.6,4.0,5.1,5.2,5.8,5.6,4.7,8.0,4.8,Anxiety & Depression,Self-reported,0,Easy,Yes,0,Yes,>2 weeks,No,1
1887,25,Male,Sweden,AI/ML startup,ML/AI Engineer,Large (1 001–5 000),9,$50k–$75k,Hybrid,Yes,7.0,7.2,13.7,8.2,7.9,7.9,8.7,2.0,3.6,4.3,6.3,None,N/A,0,Easy,No,0,Yes,None,N/A,0
1888,35,Female,Ireland,Government/Public sector,Software Engineer,Enterprise (5 000+),14,>$200k,Hybrid,Yes,4.3,8.2,0.3,6.6,4.5,7.1,7.7,8.9,1.0,4.6,7.0,Anxiety,Not sure / undiagnosed,1,No access,No,0,No,>2 weeks,Partially,1
1889,28,Male,Canada,E-commerce,QA/Test Engineer,Medium (201–1 000),5,$100k–$150k,Hybrid,Yes,7.3,6.3,0.7,8.3,4.2,7.9,6.8,9.5,1.6,5.4,5.4,Burnout,Formally diagnosed,1,Difficult,Yes,1,No,None,Yes,1
1890,31,Female,USA,Big Tech,CTO/VP Engineering,Large (1 001–5 000),2,$75k–$100k,In-person,No,6.5,5.6,1.7,8.0,6.2,5.4,8.2,9.0,1.9,8.2,3.2,Burnout,Formally diagnosed,0,No access,Yes,0,Yes,1–3 days,Partially,1
1891,36,Male,UK,Government/Public sector,Data Analyst,Medium (201–1 000),6,<$50k,Remote,No,4.7,7.2,1.4,6.7,6.7,8.1,8.7,9.5,3.2,4.1,7.4,None,N/A,0,Moderate,Yes,0,No,None,N/A,0
1892,32,Male,France,HealthTech,Engineering Manager,Startup (1–50),1,$150k–$200k,Hybrid,Yes,5.5,5.3,1.0,7.1,5.7,4.1,5.9,7.7,4.2,5.9,5.1,Anxiety,Not sure / undiagnosed,0,Easy,Yes,0,Yes,1–2 weeks,No,1
1893,28,Female,USA,HealthTech,Frontend Developer,Small (51–200),18,$100k–$150k,Hybrid,Was already remote,5.9,7.2,1.4,5.2,4.9,4.3,5.6,6.0,1.8,6.5,5.2,Anxiety,Not sure / undiagnosed,1,No access,No,0,Yes,1–3 days,Yes,1
1894,31,Male,USA,AI/ML startup,DevOps/SRE,Startup (1–50),9,$75k–$100k,Hybrid,No,4.9,7.3,1.8,6.3,3.8,7.1,8.8,10.0,2.0,6.1,6.4,None,N/A,0,Moderate,No,0,Yes,None,N/A,0
1895,31,Male,USA,Consulting/Agency,Data Analyst,Small (51–200),3,$100k–$150k,Hybrid,Yes,6.6,7.9,0.0,6.8,6.2,6.6,7.7,9.2,1.0,3.8,7.2,Anxiety & Depression,Self-reported,1,Easy,Yes,1,Yes,>2 weeks,Yes,1
1896,29,Male,Canada,E-commerce,Product Manager,Startup (1–50),8,$75k–$100k,Remote,No,7.6,7.4,4.5,8.0,6.2,4.9,6.7,7.9,2.4,7.2,4.8,None,N/A,0,Moderate,Don't know,0,No,None,N/A,0
1897,30,Female,Brazil,E-commerce,DevOps/SRE,Enterprise (5 000+),2,$50k–$75k,Hybrid,Yes,5.2,7.4,0.6,6.5,5.4,7.2,6.0,1.9,4.1,3.4,6.6,None,N/A,0,Easy,No,0,Yes,None,N/A,0
1898,43,Female,USA,SaaS/Software,ML/AI Engineer,Medium (201–1 000),0,$150k–$200k,Hybrid,Yes,5.8,4.8,0.0,10.0,9.3,6.5,7.8,6.9,2.6,5.7,5.2,ADHD,Self-reported,0,Difficult,No,0,Yes,>2 weeks,Yes,1
1899,36,Male,Australia,SaaS/Software,Software Engineer,Medium (201–1 000),6,>$200k,In-person,Yes,5.8,6.2,2.9,6.6,4.5,6.2,8.2,5.9,1.2,3.7,6.1,None,N/A,0,Moderate,Yes,0,Yes,None,N/A,0
1900,29,Female,Mexico,HealthTech,Mobile Developer,Medium (201–1 000),2,$100k–$150k,Hybrid,Yes,7.5,7.0,3.2,1.7,10.0,6.9,2.9,7.2,4.7,6.0,4.1,None,N/A,0,Moderate,Yes,0,No,None,N/A,0
1901,37,Female,USA,AI/ML startup,QA/Test Engineer,Medium (201–1 000),14,$75k–$100k,Hybrid,Yes,6.3,8.2,4.6,5.5,5.3,3.9,6.9,5.1,1.5,6.9,6.4,Anxiety,Formally diagnosed,1,Moderate,Yes,1,Yes,>2 weeks,No,1
1902,29,Female,Australia,Consulting/Agency,Data Analyst,Startup (1–50),2,$75k–$100k,Remote,No,7.9,7.0,0.0,4.6,8.1,7.1,7.0,7.2,2.7,5.7,7.0,None,N/A,0,Difficult,Yes,0,Yes,None,N/A,0
1903,40,Female,New Zealand,E-commerce,Product Manager,Small (51–200),10,>$200k,In-person,Was already remote,4.8,5.4,0.7,5.7,6.6,6.4,8.4,5.1,4.8,6.9,7.2,None,N/A,0,Moderate,Yes,0,No,None,N/A,0
1904,34,Male,South Africa,FinTech,Cloud Architect,Enterprise (5 000+),6,$75k–$100k,Hybrid,No,6.0,8.5,0.4,4.2,8.4,4.9,10.0,7.9,3.3,6.8,5.4,Depression,Self-reported,0,No access,Yes,0,Yes,1–3 days,Partially,1
1905,31,Female,USA,Cybersecurity,Software Engineer,Large (1 001–5 000),10,$150k–$200k,In-person,No,7.0,6.5,2.6,3.1,10.0,3.3,8.8,4.7,3.7,6.9,7.7,Depression,Self-reported,0,Difficult,Yes,0,No,1–3 days,Yes,1
1906,35,Female,USA,Cybersecurity,Product Manager,Medium (201–1 000),1,$100k–$150k,In-person,Was already remote,7.3,6.9,7.1,4.9,6.5,4.2,7.8,7.0,4.4,8.3,4.5,ADHD,Not sure / undiagnosed,1,No access,Yes,0,Yes,4–7 days,Partially,1
1907,20,Male,USA,Consulting/Agency,QA/Test Engineer,Medium (201–1 000),3,$100k–$150k,In-person,Was already remote,5.3,7.4,4.2,7.1,4.3,5.0,9.4,7.0,3.3,6.6,4.5,None,N/A,0,Moderate,Yes,0,No,None,N/A,0
1908,23,Male,Australia,E-commerce,Data Analyst,Small (51–200),9,$50k–$75k,Remote,Yes,5.9,5.9,1.1,7.4,2.8,5.9,8.0,7.1,3.1,6.9,6.7,Burnout,Formally diagnosed,1,Moderate,Yes,0,No,1–2 weeks,Partially,1
1909,23,Male,France,Big Tech,Product Manager,Medium (201–1 000),5,<$50k,Hybrid,No,4.5,6.1,6.8,4.8,5.0,6.6,9.2,5.8,3.9,6.4,6.1,Anxiety,Formally diagnosed,1,Easy,Yes,1,No,>2 weeks,No,1
1910,33,Female,Australia,HealthTech,Software Engineer,Medium (201–1 000),2,$100k–$150k,In-person,Yes,2.5,7.7,4.6,7.8,8.3,8.0,10.0,5.6,1.0,2.0,8.9,None,N/A,0,Easy,Yes,0,Yes,None,N/A,0
1911,44,Male,UK,FinTech,Engineering Manager,Large (1 001–5 000),3,>$200k,Remote,No,5.4,5.9,4.0,5.3,8.5,7.2,5.6,8.8,3.3,5.7,4.8,Anxiety,Formally diagnosed,1,Easy,Don't know,0,No,1–3 days,Yes,1
1912,48,Female,USA,Consulting/Agency,Product Manager,Small (51–200),30,$50k–$75k,Hybrid,Yes,5.4,6.2,10.9,5.0,8.4,4.6,10.0,6.7,4.4,6.8,6.0,Burnout,Self-reported,0,Difficult,Yes,0,No,>2 weeks,Yes,1
1913,36,Non-binary,Germany,Cybersecurity,Data Analyst,Large (1 001–5 000),7,$100k–$150k,Hybrid,Yes,5.2,6.5,10.4,5.6,5.6,6.6,7.8,5.8,3.3,7.0,5.5,None,N/A,0,Easy,Yes,0,No,None,N/A,0
1914,35,Female,Canada,Big Tech,Software Engineer,Small (51–200),5,$100k–$150k,Remote,Yes,4.1,5.1,2.0,1.9,8.0,6.6,10.0,5.9,1.2,4.3,7.7,None,N/A,0,Difficult,Yes,0,Yes,None,N/A,0
1915,18,Non-binary,France,Government/Public sector,Cloud Architect,Medium (201–1 000),9,$100k–$150k,Hybrid,No,7.0,7.2,3.0,5.9,7.0,5.0,8.0,7.5,3.7,8.1,4.4,None,N/A,0,No access,Yes,0,Yes,None,N/A,0
1916,27,Prefer not to say,Canada,Consulting/Agency,ML/AI Engineer,Large (1 001–5 000),3,$100k–$150k,In-person,No,7.2,7.7,0.2,3.3,4.3,4.2,7.8,5.2,4.6,7.4,5.4,None,N/A,0,Easy,No,0,No,None,N/A,0
1917,26,Male,UK,SaaS/Software,Security Engineer,Medium (201–1 000),16,$100k–$150k,In-person,No,5.9,7.3,1.6,5.3,5.1,5.7,9.6,5.9,2.7,4.8,7.1,Depression,Formally diagnosed,0,Difficult,Yes,0,No,None,Yes,1
1918,27,Female,USA,SaaS/Software,Mobile Developer,Medium (201–1 000),4,$150k–$200k,Remote,Yes,4.5,4.8,1.2,4.9,9.6,7.1,8.7,5.5,4.1,4.7,7.3,Anxiety & Depression,Not sure / undiagnosed,0,Moderate,No,1,No,4–7 days,No,1
1919,30,Male,USA,Gaming,Data Scientist,Startup (1–50),2,$75k–$100k,In-person,Was already remote,5.0,7.3,1.6,8.1,3.1,4.8,9.8,9.4,1.0,7.9,5.4,None,N/A,0,Difficult,Don't know,0,No,None,N/A,0
1920,28,Female,USA,Consulting/Agency,Mobile Developer,Medium (201–1 000),0,>$200k,Remote,Yes,5.9,7.9,3.7,4.6,8.0,7.0,8.2,5.9,2.9,4.1,7.6,None,N/A,0,Difficult,Yes,0,No,None,N/A,0
1921,18,Male,USA,AI/ML startup,Software Engineer,Small (51–200),2,$100k–$150k,Remote,Was already remote,7.5,5.8,0.1,10.0,3.8,5.7,5.7,4.5,4.4,5.8,5.8,Burnout,Formally diagnosed,1,Difficult,No,0,No,4–7 days,No,1
1922,37,Prefer not to say,UK,AI/ML startup,DevOps/SRE,Startup (1–50),4,$100k–$150k,Remote,Was already remote,3.6,7.5,1.1,4.9,6.2,6.8,7.1,4.3,1.6,4.0,7.9,Anxiety & Burnout,Self-reported,1,Easy,Yes,1,Yes,None,No,1
1923,23,Female,USA,FinTech,Data Scientist,Small (51–200),6,$50k–$75k,Hybrid,Yes,5.0,7.5,1.7,5.4,9.2,6.4,8.9,5.6,2.1,5.9,7.8,None,N/A,0,Easy,No,1,Yes,None,N/A,0
1924,33,Female,USA,HealthTech,Product Manager,Large (1 001–5 000),11,$100k–$150k,Remote,Yes,6.3,5.7,0.0,6.8,6.9,6.2,6.5,5.9,1.4,5.2,5.9,Anxiety,Self-reported,0,No access,Yes,0,Yes,None,Partially,1
1925,47,Male,France,E-commerce,Data Analyst,Small (51–200),15,<$50k,In-person,Yes,7.4,5.4,5.2,5.1,5.9,4.2,7.9,6.7,2.7,8.4,2.6,Anxiety,Formally diagnosed,1,Easy,Yes,0,Yes,1–2 weeks,Partially,1
1926,25,Male,UK,FinTech,Software Engineer,Small (51–200),0,$75k–$100k,Remote,Was already remote,3.6,5.0,11.5,8.1,5.5,8.6,7.5,5.2,1.1,6.1,6.4,Burnout,Formally diagnosed,1,Moderate,Yes,0,Yes,None,No,1
1927,18,Female,Australia,Government/Public sector,Security Engineer,Medium (201–1 000),5,<$50k,Remote,Was already remote,4.7,6.3,5.7,2.4,8.6,8.4,10.0,6.5,3.1,2.1,10.0,Burnout,Formally diagnosed,1,Easy,No,0,No,1–3 days,No,1
1928,29,Male,France,Consulting/Agency,Data Analyst,Enterprise (5 000+),6,>$200k,Remote,Yes,1.8,6.6,3.5,6.6,7.4,7.1,10.0,9.4,2.0,1.6,8.8,None,N/A,0,No access,No,0,Yes,None,N/A,0
1929,40,Female,Germany,Gaming,Software Engineer,Large (1 001–5 000),1,$100k–$150k,Remote,Yes,8.4,5.8,3.0,5.0,8.3,6.2,7.7,6.3,5.9,8.7,4.6,Anxiety,Not sure / undiagnosed,0,No access,Don't know,0,Yes,None,No,1
1930,46,Male,South Africa,AI/ML startup,Cloud Architect,Enterprise (5 000+),4,$150k–$200k,Hybrid,Yes,4.0,8.1,6.0,7.8,8.0,6.0,8.4,8.7,2.0,4.6,6.0,None,N/A,0,Difficult,Don't know,0,No,None,N/A,0
1931,22,Female,USA,Consulting/Agency,Data Analyst,Medium (201–1 000),2,$100k–$150k,Hybrid,Yes,6.9,7.3,0.0,6.2,7.7,5.2,7.2,6.8,4.3,8.2,4.7,Anxiety,Self-reported,1,No access,Yes,1,No,4–7 days,Partially,1
1932,35,Male,France,Gaming,DevOps/SRE,Medium (201–1 000),0,$150k–$200k,Hybrid,Was already remote,8.6,4.8,0.9,7.3,6.5,4.3,7.2,5.3,3.2,8.3,5.4,None,N/A,0,No access,Don't know,0,Yes,None,N/A,0
1933,28,Female,South Africa,Cybersecurity,Frontend Developer,Large (1 001–5 000),0,$150k–$200k,In-person,Was already remote,8.5,5.7,0.0,8.1,4.6,3.0,9.5,5.3,3.4,7.4,5.8,Burnout,Self-reported,1,Easy,Yes,1,No,4–7 days,No,1
1934,31,Female,Japan,E-commerce,Engineering Manager,Small (51–200),7,$75k–$100k,Hybrid,No,2.8,7.4,1.0,9.0,6.9,6.9,9.6,7.2,1.0,1.5,9.0,None,N/A,0,Moderate,No,0,No,None,N/A,0
1935,51,Male,USA,Big Tech,Engineering Manager,Startup (1–50),5,$75k–$100k,In-person,Yes,7.8,3.4,4.2,7.1,5.4,4.5,8.3,3.1,2.9,5.5,7.6,Anxiety,Formally diagnosed,0,Moderate,Yes,0,Yes,1–3 days,No,1
1936,20,Male,UK,SaaS/Software,Data Scientist,Small (51–200),6,$100k–$150k,Remote,No,7.5,6.2,6.1,9.5,2.6,5.6,5.9,6.9,2.7,7.5,3.9,Anxiety & Depression,Formally diagnosed,0,Difficult,Yes,0,Yes,None,No,1
1937,33,Male,USA,SaaS/Software,Data Scientist,Small (51–200),6,<$50k,Hybrid,Yes,7.7,5.9,0.0,4.2,9.2,7.1,7.0,4.4,3.6,8.1,4.4,Depression,Not sure / undiagnosed,1,Difficult,Yes,1,No,None,No,1
1938,35,Female,India,Gaming,Software Engineer,Large (1 001–5 000),0,>$200k,Remote,Was already remote,2.0,7.2,1.5,5.6,3.8,8.2,10.0,8.5,1.1,3.6,7.5,None,N/A,0,Difficult,Yes,0,Yes,None,N/A,0
1939,40,Male,France,Government/Public sector,Product Manager,Medium (201–1 000),0,$75k–$100k,Hybrid,Was already remote,4.9,7.2,0.9,5.0,5.2,6.7,10.0,8.7,1.0,3.3,7.7,Other,Not sure / undiagnosed,1,Difficult,Yes,1,Yes,None,No,1
1940,32,Female,UK,Consulting/Agency,QA/Test Engineer,Startup (1–50),1,$100k–$150k,In-person,Yes,2.9,6.0,7.4,6.5,4.1,8.6,7.5,5.9,2.3,6.2,5.2,Anxiety & Depression,Self-reported,1,Easy,Yes,0,No,1–2 weeks,Yes,1
1941,34,Male,Germany,FinTech,Mobile Developer,Enterprise (5 000+),2,$150k–$200k,Remote,Yes,5.1,7.3,8.5,6.7,4.3,7.4,8.2,10.0,2.0,7.5,3.9,None,N/A,0,Moderate,Yes,0,Yes,None,N/A,0
1942,29,Male,Australia,HealthTech,QA/Test Engineer,Medium (201–1 000),15,$75k–$100k,Hybrid,Was already remote,7.5,6.5,4.4,5.3,3.9,8.3,8.8,5.2,3.2,7.4,6.4,None,N/A,0,Moderate,Yes,0,Yes,None,N/A,0
1943,34,Male,UK,Big Tech,Data Scientist,Medium (201–1 000),6,$50k–$75k,Remote,No,9.5,7.5,4.3,8.4,5.0,4.9,8.0,4.7,3.8,7.9,5.2,Anxiety,Self-reported,0,No access,Yes,0,Yes,4–7 days,Partially,1
1944,29,Male,Japan,Gaming,Security Engineer,Enterprise (5 000+),1,$50k–$75k,Remote,Yes,7.5,6.3,0.8,1.0,6.4,6.0,6.8,6.0,5.6,7.9,3.5,None,N/A,0,Difficult,No,0,Yes,None,N/A,0
1945,36,Male,Netherlands,HealthTech,Security Engineer,Startup (1–50),0,$100k–$150k,In-person,Yes,6.7,8.0,1.4,8.4,6.5,6.5,7.4,1.8,1.3,2.8,7.8,None,N/A,0,No access,Don't know,0,No,None,N/A,0
1946,29,Prefer not to say,USA,Cybersecurity,Frontend Developer,Large (1 001–5 000),6,<$50k,Hybrid,Yes,5.1,8.4,1.1,5.2,7.6,3.3,7.4,6.4,2.4,8.2,5.3,Depression & Burnout,Not sure / undiagnosed,1,Easy,No,0,Yes,4–7 days,No,1
1947,34,Female,India,Cybersecurity,QA/Test Engineer,Medium (201–1 000),5,$100k–$150k,Remote,Yes,5.0,7.2,11.1,7.1,5.1,7.1,5.9,5.5,1.0,7.3,6.3,Anxiety,Self-reported,0,Moderate,Yes,0,No,1–3 days,No,1
1948,31,Male,USA,Gaming,Backend Developer,Large (1 001–5 000),6,$100k–$150k,Hybrid,Yes,6.8,6.3,4.1,3.9,1.0,9.2,7.1,10.0,4.3,7.3,2.6,Anxiety & Burnout,Formally diagnosed,1,Difficult,Don't know,0,Yes,None,No,1
1949,40,Female,Germany,Gaming,QA/Test Engineer,Enterprise (5 000+),1,$100k–$150k,Hybrid,No,5.8,5.9,1.2,6.7,8.0,4.6,8.6,4.4,4.9,4.1,8.0,Depression,Formally diagnosed,1,Difficult,Yes,1,No,1–3 days,Partially,1
1950,31,Female,Poland,Cybersecurity,Full-Stack Developer,Medium (201–1 000),4,$75k–$100k,Remote,No,7.0,6.7,0.0,6.8,7.7,8.2,5.0,10.0,4.4,7.1,3.3,Anxiety,Not sure / undiagnosed,1,Easy,Don't know,0,No,4–7 days,Yes,1
1951,18,Male,Singapore,FinTech,Data Analyst,Startup (1–50),2,$50k–$75k,Hybrid,Was already remote,5.8,8.6,0.5,8.3,4.7,5.8,10.0,8.6,1.0,4.7,8.4,None,N/A,0,Moderate,No,0,No,None,N/A,0
1952,41,Male,UK,Cybersecurity,Data Scientist,Startup (1–50),9,$100k–$150k,Hybrid,Yes,8.6,6.3,0.0,8.1,7.5,9.0,6.6,3.6,2.7,5.8,5.5,None,N/A,0,Easy,Yes,0,No,None,N/A,0
1953,25,Male,USA,FinTech,Frontend Developer,Small (51–200),0,$75k–$100k,Hybrid,Yes,7.8,6.6,2.6,3.7,6.3,4.3,9.5,6.9,4.2,5.4,5.3,Anxiety & Depression,Self-reported,0,Moderate,Yes,0,Yes,1–2 weeks,Partially,1
1954,27,Male,USA,HealthTech,Product Manager,Large (1 001–5 000),1,$150k–$200k,Remote,No,4.5,8.6,8.3,6.2,6.4,6.0,9.4,7.6,1.0,2.5,9.3,None,N/A,0,Easy,Yes,0,Yes,None,N/A,0
1955,27,Prefer not to say,Germany,FinTech,Software Engineer,Small (51–200),5,$50k–$75k,Hybrid,No,7.4,8.3,6.4,8.1,6.6,4.2,9.0,6.3,2.2,4.0,6.1,None,N/A,0,Moderate,Don't know,0,Yes,None,N/A,0
1956,42,Female,USA,SaaS/Software,ML/AI Engineer,Small (51–200),1,$100k–$150k,Hybrid,Was already remote,6.5,6.5,0.0,5.2,3.9,6.0,5.8,4.1,3.2,5.7,7.2,None,N/A,0,Easy,No,0,Yes,None,N/A,0
1957,18,Male,Germany,SaaS/Software,DevOps/SRE,Large (1 001–5 000),6,$100k–$150k,Hybrid,No,4.7,7.3,4.4,2.9,4.7,5.7,9.5,4.6,2.2,3.0,8.7,Anxiety & Depression,Self-reported,1,Moderate,Don't know,0,Yes,None,No,1
1958,55,Male,USA,Consulting/Agency,Security Engineer,Startup (1–50),0,$100k–$150k,Remote,No,9.7,4.8,0.0,6.4,6.7,4.5,5.1,5.4,5.8,6.8,6.1,Burnout,Not sure / undiagnosed,1,Moderate,Yes,1,Yes,4–7 days,No,1
1959,39,Female,UK,E-commerce,Data Scientist,Large (1 001–5 000),0,>$200k,Remote,No,6.5,6.7,0.9,3.7,5.8,6.8,7.6,5.8,2.1,5.9,8.5,ADHD,Self-reported,1,Difficult,Yes,0,No,None,No,1
1960,33,Female,USA,Gaming,Frontend Developer,Small (51–200),10,$75k–$100k,Remote,Was already remote,6.6,7.0,2.3,5.2,5.8,7.2,8.5,6.1,2.3,5.5,6.1,None,N/A,0,Difficult,Yes,0,Yes,None,N/A,0
1961,31,Female,New Zealand,Government/Public sector,Software Engineer,Startup (1–50),2,$150k–$200k,In-person,Yes,7.4,6.3,5.8,4.6,8.0,2.0,7.4,3.7,6.3,7.5,5.4,Anxiety,Self-reported,1,Difficult,Yes,1,No,>2 weeks,Yes,1
1962,34,Female,France,AI/ML startup,ML/AI Engineer,Startup (1–50),0,$50k–$75k,Remote,Was already remote,7.0,5.7,0.4,5.8,1.0,7.4,6.7,7.2,5.7,5.6,6.1,None,N/A,0,Easy,Yes,0,No,None,N/A,0
1963,35,Male,UK,FinTech,Security Engineer,Enterprise (5 000+),1,$75k–$100k,Hybrid,No,7.8,5.3,6.5,8.4,8.3,3.6,7.2,7.3,5.8,6.7,6.4,Anxiety & Burnout,Self-reported,1,Moderate,Yes,0,No,1–3 days,Yes,1
1964,36,Female,USA,Government/Public sector,Full-Stack Developer,Medium (201–1 000),11,$50k–$75k,Remote,Was already remote,3.8,8.1,5.0,7.5,6.1,6.8,10.0,3.7,1.0,3.4,9.1,Burnout,Self-reported,0,Moderate,Don't know,0,Yes,1–3 days,No,1
1965,36,Female,Germany,Consulting/Agency,Cloud Architect,Small (51–200),5,$100k–$150k,Hybrid,Was already remote,8.5,6.5,2.9,8.6,5.8,4.6,6.3,7.4,2.9,6.7,5.0,None,N/A,0,No access,No,0,Yes,None,N/A,0
1966,32,Male,USA,E-commerce,Engineering Manager,Medium (201–1 000),17,$100k–$150k,Remote,Yes,6.7,6.5,0.0,7.3,6.6,6.8,8.0,1.0,1.0,6.2,5.2,None,N/A,0,Moderate,No,0,No,None,N/A,0
1967,30,Female,Germany,Government/Public sector,Data Scientist,Large (1 001–5 000),8,$100k–$150k,In-person,No,6.4,5.0,1.8,6.6,5.1,4.0,7.4,4.4,1.8,5.0,7.0,None,N/A,0,Moderate,Yes,0,No,None,N/A,0
1968,30,Male,Brazil,Government/Public sector,Product Manager,Small (51–200),8,$150k–$200k,In-person,No,4.7,6.8,1.2,8.8,3.7,6.8,6.6,4.4,2.7,6.1,4.8,Depression,Not sure / undiagnosed,0,Moderate,Yes,0,No,>2 weeks,Yes,1
1969,30,Male,India,SaaS/Software,DevOps/SRE,Large (1 001–5 000),3,$150k–$200k,Hybrid,No,4.4,6.6,3.3,3.6,7.2,5.3,10.0,7.8,2.2,5.0,7.2,None,N/A,0,Difficult,Don't know,0,Yes,None,N/A,0
1970,40,Male,India,Big Tech,Security Engineer,Small (51–200),9,$150k–$200k,In-person,Yes,4.3,5.4,4.1,9.0,9.2,7.3,9.7,4.7,3.6,2.7,8.1,None,N/A,0,Easy,Yes,0,No,None,N/A,0
1971,36,Male,Germany,E-commerce,ML/AI Engineer,Startup (1–50),2,$75k–$100k,In-person,Was already remote,5.1,7.9,0.2,7.4,8.1,5.3,7.6,5.3,2.4,5.6,7.2,Other,Self-reported,1,Difficult,Yes,0,No,None,No,1
1972,18,Male,Mexico,AI/ML startup,Product Manager,Medium (201–1 000),9,$75k–$100k,Remote,Was already remote,6.1,7.4,3.3,8.1,8.0,6.7,6.4,7.8,2.5,6.9,6.6,Anxiety,Formally diagnosed,1,No access,No,0,No,1–3 days,Partially,1
1973,36,Male,Mexico,HealthTech,QA/Test Engineer,Small (51–200),7,$75k–$100k,Remote,No,3.6,7.3,2.8,5.3,2.8,8.7,8.0,5.9,1.0,1.8,7.2,Burnout,Not sure / undiagnosed,1,Difficult,Yes,1,Yes,1–2 weeks,Yes,1
1974,33,Male,Germany,Consulting/Agency,Software Engineer,Enterprise (5 000+),6,$50k–$75k,In-person,Yes,9.2,4.2,5.2,4.8,7.5,4.0,7.2,5.4,5.4,5.8,4.1,Anxiety & Depression,Formally diagnosed,0,Difficult,Yes,0,Yes,4–7 days,Partially,1
1975,31,Male,USA,Gaming,Data Scientist,Startup (1–50),2,$75k–$100k,Remote,Was already remote,6.9,7.4,5.0,6.4,4.9,9.3,7.6,2.3,1.7,6.9,6.6,None,N/A,0,Easy,Yes,0,Yes,None,N/A,0
1976,29,Male,Canada,Gaming,Software Engineer,Large (1 001–5 000),5,$75k–$100k,Remote,No,4.1,7.2,2.1,4.1,4.7,6.8,10.0,7.4,3.3,3.2,7.6,Depression,Formally diagnosed,0,Difficult,Don't know,1,Yes,None,No,1
1977,40,Male,USA,HealthTech,ML/AI Engineer,Small (51–200),3,>$200k,Remote,No,7.8,6.4,12.3,5.5,5.8,6.2,5.3,8.5,3.7,4.7,7.2,Burnout,Not sure / undiagnosed,0,Moderate,No,0,No,1–3 days,Partially,1
1978,39,Female,India,Consulting/Agency,Backend Developer,Large (1 001–5 000),3,$150k–$200k,Hybrid,Yes,5.1,7.0,3.1,5.6,8.7,8.4,8.6,6.5,3.3,5.5,6.5,Anxiety,Formally diagnosed,1,Difficult,Don't know,0,No,None,Partially,1
1979,26,Male,Canada,HealthTech,Backend Developer,Startup (1–50),25,$150k–$200k,In-person,Yes,4.6,6.1,11.7,5.5,4.1,6.4,8.1,8.3,4.7,3.2,6.5,None,N/A,0,Difficult,Don't know,0,No,None,N/A,0
1980,35,Male,USA,FinTech,DevOps/SRE,Enterprise (5 000+),3,>$200k,Remote,No,8.3,6.1,3.5,5.0,5.2,7.0,5.9,7.0,5.9,7.3,4.8,None,N/A,0,Moderate,Yes,0,Yes,None,N/A,0
1981,24,Female,USA,Consulting/Agency,QA/Test Engineer,Startup (1–50),0,$100k–$150k,Remote,Yes,4.8,8.1,1.9,3.3,3.1,6.4,10.0,5.2,3.0,5.8,6.8,Depression & Burnout,Formally diagnosed,1,Moderate,Yes,0,Yes,1–3 days,No,1
1982,21,Female,Canada,Consulting/Agency,Security Engineer,Large (1 001–5 000),5,$50k–$75k,Remote,No,6.1,4.9,0.6,7.3,2.3,3.6,7.2,8.7,3.3,4.4,4.0,Depression,Self-reported,1,Difficult,Don't know,1,No,1–3 days,Partially,1
1983,27,Female,Ireland,Government/Public sector,Full-Stack Developer,Medium (201–1 000),7,$150k–$200k,Remote,Yes,7.6,7.3,1.5,6.7,5.2,5.1,7.0,8.4,5.2,3.5,8.3,None,N/A,0,Difficult,Yes,0,Yes,None,N/A,0
1984,38,Male,Germany,E-commerce,Engineering Manager,Medium (201–1 000),11,<$50k,Hybrid,Was already remote,8.1,6.5,8.7,4.2,8.1,5.1,4.0,6.0,2.6,5.5,7.2,Anxiety,Self-reported,0,Moderate,No,0,No,None,No,1
1985,39,Male,Australia,E-commerce,Frontend Developer,Small (51–200),5,$50k–$75k,Hybrid,Was already remote,6.5,7.1,0.1,7.1,8.3,4.7,9.6,7.4,3.8,8.0,4.3,Depression,Formally diagnosed,0,Moderate,Yes,0,Yes,1–2 weeks,No,1
1986,35,Female,UK,Government/Public sector,Data Scientist,Large (1 001–5 000),0,<$50k,Remote,Yes,2.9,7.1,2.7,5.8,6.3,7.6,7.8,9.7,3.3,3.3,8.4,None,N/A,0,Difficult,No,0,No,None,N/A,0
1987,37,Male,Germany,Cybersecurity,Cloud Architect,Small (51–200),0,$50k–$75k,Hybrid,Yes,4.1,6.8,1.7,4.7,6.0,4.4,6.3,5.7,3.8,4.4,6.7,Depression,Self-reported,1,Easy,Yes,0,No,4–7 days,No,1
1988,35,Male,Canada,Consulting/Agency,Data Scientist,Large (1 001–5 000),0,$150k–$200k,Hybrid,No,8.6,4.6,6.1,7.5,4.6,5.2,7.9,8.0,5.1,5.8,6.5,Anxiety & Depression,Formally diagnosed,0,Difficult,No,0,Yes,1–3 days,Yes,1
1989,27,Male,Australia,Big Tech,ML/AI Engineer,Medium (201–1 000),1,$150k–$200k,In-person,No,7.6,5.9,5.0,6.4,2.6,3.8,8.7,7.7,4.0,7.8,4.9,Other,Formally diagnosed,0,Difficult,Yes,0,Yes,1–3 days,Yes,1
1990,35,Female,USA,Government/Public sector,Backend Developer,Enterprise (5 000+),8,$75k–$100k,Remote,Yes,7.2,6.7,2.2,9.0,3.1,3.8,8.2,6.9,2.0,6.6,5.8,Depression & Burnout,Formally diagnosed,0,Easy,Yes,0,No,None,Partially,1
1991,38,Male,Canada,HealthTech,Data Analyst,Large (1 001–5 000),2,$50k–$75k,In-person,No,4.7,8.5,2.0,5.0,8.5,5.9,5.7,6.4,1.0,4.2,5.7,None,N/A,0,Easy,No,0,Yes,None,N/A,0
1992,37,Non-binary,USA,Cybersecurity,CTO/VP Engineering,Startup (1–50),2,$75k–$100k,Remote,Was already remote,4.2,7.3,4.3,7.2,3.1,7.1,9.2,2.5,4.4,2.4,9.3,None,N/A,0,Moderate,No,0,Yes,None,N/A,0
1993,40,Female,UK,AI/ML startup,Full-Stack Developer,Medium (201–1 000),7,$100k–$150k,In-person,Yes,3.4,5.7,11.1,9.3,2.4,5.6,4.7,8.6,2.7,5.1,6.8,None,N/A,0,Difficult,No,0,Yes,None,N/A,0
1994,37,Male,South Africa,Cybersecurity,Mobile Developer,Startup (1–50),2,$75k–$100k,Remote,Yes,5.0,6.7,0.4,6.6,4.3,5.5,6.3,4.6,3.1,4.3,8.7,None,N/A,0,Moderate,No,0,Yes,None,N/A,0
1995,34,Female,USA,HealthTech,Engineering Manager,Small (51–200),0,>$200k,Hybrid,No,6.7,5.8,7.5,4.4,1.9,4.2,6.9,7.2,2.9,7.2,5.2,None,N/A,0,Difficult,Don't know,0,Yes,None,N/A,0
1996,40,Female,USA,Consulting/Agency,ML/AI Engineer,Small (51–200),4,$50k–$75k,Hybrid,Was already remote,8.6,5.9,0.2,5.4,8.0,7.1,8.2,5.5,5.2,4.6,6.9,None,N/A,0,Easy,Yes,0,No,None,N/A,0
1997,31,Female,Canada,E-commerce,Full-Stack Developer,Enterprise (5 000+),0,>$200k,In-person,Yes,5.8,6.7,0.0,9.0,5.7,6.3,8.3,9.4,1.8,7.1,5.5,Anxiety,Not sure / undiagnosed,0,Easy,Yes,0,Yes,None,No,1
1998,25,Male,Japan,FinTech,Security Engineer,Large (1 001–5 000),4,<$50k,Remote,No,6.0,8.8,4.5,8.9,5.0,5.7,9.8,5.0,1.7,4.6,10.0,None,N/A,0,Easy,Don't know,0,Yes,None,N/A,0
1999,30,Female,UK,Consulting/Agency,Security Engineer,Startup (1–50),8,$100k–$150k,Hybrid,Yes,7.7,6.6,4.7,5.4,6.7,4.6,6.1,5.5,4.2,7.6,5.3,None,N/A,0,Easy,Yes,0,No,None,N/A,0
2000,26,Male,France,HealthTech,Data Analyst,Medium (201–1 000),14,$75k–$100k,Hybrid,Was already remote,5.1,7.2,1.2,4.9,7.4,4.7,6.4,10.0,6.5,6.8,6.8,None,N/A,0,Easy,Yes,0,Yes,None,N/A,0
2001,26,Non-binary,Japan,Cybersecurity,Security Engineer,Small (51–200),0,$100k–$150k,Hybrid,No,5.7,7.2,5.1,7.8,6.0,5.8,7.8,7.9,1.0,2.6,6.4,None,N/A,0,Moderate,Don't know,0,Yes,None,N/A,0
2002,30,Male,USA,Gaming,Backend Developer,Small (51–200),1,$50k–$75k,Remote,No,6.1,5.9,5.3,4.8,5.9,8.2,7.1,5.3,3.1,3.9,9.5,Anxiety & Depression,Formally diagnosed,0,Easy,Yes,0,Yes,1–2 weeks,Yes,1
2003,26,Male,UK,FinTech,Product Manager,Startup (1–50),5,$150k–$200k,In-person,Was already remote,5.1,8.5,3.9,6.5,3.3,6.3,8.4,6.0,2.1,5.0,5.3,Anxiety & Depression,Formally diagnosed,0,Difficult,Don't know,0,No,>2 weeks,Partially,1
2004,29,Female,UK,SaaS/Software,Cloud Architect,Large (1 001–5 000),2,$50k–$75k,Hybrid,No,6.9,6.8,0.0,1.3,4.5,6.9,8.2,7.3,3.4,3.0,5.9,None,N/A,1,Difficult,Don't know,0,No,None,N/A,0
2005,18,Female,Brazil,Consulting/Agency,Data Analyst,Enterprise (5 000+),3,$100k–$150k,Hybrid,Was already remote,6.2,6.3,3.5,9.3,7.2,4.2,9.2,4.9,3.7,4.1,9.7,None,N/A,0,Easy,Don't know,0,No,None,N/A,0
2006,33,Female,USA,HealthTech,ML/AI Engineer,Small (51–200),0,<$50k,Remote,Yes,6.3,7.2,9.1,6.8,5.8,5.6,7.9,5.6,5.1,7.2,6.3,Anxiety & Burnout,Self-reported,1,Easy,Yes,0,No,>2 weeks,No,1
2007,32,Male,USA,AI/ML startup,Cloud Architect,Small (51–200),6,$75k–$100k,Hybrid,No,4.2,8.5,3.6,5.5,8.4,6.9,8.9,6.2,3.7,5.1,7.3,Anxiety,Formally diagnosed,1,Difficult,Yes,1,Yes,1–3 days,Yes,1
2008,25,Male,Australia,Consulting/Agency,Frontend Developer,Small (51–200),11,$50k–$75k,Remote,Yes,7.5,6.6,0.9,7.1,7.6,2.9,6.6,7.0,2.1,7.5,5.4,Depression,Formally diagnosed,1,Difficult,Don't know,0,No,1–3 days,Yes,1
2009,36,Prefer not to say,Germany,Consulting/Agency,Full-Stack Developer,Enterprise (5 000+),20,>$200k,In-person,Was already remote,9.0,5.9,1.8,7.6,1.9,3.4,6.8,7.6,4.6,9.1,5.0,Burnout,Formally diagnosed,1,Moderate,No,0,No,1–2 weeks,Partially,1
2010,39,Female,Canada,Government/Public sector,Security Engineer,Startup (1–50),9,<$50k,In-person,No,7.3,6.3,16.8,3.1,6.8,3.7,10.0,3.6,4.9,9.2,5.7,Depression,Formally diagnosed,1,No access,Yes,0,No,>2 weeks,No,1
2011,19,Female,Germany,Cybersecurity,QA/Test Engineer,Medium (201–1 000),0,$75k–$100k,Hybrid,Was already remote,4.6,7.7,2.3,4.8,5.8,8.2,7.7,5.5,2.3,6.3,6.0,Depression,Formally diagnosed,0,Moderate,Yes,0,Yes,1–3 days,Yes,1
2012,26,Male,USA,Big Tech,ML/AI Engineer,Enterprise (5 000+),5,$75k–$100k,Remote,Yes,3.2,7.7,7.0,5.7,2.1,8.6,8.9,6.7,2.0,3.6,7.5,None,N/A,0,Difficult,Yes,0,Yes,None,N/A,0
2013,26,Male,Canada,Consulting/Agency,Product Manager,Small (51–200),3,$100k–$150k,In-person,Yes,5.8,6.9,0.3,3.8,1.7,6.0,9.6,8.8,5.5,3.6,8.2,Burnout,Not sure / undiagnosed,0,Difficult,No,0,Yes,1–2 weeks,No,1
2014,24,Female,Canada,HealthTech,Frontend Developer,Medium (201–1 000),15,<$50k,Hybrid,No,7.1,6.2,0.0,5.5,4.4,5.5,10.0,6.7,1.0,5.1,7.4,ADHD,Not sure / undiagnosed,0,Difficult,Yes,0,No,>2 weeks,Partially,1
2015,38,Female,Ireland,Cybersecurity,Backend Developer,Startup (1–50),12,$150k–$200k,Hybrid,Yes,4.8,7.2,1.8,5.6,5.1,7.0,6.8,8.1,5.3,4.3,8.0,None,N/A,0,Moderate,No,0,Yes,None,N/A,0
2016,30,Male,USA,Gaming,Mobile Developer,Large (1 001–5 000),24,$100k–$150k,Remote,Yes,5.4,5.2,0.4,4.9,7.4,6.3,6.6,5.5,2.1,6.7,5.8,Burnout,Formally diagnosed,1,Moderate,No,0,Yes,1–3 days,No,1
2017,30,Female,Singapore,AI/ML startup,Engineering Manager,Small (51–200),10,$100k–$150k,Remote,Was already remote,8.0,7.5,0.6,5.3,3.7,7.2,5.5,8.6,3.6,3.9,7.7,None,N/A,0,Moderate,Yes,0,No,None,N/A,0
2018,18,Female,India,AI/ML startup,Security Engineer,Enterprise (5 000+),4,$75k–$100k,Remote,Yes,3.1,7.3,4.9,5.8,9.2,6.1,6.1,6.1,1.8,5.3,6.5,None,N/A,0,Easy,Yes,0,Yes,None,N/A,0
2019,36,Male,USA,Consulting/Agency,DevOps/SRE,Enterprise (5 000+),6,$100k–$150k,In-person,Yes,6.6,5.3,1.6,3.1,7.2,3.6,7.6,8.2,2.9,7.2,6.0,Depression,Self-reported,0,Easy,Yes,0,Yes,None,No,1
2020,22,Male,France,SaaS/Software,Data Scientist,Large (1 001–5 000),18,$75k–$100k,Remote,Was already remote,4.1,6.7,1.6,7.9,5.6,7.0,10.0,6.4,1.0,4.1,7.3,None,N/A,0,Difficult,Yes,0,Yes,None,N/A,0
2021,32,Male,USA,Cybersecurity,Data Analyst,Medium (201–1 000),4,$75k–$100k,Remote,Yes,7.5,7.1,7.1,7.2,6.6,6.3,8.5,8.1,3.3,9.9,4.7,Anxiety,Not sure / undiagnosed,0,Moderate,Yes,0,No,4–7 days,Yes,1
2022,34,Female,Argentina,Gaming,Data Scientist,Large (1 001–5 000),10,$50k–$75k,In-person,No,7.4,8.0,0.0,5.6,9.6,6.5,7.1,6.0,1.0,4.6,5.7,None,N/A,0,No access,Don't know,0,No,None,N/A,0
2023,42,Male,Singapore,E-commerce,Security Engineer,Startup (1–50),15,$150k–$200k,Hybrid,Was already remote,5.9,7.2,5.6,6.4,5.4,4.8,9.6,7.1,2.4,7.0,8.3,None,N/A,0,Easy,Yes,0,No,None,N/A,0
2024,22,Male,USA,Government/Public sector,ML/AI Engineer,Small (51–200),4,$50k–$75k,Hybrid,Was already remote,6.5,7.2,3.0,6.3,5.5,5.7,10.0,6.4,4.2,5.1,8.6,None,N/A,0,Easy,No,0,Yes,None,N/A,0
2025,18,Female,USA,SaaS/Software,Backend Developer,Startup (1–50),0,$50k–$75k,Remote,No,4.4,6.5,0.3,10.0,6.9,7.2,8.6,6.8,1.6,5.5,5.9,Anxiety & Burnout,Formally diagnosed,1,Difficult,No,0,Yes,>2 weeks,Yes,1
2026,33,Male,UK,E-commerce,Software Engineer,Large (1 001–5 000),0,$100k–$150k,In-person,Was already remote,7.5,8.4,0.0,5.0,3.5,3.9,7.0,7.8,3.1,4.4,6.3,None,N/A,0,Moderate,Don't know,0,No,None,N/A,0
2027,45,Male,UK,Government/Public sector,Engineering Manager,Large (1 001–5 000),0,$75k–$100k,Remote,Yes,6.7,6.2,0.2,6.9,5.8,7.0,6.4,7.8,3.4,5.2,6.4,None,N/A,0,Difficult,Yes,0,No,None,N/A,0
2028,41,Male,UK,AI/ML startup,Frontend Developer,Enterprise (5 000+),3,$100k–$150k,Remote,Yes,5.9,6.7,13.0,1.8,4.5,5.1,9.1,4.2,5.7,6.2,4.2,Anxiety & Depression,Formally diagnosed,0,Difficult,Don't know,1,Yes,>2 weeks,No,1
2029,33,Male,UK,E-commerce,QA/Test Engineer,Large (1 001–5 000),3,$100k–$150k,Hybrid,No,4.6,7.0,0.4,6.9,7.6,6.2,10.0,8.6,3.9,6.0,5.9,Anxiety,Self-reported,0,Moderate,Don't know,0,Yes,>2 weeks,No,1
2030,28,Female,India,SaaS/Software,Engineering Manager,Large (1 001–5 000),5,$75k–$100k,Hybrid,Was already remote,6.2,8.3,4.4,5.5,5.7,6.4,9.2,4.1,1.0,4.8,5.8,None,N/A,0,Difficult,No,0,No,None,N/A,0
2031,38,Male,USA,Government/Public sector,Data Scientist,Enterprise (5 000+),3,$75k–$100k,Hybrid,No,5.3,7.1,1.7,7.0,7.5,6.6,6.5,7.1,3.7,5.9,6.9,Anxiety & Burnout,Formally diagnosed,1,Difficult,Don't know,0,No,None,No,1
2032,24,Female,Japan,SaaS/Software,Full-Stack Developer,Enterprise (5 000+),19,$75k–$100k,Hybrid,No,7.4,7.2,0.3,6.7,5.4,5.7,8.3,4.4,3.4,3.7,7.4,None,N/A,1,Easy,Don't know,0,No,None,N/A,0
2033,35,Female,Sweden,SaaS/Software,Mobile Developer,Medium (201–1 000),1,$100k–$150k,Hybrid,Was already remote,9.0,5.4,1.9,6.3,2.9,3.3,5.3,8.5,2.6,8.0,4.0,Anxiety,Self-reported,0,No access,No,0,Yes,None,No,1
2034,35,Male,Canada,Government/Public sector,Security Engineer,Startup (1–50),11,>$200k,Remote,No,7.2,6.8,1.0,6.7,9.0,7.6,4.0,8.3,2.9,5.3,4.6,Depression,Self-reported,0,Moderate,Yes,0,No,1–2 weeks,Yes,1
2035,39,Male,Japan,Gaming,Product Manager,Medium (201–1 000),0,$75k–$100k,Hybrid,Was already remote,5.4,6.2,1.2,7.9,4.1,6.0,8.1,6.8,2.1,6.2,7.3,ADHD,Self-reported,1,Moderate,Yes,0,No,1–3 days,No,1
2036,52,Male,USA,AI/ML startup,Data Scientist,Medium (201–1 000),5,$100k–$150k,Remote,No,8.6,5.4,0.0,5.9,6.0,3.5,8.4,5.2,2.8,9.9,6.1,Anxiety & Depression,Formally diagnosed,0,Easy,Yes,0,No,None,No,1
2037,34,Male,USA,Consulting/Agency,ML/AI Engineer,Large (1 001–5 000),5,$100k–$150k,Hybrid,No,5.3,7.5,2.1,5.8,6.5,4.5,7.1,10.0,4.2,5.5,5.4,Anxiety & Burnout,Self-reported,1,Moderate,No,0,No,4–7 days,No,1
2038,28,Female,India,Big Tech,Frontend Developer,Enterprise (5 000+),8,$150k–$200k,In-person,Yes,6.5,6.2,0.2,8.3,7.6,3.2,6.6,5.9,5.1,7.0,6.8,Anxiety,Self-reported,1,Easy,Don't know,0,Yes,4–7 days,No,1
2039,31,Female,Canada,FinTech,Frontend Developer,Enterprise (5 000+),3,$150k–$200k,In-person,Was already remote,5.3,6.1,6.6,6.7,8.8,4.0,9.2,5.4,1.6,4.7,7.0,Anxiety,Formally diagnosed,1,Moderate,Yes,0,No,None,Yes,1
2040,18,Male,Germany,Consulting/Agency,Data Analyst,Medium (201–1 000),1,<$50k,Remote,No,6.0,8.0,2.8,5.0,5.2,6.1,7.9,1.0,1.8,4.1,6.7,None,N/A,0,Difficult,Don't know,0,No,None,N/A,0
2041,26,Male,Ireland,E-commerce,Software Engineer,Startup (1–50),2,$75k–$100k,Remote,Was already remote,2.9,6.4,0.8,7.2,4.0,4.2,9.0,3.8,1.6,5.4,6.0,Burnout,Self-reported,1,Easy,Yes,1,No,>2 weeks,No,1
2042,28,Male,New Zealand,Government/Public sector,CTO/VP Engineering,Small (51–200),1,$150k–$200k,Hybrid,Was already remote,3.8,9.2,2.5,5.9,1.2,7.7,7.6,8.8,3.7,4.5,5.9,None,N/A,0,No access,Yes,0,No,None,N/A,0
2043,28,Female,India,Gaming,Data Analyst,Small (51–200),2,$100k–$150k,Hybrid,No,5.9,7.8,3.2,3.8,5.5,7.7,9.1,6.1,1.0,3.7,7.2,None,N/A,0,No access,Yes,0,Yes,None,N/A,0
2044,33,Male,Netherlands,Gaming,Engineering Manager,Medium (201–1 000),4,$50k–$75k,Remote,Was already remote,6.5,8.4,6.5,7.2,1.1,7.8,7.1,5.6,2.9,4.3,7.5,None,N/A,0,Difficult,No,0,No,None,N/A,0
2045,25,Male,USA,E-commerce,Cloud Architect,Enterprise (5 000+),5,$75k–$100k,Remote,No,5.8,5.9,0.0,5.6,3.7,4.8,7.2,7.7,3.9,5.8,6.9,None,N/A,0,Difficult,Don't know,0,No,None,N/A,0
2046,40,Male,USA,Cybersecurity,Cloud Architect,Medium (201–1 000),10,$75k–$100k,Remote,Yes,7.6,7.0,1.4,2.9,5.6,6.8,7.6,5.3,3.4,6.8,7.2,Other,Self-reported,1,Difficult,Yes,0,Yes,None,No,1
2047,32,Female,France,SaaS/Software,Security Engineer,Medium (201–1 000),13,$150k–$200k,Remote,No,2.2,7.7,5.1,3.9,8.8,9.2,7.6,4.2,2.8,4.6,9.3,None,N/A,0,Easy,Yes,0,Yes,None,N/A,0
2048,31,Female,Canada,FinTech,DevOps/SRE,Small (51–200),3,$100k–$150k,Remote,Yes,6.9,7.4,0.2,7.6,5.4,9.0,7.1,7.3,2.8,4.1,4.1,None,N/A,0,Difficult,No,0,No,None,N/A,0
2049,29,Male,Canada,E-commerce,QA/Test Engineer,Medium (201–1 000),0,$100k–$150k,Remote,No,8.4,5.5,0.0,6.8,7.4,3.9,7.1,7.4,4.7,6.3,6.2,Anxiety,Not sure / undiagnosed,1,Moderate,No,0,Yes,1–3 days,Yes,1
2050,33,Male,USA,E-commerce,Backend Developer,Enterprise (5 000+),8,$75k–$100k,Remote,Was already remote,7.4,7.5,1.7,6.1,5.9,7.0,7.9,7.6,5.2,6.4,6.9,None,N/A,0,Difficult,No,0,No,None,N/A,0
2051,38,Prefer not to say,India,Big Tech,ML/AI Engineer,Large (1 001–5 000),3,<$50k,Hybrid,Was already remote,7.2,7.0,6.9,7.3,5.8,5.0,7.7,3.4,3.5,4.7,7.7,None,N/A,0,Moderate,Yes,0,Yes,None,N/A,0
2052,25,Male,USA,Consulting/Agency,Engineering Manager,Startup (1–50),4,$50k–$75k,Hybrid,No,7.8,6.0,1.0,7.5,7.8,6.0,5.3,7.9,4.5,6.8,3.3,None,N/A,0,Easy,Yes,0,Yes,None,N/A,0
2053,27,Female,India,E-commerce,ML/AI Engineer,Enterprise (5 000+),4,$100k–$150k,Remote,Was already remote,3.8,5.4,2.6,7.9,6.4,6.4,6.2,7.5,1.0,4.1,7.6,Depression,Formally diagnosed,1,Difficult,Yes,1,No,1–3 days,No,1
2054,29,Male,USA,Cybersecurity,Backend Developer,Small (51–200),6,$50k–$75k,Hybrid,No,3.8,8.2,3.9,7.8,4.9,7.1,8.4,7.1,1.0,9.2,3.9,ADHD,Formally diagnosed,1,Easy,Don't know,0,Yes,1–2 weeks,No,1
2055,21,Female,USA,E-commerce,Backend Developer,Large (1 001–5 000),12,$50k–$75k,Remote,No,5.4,6.6,1.2,5.3,8.3,9.5,6.0,7.3,2.8,4.4,7.8,None,N/A,0,Easy,Yes,0,Yes,None,N/A,0
2056,25,Male,UK,E-commerce,Backend Developer,Startup (1–50),16,$75k–$100k,Hybrid,Was already remote,5.8,5.7,6.8,1.9,4.7,4.8,10.0,7.3,1.9,6.6,5.0,Anxiety,Self-reported,1,Easy,Yes,1,No,4–7 days,No,1
2057,28,Non-binary,USA,Consulting/Agency,Software Engineer,Large (1 001–5 000),15,$150k–$200k,Hybrid,No,6.3,6.0,11.1,5.3,3.7,4.0,5.0,5.0,2.5,6.5,4.1,Anxiety,Formally diagnosed,0,Difficult,No,0,No,None,Partially,1
2058,38,Female,Ireland,E-commerce,Backend Developer,Startup (1–50),9,$50k–$75k,Remote,Yes,3.8,7.8,4.0,10.0,3.4,6.2,9.5,4.5,1.9,6.1,5.7,Burnout,Self-reported,0,Moderate,Yes,0,Yes,1–2 weeks,No,1
2059,33,Female,USA,Cybersecurity,Backend Developer,Large (1 001–5 000),12,$100k–$150k,Remote,Was already remote,5.5,6.5,3.4,7.8,5.0,7.4,7.2,7.8,2.3,6.0,5.7,None,N/A,1,Moderate,Yes,1,No,None,N/A,0
2060,33,Female,USA,Consulting/Agency,Data Scientist,Large (1 001–5 000),0,$150k–$200k,Hybrid,Yes,7.7,6.4,3.2,5.6,6.0,6.1,9.4,6.2,4.4,7.1,5.5,Depression,Formally diagnosed,0,Difficult,Yes,0,Yes,1–3 days,Partially,1
2061,38,Female,Germany,HealthTech,Security Engineer,Small (51–200),10,$75k–$100k,Remote,Was already remote,5.4,7.0,0.7,5.5,6.5,4.0,8.7,9.6,4.4,6.7,5.1,ADHD,Self-reported,0,Moderate,Don't know,0,No,1–3 days,No,1
2062,30,Male,Canada,AI/ML startup,Full-Stack Developer,Enterprise (5 000+),0,$75k–$100k,Remote,Yes,3.1,6.1,5.1,8.8,5.4,7.1,10.0,5.7,2.2,2.1,8.2,None,N/A,0,Moderate,No,0,No,None,N/A,0
2063,34,Female,USA,AI/ML startup,Frontend Developer,Startup (1–50),7,$150k–$200k,Hybrid,No,3.2,7.9,2.0,4.2,5.1,7.6,7.9,6.5,2.3,4.5,6.3,None,N/A,0,Difficult,Yes,0,Yes,None,N/A,0
2064,31,Non-binary,USA,SaaS/Software,Backend Developer,Enterprise (5 000+),1,$100k–$150k,Remote,No,7.8,6.9,16.8,7.6,6.4,6.3,5.1,4.2,2.4,7.0,5.0,Anxiety,Formally diagnosed,0,Moderate,Don't know,0,Yes,None,Partially,1
2065,33,Male,Italy,FinTech,Data Scientist,Medium (201–1 000),2,$150k–$200k,In-person,Yes,8.7,8.3,3.9,3.7,7.9,4.8,5.2,4.5,6.4,6.9,3.2,Burnout,Self-reported,1,Moderate,Don't know,0,No,None,No,1
2066,27,Non-binary,Australia,Gaming,DevOps/SRE,Large (1 001–5 000),1,$75k–$100k,Hybrid,Was already remote,4.6,7.6,3.2,8.5,1.0,8.2,6.3,5.3,2.0,5.5,7.6,None,N/A,0,Easy,Yes,0,Yes,None,N/A,0
2067,18,Female,UK,Big Tech,Frontend Developer,Large (1 001–5 000),3,>$200k,Hybrid,No,7.5,6.6,7.8,6.3,1.9,5.1,6.9,4.4,1.0,7.0,5.6,Anxiety,Not sure / undiagnosed,0,Moderate,Yes,0,Yes,None,No,1
2068,30,Female,Canada,Cybersecurity,QA/Test Engineer,Small (51–200),2,$50k–$75k,Hybrid,Yes,7.1,4.5,11.7,8.2,7.7,6.1,5.3,8.2,4.2,7.4,5.4,Depression,Formally diagnosed,0,Moderate,Don't know,0,No,1–3 days,Yes,1
2069,42,Male,USA,AI/ML startup,Frontend Developer,Small (51–200),0,>$200k,In-person,Was already remote,3.4,7.9,6.4,5.5,5.0,4.7,8.7,8.2,3.0,5.4,7.5,Depression,Formally diagnosed,1,Moderate,No,0,No,4–7 days,No,1
2070,38,Male,UK,HealthTech,Software Engineer,Medium (201–1 000),9,>$200k,Remote,No,6.9,8.4,4.4,10.0,7.5,8.3,6.7,2.6,2.6,6.5,7.1,ADHD,Not sure / undiagnosed,1,Easy,Yes,0,Yes,1–3 days,Yes,1
2071,39,Male,India,Cybersecurity,Backend Developer,Large (1 001–5 000),10,$100k–$150k,Hybrid,Was already remote,7.2,5.7,0.0,6.9,3.1,3.8,9.4,4.7,3.7,7.7,7.0,Anxiety & Depression,Not sure / undiagnosed,0,Difficult,Yes,0,Yes,4–7 days,No,1
2072,41,Male,Singapore,Consulting/Agency,Mobile Developer,Enterprise (5 000+),8,$100k–$150k,Hybrid,Was already remote,5.5,5.1,4.2,7.5,5.8,5.3,7.4,5.5,1.2,3.6,6.4,None,N/A,0,Moderate,Yes,0,No,None,N/A,0
2073,32,Male,USA,HealthTech,Frontend Developer,Startup (1–50),10,$150k–$200k,In-person,Yes,5.3,6.0,1.4,8.6,3.2,5.5,8.6,7.4,1.4,6.6,7.7,None,N/A,0,Difficult,No,0,Yes,None,N/A,0
2074,33,Male,Brazil,Cybersecurity,Mobile Developer,Medium (201–1 000),7,$75k–$100k,Hybrid,No,6.4,7.3,8.9,9.7,6.5,5.1,8.3,5.8,1.5,7.2,5.4,Anxiety,Self-reported,1,Easy,No,0,Yes,None,No,1
2075,27,Male,USA,AI/ML startup,DevOps/SRE,Large (1 001–5 000),15,$100k–$150k,Hybrid,Was already remote,4.6,6.5,3.4,5.9,5.2,7.0,8.7,1.3,4.6,4.5,7.9,Depression & Burnout,Formally diagnosed,1,No access,Yes,1,Yes,None,No,1
2076,29,Prefer not to say,USA,Gaming,Software Engineer,Medium (201–1 000),4,>$200k,Hybrid,Was already remote,8.1,5.3,0.8,6.7,2.8,3.2,5.9,3.7,2.8,7.6,5.3,Anxiety,Self-reported,1,Moderate,Yes,1,No,None,Yes,1
2077,36,Male,USA,Government/Public sector,CTO/VP Engineering,Enterprise (5 000+),4,<$50k,Remote,Yes,6.0,6.9,1.2,7.1,7.0,4.0,7.9,9.2,1.2,7.2,3.9,None,N/A,0,Easy,Don't know,0,Yes,None,N/A,0
2078,41,Male,USA,Big Tech,Backend Developer,Startup (1–50),10,>$200k,Remote,Was already remote,5.2,7.0,2.8,8.8,6.9,5.4,9.9,5.1,2.7,5.4,6.0,Anxiety,Self-reported,0,Easy,No,0,No,>2 weeks,Yes,1
2079,30,Male,Spain,Big Tech,Data Analyst,Medium (201–1 000),2,$150k–$200k,In-person,No,5.7,8.2,2.2,8.1,5.2,7.0,9.0,7.5,1.0,5.1,6.8,Depression,Self-reported,1,Moderate,Yes,1,Yes,1–2 weeks,No,1
2080,28,Male,Canada,Cybersecurity,Frontend Developer,Large (1 001–5 000),0,$150k–$200k,Remote,Yes,7.8,5.7,1.0,3.0,4.8,3.2,8.6,7.9,3.6,10.0,5.4,Depression,Not sure / undiagnosed,0,Moderate,Don't know,0,Yes,1–3 days,Partially,1
2081,32,Female,USA,AI/ML startup,Backend Developer,Small (51–200),7,<$50k,Remote,Yes,5.7,6.8,0.6,3.8,7.7,7.2,6.8,3.9,4.2,5.6,6.6,Depression,Formally diagnosed,1,Moderate,No,0,Yes,None,No,1
2082,36,Female,South Africa,HealthTech,Data Analyst,Large (1 001–5 000),1,$50k–$75k,Hybrid,No,5.2,4.5,5.5,7.8,6.5,7.5,10.0,6.4,1.9,5.2,7.0,Depression,Formally diagnosed,1,Easy,Yes,1,Yes,None,Partially,1
2083,21,Female,Singapore,AI/ML startup,Software Engineer,Startup (1–50),3,>$200k,Hybrid,Was already remote,3.1,6.6,2.5,9.6,5.8,7.0,8.6,9.6,1.0,3.7,9.0,None,N/A,0,Moderate,Yes,0,No,None,N/A,0
2084,18,Male,Netherlands,AI/ML startup,Product Manager,Medium (201–1 000),1,$50k–$75k,Hybrid,Yes,6.3,6.8,0.0,5.5,3.4,4.4,9.2,7.1,1.1,6.6,4.5,Anxiety,Formally diagnosed,1,Moderate,Don't know,0,No,None,No,1
2085,27,Female,Mexico,E-commerce,Full-Stack Developer,Large (1 001–5 000),9,$100k–$150k,Remote,Was already remote,5.5,6.4,0.2,7.5,9.8,5.6,9.9,6.7,1.2,4.8,7.6,None,N/A,0,Moderate,Yes,0,No,None,N/A,0
2086,22,Male,USA,Government/Public sector,Product Manager,Small (51–200),17,$150k–$200k,Remote,No,3.8,4.6,1.3,5.5,5.7,8.7,6.4,6.5,2.3,5.7,6.1,Depression,Not sure / undiagnosed,0,Difficult,Yes,0,Yes,>2 weeks,No,1
2087,28,Male,Brazil,E-commerce,Mobile Developer,Startup (1–50),0,$75k–$100k,Remote,Yes,6.8,7.1,2.3,6.7,9.2,6.1,7.6,8.7,2.9,3.6,7.3,ADHD,Formally diagnosed,0,Difficult,Don't know,0,No,None,Yes,1
2088,30,Male,Australia,HealthTech,Engineering Manager,Enterprise (5 000+),1,$100k–$150k,Hybrid,Was already remote,4.0,7.6,0.8,5.0,4.7,6.7,6.9,10.0,3.9,5.3,4.7,Burnout,Not sure / undiagnosed,0,Difficult,Don't know,0,Yes,4–7 days,No,1
2089,28,Male,Singapore,Government/Public sector,Engineering Manager,Enterprise (5 000+),1,<$50k,In-person,No,4.8,5.8,0.9,5.4,5.1,5.5,7.9,2.8,2.1,6.5,6.0,None,N/A,0,Difficult,Don't know,0,Yes,None,N/A,0
2090,42,Male,Sweden,AI/ML startup,Data Analyst,Enterprise (5 000+),6,$100k–$150k,In-person,No,6.8,7.2,1.9,6.1,4.8,5.2,9.2,10.0,1.0,5.7,6.9,Depression & Burnout,Formally diagnosed,1,No access,Don't know,0,Yes,1–3 days,Yes,1
2091,34,Male,UK,Gaming,Security Engineer,Enterprise (5 000+),3,$75k–$100k,Remote,Yes,6.8,5.0,0.3,6.9,6.2,6.4,5.5,7.5,4.5,4.9,5.2,None,N/A,0,Difficult,Yes,0,Yes,None,N/A,0
2092,34,Prefer not to say,Netherlands,HealthTech,ML/AI Engineer,Small (51–200),3,$100k–$150k,Remote,Yes,6.1,5.7,6.5,9.3,5.8,7.7,7.8,7.9,4.7,6.0,6.1,None,N/A,0,No access,Yes,0,Yes,None,N/A,0
2093,36,Male,USA,Cybersecurity,Full-Stack Developer,Small (51–200),0,$150k–$200k,Hybrid,No,5.5,8.2,3.0,4.8,7.2,5.3,8.6,5.9,1.0,7.9,5.1,None,N/A,0,Difficult,Yes,0,No,None,N/A,0
2094,23,Male,UK,Cybersecurity,Mobile Developer,Startup (1–50),2,$50k–$75k,Remote,Was already remote,5.1,8.2,0.3,9.2,5.4,5.4,10.0,10.0,3.0,1.1,8.7,None,N/A,0,Moderate,No,0,Yes,None,N/A,0
2095,39,Male,USA,Cybersecurity,Full-Stack Developer,Enterprise (5 000+),1,$100k–$150k,Hybrid,Yes,4.4,7.7,0.7,7.8,6.6,6.4,6.2,6.5,4.7,5.9,4.3,None,N/A,0,Easy,Yes,1,No,None,N/A,0
2096,31,Female,Mexico,FinTech,DevOps/SRE,Large (1 001–5 000),5,$100k–$150k,Remote,Was already remote,5.5,6.0,0.6,5.2,6.9,6.5,8.4,6.7,2.0,7.2,4.2,Anxiety & Depression,Formally diagnosed,1,Moderate,No,0,No,1–3 days,No,1
2097,37,Male,USA,Government/Public sector,DevOps/SRE,Large (1 001–5 000),1,$75k–$100k,Remote,No,7.9,6.7,2.7,5.1,3.0,5.9,6.5,5.0,4.4,5.3,6.5,None,N/A,0,No access,Don't know,0,No,None,N/A,0
2098,23,Female,Germany,AI/ML startup,Cloud Architect,Enterprise (5 000+),5,$100k–$150k,Remote,No,4.0,7.6,0.7,4.1,3.7,9.8,9.6,4.3,3.3,6.0,6.0,None,N/A,0,Moderate,Yes,0,Yes,None,N/A,0
2099,20,Prefer not to say,UK,AI/ML startup,Backend Developer,Medium (201–1 000),2,$150k–$200k,Hybrid,Was already remote,1.4,5.7,1.2,4.9,3.4,6.4,9.7,4.7,1.1,4.2,8.7,None,N/A,0,Moderate,Yes,0,No,None,N/A,0
2100,38,Male,South Africa,Government/Public sector,Frontend Developer,Startup (1–50),2,>$200k,Remote,Yes,4.7,5.7,4.7,3.5,7.2,8.1,8.8,8.4,5.4,3.1,8.6,Burnout,Formally diagnosed,1,Moderate,Yes,1,Yes,4–7 days,Partially,1
2101,34,Male,UK,E-commerce,Cloud Architect,Small (51–200),2,<$50k,Hybrid,Was already remote,8.7,7.2,1.2,6.4,8.1,4.5,6.7,8.7,2.4,7.7,3.6,Other,Formally diagnosed,1,Difficult,Don't know,0,No,1–3 days,No,1
2102,25,Male,Netherlands,Cybersecurity,Product Manager,Startup (1–50),6,$150k–$200k,Hybrid,Was already remote,5.3,3.9,6.5,5.6,4.9,7.0,9.4,8.3,6.8,6.1,7.4,Burnout,Not sure / undiagnosed,0,Moderate,Yes,0,No,None,Partially,1
2103,25,Female,Japan,E-commerce,QA/Test Engineer,Small (51–200),4,$100k–$150k,Hybrid,Yes,6.0,6.7,5.2,5.0,7.0,6.1,9.3,6.3,6.7,5.0,8.1,Anxiety,Formally diagnosed,1,Moderate,Yes,1,No,None,No,1
2104,40,Male,Canada,E-commerce,CTO/VP Engineering,Medium (201–1 000),10,>$200k,In-person,No,6.1,6.5,0.8,8.7,4.9,5.9,6.9,8.1,2.8,7.5,5.5,None,N/A,0,No access,Yes,0,No,None,N/A,0
2105,23,Male,UK,Cybersecurity,ML/AI Engineer,Large (1 001–5 000),1,$50k–$75k,Hybrid,Yes,4.8,6.0,0.8,6.7,7.2,7.1,6.0,5.1,6.7,4.7,9.9,None,N/A,0,Moderate,No,0,No,None,N/A,0
2106,44,Male,France,Consulting/Agency,Engineering Manager,Small (51–200),0,$150k–$200k,In-person,No,8.4,6.1,1.6,7.0,10.0,3.6,7.3,6.5,3.0,8.1,5.0,Depression,Not sure / undiagnosed,1,Easy,Don't know,0,No,None,Partially,1
2107,25,Female,Spain,AI/ML startup,CTO/VP Engineering,Large (1 001–5 000),1,>$200k,Remote,No,5.6,6.7,0.1,8.4,9.0,3.3,7.3,5.5,1.0,5.5,4.4,Anxiety,Formally diagnosed,0,Difficult,No,0,Yes,None,Partially,1
2108,36,Male,Netherlands,FinTech,QA/Test Engineer,Medium (201–1 000),2,>$200k,In-person,Was already remote,7.9,6.3,2.7,4.2,8.6,5.9,6.1,5.2,5.3,6.2,5.9,None,N/A,0,Easy,Don't know,0,No,None,N/A,0
2109,29,Male,USA,Cybersecurity,Mobile Developer,Enterprise (5 000+),1,$100k–$150k,Remote,Yes,6.1,6.4,0.0,6.0,9.5,3.1,8.5,6.8,4.1,5.2,7.3,None,N/A,0,Difficult,Don't know,0,Yes,None,N/A,0
2110,36,Female,Ireland,Gaming,Backend Developer,Large (1 001–5 000),0,$75k–$100k,Remote,No,6.2,7.2,5.4,8.4,6.9,5.5,10.0,7.6,2.2,7.8,6.0,Depression,Not sure / undiagnosed,0,Easy,Don't know,0,Yes,None,No,1
2111,27,Female,UK,Cybersecurity,Data Analyst,Enterprise (5 000+),3,$100k–$150k,Hybrid,No,4.1,7.8,8.0,3.7,8.1,5.0,7.5,6.0,5.2,6.0,3.3,None,N/A,0,No access,Yes,0,Yes,None,N/A,0
2112,30,Female,Germany,Big Tech,Engineering Manager,Small (51–200),6,$75k–$100k,Hybrid,No,7.8,5.2,18.7,7.0,4.9,6.5,6.2,7.6,2.4,5.7,5.5,Anxiety,Formally diagnosed,0,Difficult,Yes,0,No,1–3 days,Partially,1
2113,32,Male,Brazil,Big Tech,Mobile Developer,Startup (1–50),7,$75k–$100k,In-person,Yes,5.7,7.7,1.3,9.2,7.3,7.7,6.4,6.5,4.5,4.8,7.0,None,N/A,0,Difficult,No,0,No,None,N/A,0
2114,24,Female,USA,HealthTech,Cloud Architect,Medium (201–1 000),2,$100k–$150k,In-person,Yes,6.2,6.3,2.5,2.9,4.0,5.3,7.0,2.8,4.2,8.0,6.9,Anxiety & Burnout,Self-reported,0,No access,No,0,No,1–2 weeks,Yes,1
2115,37,Female,Sweden,Consulting/Agency,Full-Stack Developer,Startup (1–50),3,$75k–$100k,Hybrid,Yes,9.1,3.6,5.8,9.2,9.0,4.3,2.1,4.8,3.9,7.5,3.8,Burnout,Self-reported,1,Moderate,No,0,No,None,Yes,1
2116,28,Male,India,Cybersecurity,ML/AI Engineer,Medium (201–1 000),7,$75k–$100k,In-person,Yes,6.5,6.0,1.8,7.9,4.1,4.1,7.9,7.2,2.4,7.1,7.3,Burnout,Not sure / undiagnosed,1,Moderate,No,0,Yes,4–7 days,Yes,1
2117,30,Female,Ireland,AI/ML startup,Backend Developer,Small (51–200),2,<$50k,In-person,Yes,6.3,6.4,1.0,6.8,5.7,5.7,5.1,7.3,4.1,5.0,6.6,None,N/A,0,Moderate,Yes,0,No,None,N/A,0
2118,24,Male,USA,Consulting/Agency,Security Engineer,Medium (201–1 000),8,$75k–$100k,In-person,No,7.8,4.6,0.0,8.6,5.1,2.7,6.4,5.6,2.0,7.5,4.2,Depression,Formally diagnosed,1,Moderate,Yes,1,No,None,No,1
2119,18,Non-binary,UK,AI/ML startup,ML/AI Engineer,Enterprise (5 000+),18,$100k–$150k,Remote,Yes,7.2,6.2,1.1,7.1,6.1,3.7,7.5,4.8,1.9,4.5,6.1,None,N/A,0,Moderate,Yes,0,Yes,None,N/A,0
2120,30,Male,Brazil,Government/Public sector,Data Scientist,Small (51–200),11,$50k–$75k,Remote,Was already remote,5.2,6.4,0.2,4.5,6.9,5.5,6.9,9.0,2.9,5.7,7.1,None,N/A,0,Difficult,Yes,0,Yes,None,N/A,0
2121,50,Female,USA,Consulting/Agency,Product Manager,Enterprise (5 000+),3,$150k–$200k,Hybrid,Yes,5.0,7.2,1.6,5.6,2.6,5.6,10.0,7.8,2.7,4.6,8.6,None,N/A,0,No access,Yes,0,No,None,N/A,0
2122,37,Male,USA,SaaS/Software,Engineering Manager,Small (51–200),4,$100k–$150k,Hybrid,No,6.8,5.9,1.0,6.2,5.9,2.6,7.1,3.0,2.3,8.9,4.6,ADHD,Self-reported,1,Easy,Yes,0,No,None,Yes,1
2123,31,Non-binary,Argentina,SaaS/Software,DevOps/SRE,Small (51–200),6,$150k–$200k,In-person,No,5.0,6.7,3.6,7.6,8.5,7.9,7.0,6.7,2.2,3.8,6.8,Anxiety,Formally diagnosed,1,Easy,No,0,No,4–7 days,Partially,1
2124,30,Male,USA,HealthTech,Mobile Developer,Medium (201–1 000),2,$50k–$75k,In-person,Yes,6.1,7.6,1.3,5.0,5.8,4.3,7.7,6.6,1.2,5.1,5.8,None,N/A,0,Easy,No,0,Yes,None,N/A,0
2125,32,Prefer not to say,New Zealand,Consulting/Agency,Product Manager,Large (1 001–5 000),8,$150k–$200k,Hybrid,Yes,3.7,7.4,2.0,6.7,7.4,5.3,10.0,5.2,2.7,5.9,6.4,Anxiety & Burnout,Formally diagnosed,1,Moderate,Yes,0,No,None,Yes,1
2126,36,Non-binary,USA,SaaS/Software,QA/Test Engineer,Large (1 001–5 000),3,>$200k,Hybrid,Yes,9.0,6.2,0.1,6.5,2.1,5.9,5.6,6.2,1.0,6.0,5.7,Depression,Self-reported,1,Moderate,Yes,1,No,4–7 days,No,1
2127,23,Male,UK,SaaS/Software,CTO/VP Engineering,Large (1 001–5 000),10,$75k–$100k,Remote,No,4.9,6.5,3.3,6.7,4.0,4.9,6.0,4.1,3.0,5.7,4.8,Anxiety,Formally diagnosed,1,No access,No,0,Yes,None,Yes,1
2128,40,Female,Netherlands,Gaming,ML/AI Engineer,Small (51–200),1,$75k–$100k,Remote,Was already remote,7.1,5.3,1.1,7.8,9.2,5.6,7.4,8.0,2.4,6.2,6.9,Anxiety & Burnout,Self-reported,1,Easy,Don't know,0,Yes,None,Yes,1
2129,37,Prefer not to say,Australia,Big Tech,Software Engineer,Startup (1–50),0,$100k–$150k,Remote,Was already remote,7.1,6.9,9.8,5.6,4.4,6.4,7.6,9.1,3.4,5.9,6.5,None,N/A,0,Moderate,No,0,Yes,None,N/A,0
2130,37,Male,Germany,FinTech,CTO/VP Engineering,Small (51–200),5,$100k–$150k,Hybrid,Yes,9.1,4.8,6.6,4.6,4.9,3.5,7.2,4.9,3.9,7.0,3.4,Depression & Burnout,Self-reported,0,Difficult,Yes,0,No,None,No,1
2131,35,Male,Germany,E-commerce,DevOps/SRE,Small (51–200),3,$50k–$75k,Hybrid,Was already remote,6.6,8.2,0.5,6.1,5.4,5.5,4.2,6.1,1.3,7.2,6.6,None,N/A,0,Easy,Yes,0,No,None,N/A,0
2132,32,Male,Brazil,Cybersecurity,QA/Test Engineer,Enterprise (5 000+),0,>$200k,Remote,No,5.3,5.6,1.7,3.4,5.1,7.4,10.0,4.5,2.2,4.7,6.2,Anxiety,Self-reported,0,Difficult,No,0,Yes,None,Partially,1
2133,37,Male,USA,SaaS/Software,Data Scientist,Enterprise (5 000+),3,$100k–$150k,Hybrid,Yes,5.9,6.3,3.3,7.4,1.0,5.2,6.7,5.8,1.7,6.5,3.7,None,N/A,0,Moderate,No,0,No,None,N/A,0
2134,36,Male,Canada,E-commerce,Data Scientist,Small (51–200),1,$150k–$200k,Hybrid,Yes,4.4,8.0,0.2,7.3,7.4,9.1,10.0,7.7,1.3,4.4,5.3,None,N/A,0,Easy,Yes,0,Yes,None,N/A,0
2135,29,Male,USA,E-commerce,Software Engineer,Large (1 001–5 000),5,$75k–$100k,Remote,Yes,8.4,6.0,0.0,6.8,6.7,5.4,5.3,6.2,4.9,7.8,4.0,None,N/A,0,Moderate,Yes,0,No,None,N/A,0
2136,27,Male,India,Consulting/Agency,Full-Stack Developer,Medium (201–1 000),3,$75k–$100k,Hybrid,No,5.4,7.1,1.1,3.9,7.6,6.0,5.7,7.8,3.5,5.1,6.3,Anxiety & Depression,Formally diagnosed,0,Moderate,Yes,0,Yes,4–7 days,Partially,1
2137,32,Male,USA,Consulting/Agency,ML/AI Engineer,Startup (1–50),1,$50k–$75k,Hybrid,Was already remote,9.2,6.1,0.6,4.6,6.5,4.6,7.2,10.0,2.6,7.1,6.7,Burnout,Not sure / undiagnosed,0,Difficult,Yes,0,Yes,1–2 weeks,No,1
2138,43,Male,UK,Cybersecurity,Data Scientist,Medium (201–1 000),2,$75k–$100k,Hybrid,Yes,4.8,5.2,7.8,9.5,4.6,6.2,7.2,5.4,1.3,5.8,5.9,None,N/A,0,Moderate,Yes,0,Yes,None,N/A,0
2139,22,Female,Canada,Big Tech,DevOps/SRE,Medium (201–1 000),1,>$200k,Hybrid,Yes,10.0,4.6,0.0,5.9,6.7,3.8,6.9,6.8,5.4,7.5,4.9,Depression,Formally diagnosed,1,Easy,Yes,0,Yes,None,Yes,1
2140,20,Female,USA,Government/Public sector,QA/Test Engineer,Large (1 001–5 000),5,$100k–$150k,In-person,Yes,4.8,6.6,0.3,7.8,4.7,7.4,9.5,5.8,1.0,4.1,7.0,None,N/A,0,Easy,Don't know,0,No,None,N/A,0
2141,33,Male,USA,E-commerce,Software Engineer,Small (51–200),1,$150k–$200k,Hybrid,Yes,4.7,6.8,3.9,10.0,6.7,8.2,6.1,7.8,4.9,3.6,6.7,None,N/A,0,Difficult,No,0,No,None,N/A,0
2142,32,Female,Australia,Government/Public sector,Full-Stack Developer,Enterprise (5 000+),9,>$200k,In-person,Was already remote,4.8,7.6,1.6,5.8,8.2,6.5,8.0,6.6,3.2,4.9,5.6,None,N/A,0,Difficult,Yes,0,No,None,N/A,0
2143,33,Female,Canada,Big Tech,Full-Stack Developer,Medium (201–1 000),0,$50k–$75k,Remote,Yes,4.8,6.9,0.7,7.3,7.9,6.9,9.2,6.9,3.1,4.4,6.4,Burnout,Formally diagnosed,0,Difficult,No,0,No,None,Partially,1
2144,33,Non-binary,Singapore,HealthTech,Backend Developer,Small (51–200),2,$50k–$75k,Remote,Yes,6.7,6.3,3.8,6.3,5.4,5.6,9.4,6.5,3.2,6.0,6.7,Depression & Burnout,Self-reported,0,No access,Yes,0,No,None,No,1
2145,30,Male,Australia,FinTech,QA/Test Engineer,Small (51–200),5,>$200k,Remote,Was already remote,4.5,6.5,1.1,7.6,3.3,6.3,7.2,6.3,2.5,3.6,6.7,None,N/A,0,Moderate,Yes,0,Yes,None,N/A,0
2146,43,Male,USA,Cybersecurity,DevOps/SRE,Large (1 001–5 000),0,$100k–$150k,In-person,Yes,3.9,7.9,3.2,7.4,6.5,9.0,7.8,7.2,1.0,3.8,7.8,None,N/A,0,Difficult,Yes,0,No,None,N/A,0
2147,19,Non-binary,India,Gaming,Data Scientist,Large (1 001–5 000),1,$100k–$150k,Remote,Yes,4.4,6.2,2.0,7.4,6.1,6.5,8.9,6.8,1.8,6.1,6.4,Other,Formally diagnosed,1,Easy,Don't know,1,No,None,No,1
2148,25,Non-binary,USA,Big Tech,Backend Developer,Large (1 001–5 000),2,$100k–$150k,Hybrid,No,9.6,4.5,0.3,9.2,4.6,2.1,4.8,8.6,3.2,7.4,3.2,None,N/A,0,Easy,No,0,Yes,None,N/A,0
2149,31,Female,Netherlands,SaaS/Software,Frontend Developer,Small (51–200),0,$150k–$200k,Hybrid,No,4.0,6.8,4.8,5.0,8.1,8.7,8.0,6.2,4.0,5.0,6.2,None,N/A,0,Difficult,Yes,0,No,None,N/A,0
2150,19,Female,Argentina,Government/Public sector,Security Engineer,Small (51–200),4,$100k–$150k,Hybrid,Was already remote,6.3,7.4,3.0,6.8,6.3,3.7,5.9,9.6,5.2,8.9,4.2,Anxiety,Self-reported,1,Easy,No,0,Yes,None,Yes,1
2151,30,Male,Germany,HealthTech,Engineering Manager,Medium (201–1 000),5,$150k–$200k,Hybrid,No,4.3,6.3,2.7,6.3,7.4,4.9,7.6,6.9,4.6,3.9,6.7,Depression,Self-reported,1,Difficult,Yes,0,Yes,None,Yes,1
2152,44,Male,Australia,AI/ML startup,DevOps/SRE,Small (51–200),1,>$200k,Remote,Yes,6.8,6.6,0.0,4.4,1.0,6.1,8.7,10.0,3.4,6.1,5.5,None,N/A,0,Easy,Yes,0,No,None,N/A,0
2153,32,Male,USA,Government/Public sector,ML/AI Engineer,Large (1 001–5 000),4,$100k–$150k,In-person,Yes,6.3,5.5,2.7,6.7,1.3,5.1,9.0,8.9,2.3,6.5,9.7,None,N/A,1,Easy,Yes,1,No,None,N/A,0
2154,33,Male,Canada,E-commerce,CTO/VP Engineering,Small (51–200),35,$100k–$150k,Remote,Was already remote,9.0,5.1,3.0,8.6,7.2,5.4,4.9,6.3,3.7,6.8,5.8,None,N/A,0,Easy,Yes,1,No,None,N/A,0
2155,22,Female,Japan,Government/Public sector,QA/Test Engineer,Small (51–200),11,$75k–$100k,Remote,Yes,5.2,8.3,5.8,3.6,7.2,7.0,10.0,6.0,1.4,3.6,7.9,None,N/A,0,Difficult,Yes,0,No,None,N/A,0
2156,27,Male,USA,Gaming,CTO/VP Engineering,Small (51–200),0,$50k–$75k,Hybrid,Was already remote,6.8,4.1,0.8,8.3,4.1,4.7,8.8,4.2,5.1,6.7,7.7,Anxiety,Not sure / undiagnosed,0,Easy,Yes,1,Yes,1–2 weeks,No,1
2157,29,Male,USA,Big Tech,CTO/VP Engineering,Medium (201–1 000),0,$100k–$150k,Hybrid,Yes,7.9,5.3,0.3,7.2,8.2,3.0,6.3,9.2,6.4,6.6,4.4,Depression & Burnout,Self-reported,1,Easy,Yes,0,Yes,None,No,1
2158,29,Non-binary,Canada,SaaS/Software,Software Engineer,Large (1 001–5 000),3,<$50k,Remote,Was already remote,5.3,4.8,4.7,8.2,8.3,6.2,7.0,10.0,1.0,6.3,5.1,Burnout,Self-reported,1,Easy,Don't know,0,Yes,None,Partially,1
2159,41,Male,France,SaaS/Software,Data Scientist,Large (1 001–5 000),1,>$200k,Remote,Was already remote,6.4,5.6,1.8,6.5,5.7,4.7,8.0,5.3,2.0,9.1,3.6,None,N/A,0,No access,Don't know,0,No,None,N/A,0
2160,36,Prefer not to say,UK,AI/ML startup,Frontend Developer,Large (1 001–5 000),0,$100k–$150k,In-person,No,3.3,8.1,2.3,10.0,7.7,7.3,8.8,6.5,1.0,3.8,5.1,None,N/A,0,Moderate,Don't know,0,No,None,N/A,0
2161,23,Prefer not to say,Mexico,Consulting/Agency,Cloud Architect,Large (1 001–5 000),1,>$200k,Remote,Yes,6.8,8.1,0.1,7.2,7.4,5.4,6.5,7.0,1.9,8.0,5.9,Other,Formally diagnosed,1,Moderate,Yes,1,No,1–2 weeks,Partially,1
2162,33,Female,USA,E-commerce,ML/AI Engineer,Small (51–200),0,$75k–$100k,Remote,No,6.3,5.1,1.6,6.8,8.2,6.1,6.3,6.7,3.0,4.8,4.2,Depression,Formally diagnosed,1,No access,Yes,1,Yes,None,No,1
2163,35,Male,UK,Big Tech,Engineering Manager,Large (1 001–5 000),4,>$200k,Hybrid,No,4.6,7.7,4.6,6.6,6.3,8.2,7.7,4.8,1.0,4.7,7.5,None,N/A,0,Easy,Yes,0,No,None,N/A,0
2164,40,Male,France,Government/Public sector,Mobile Developer,Startup (1–50),3,$100k–$150k,Hybrid,No,3.8,5.6,2.4,4.9,6.8,6.9,10.0,8.6,3.7,5.6,7.3,Depression,Formally diagnosed,0,Easy,Don't know,0,No,4–7 days,No,1
2165,43,Male,USA,AI/ML startup,Software Engineer,Large (1 001–5 000),0,$150k–$200k,Hybrid,No,5.5,6.0,7.1,5.9,7.0,4.9,9.5,6.6,1.0,4.6,5.9,Anxiety & Burnout,Formally diagnosed,1,Moderate,Yes,1,Yes,None,No,1
2166,24,Male,Australia,FinTech,Data Scientist,Large (1 001–5 000),3,$50k–$75k,In-person,No,3.9,7.3,0.3,5.6,4.4,5.5,10.0,10.0,5.4,3.3,9.7,None,N/A,0,Easy,No,0,No,None,N/A,0
2167,25,Male,USA,Gaming,Data Analyst,Large (1 001–5 000),4,$100k–$150k,Remote,Yes,6.2,4.6,0.4,7.5,3.3,6.4,9.1,6.1,2.2,5.6,6.4,Anxiety,Self-reported,1,No access,No,0,Yes,None,Partially,1
2168,22,Prefer not to say,USA,Consulting/Agency,Data Analyst,Startup (1–50),5,$100k–$150k,Hybrid,Yes,7.1,5.6,2.7,8.3,4.4,6.4,8.1,6.6,4.3,3.4,8.4,None,N/A,0,Difficult,Yes,0,No,None,N/A,0
2169,30,Male,USA,Consulting/Agency,Engineering Manager,Enterprise (5 000+),19,$75k–$100k,Hybrid,Yes,2.8,7.2,4.5,8.5,7.5,6.9,10.0,5.6,1.0,5.1,5.8,Burnout,Self-reported,1,Difficult,No,0,Yes,>2 weeks,Yes,1
2170,35,Female,Mexico,HealthTech,Full-Stack Developer,Large (1 001–5 000),22,$75k–$100k,In-person,No,4.5,4.6,1.3,5.7,4.8,4.5,7.9,3.7,2.7,5.3,6.5,Depression & Burnout,Self-reported,1,No access,Yes,1,No,1–2 weeks,No,1
2171,39,Male,Germany,HealthTech,Frontend Developer,Large (1 001–5 000),4,>$200k,Hybrid,Was already remote,8.9,5.0,8.9,3.8,2.7,6.6,6.9,6.4,6.8,7.9,5.3,Burnout,Self-reported,0,Difficult,Yes,0,No,1–2 weeks,No,1
2172,31,Female,Sweden,FinTech,Frontend Developer,Startup (1–50),10,$50k–$75k,In-person,Yes,7.1,5.8,0.8,7.8,1.0,3.3,7.3,5.1,1.9,7.7,4.5,Anxiety,Formally diagnosed,1,Moderate,Yes,0,Yes,4–7 days,Partially,1
2173,29,Non-binary,UK,AI/ML startup,Engineering Manager,Medium (201–1 000),0,$50k–$75k,Remote,Yes,3.4,6.3,2.3,4.8,5.9,8.1,8.6,8.4,2.3,4.4,7.5,Depression,Formally diagnosed,0,Easy,Don't know,0,Yes,>2 weeks,No,1
2174,33,Male,India,Cybersecurity,Data Analyst,Startup (1–50),4,$75k–$100k,Hybrid,No,5.1,6.2,13.1,8.7,8.0,6.6,7.0,6.3,2.8,3.3,7.1,None,N/A,0,Easy,No,0,Yes,None,N/A,0
2175,25,Male,Canada,Gaming,Backend Developer,Medium (201–1 000),6,>$200k,In-person,Yes,2.7,7.6,2.9,7.4,4.4,6.2,9.0,5.2,1.0,2.3,7.6,None,N/A,0,Easy,No,0,No,None,N/A,0
2176,47,Female,Mexico,AI/ML startup,CTO/VP Engineering,Medium (201–1 000),4,$100k–$150k,Hybrid,Was already remote,8.1,6.4,2.5,7.6,5.6,3.9,6.7,3.6,1.0,7.1,3.3,Anxiety,Formally diagnosed,0,No access,No,0,Yes,>2 weeks,Partially,1
2177,19,Female,France,E-commerce,Security Engineer,Enterprise (5 000+),1,$75k–$100k,In-person,Yes,6.0,8.0,2.4,5.2,4.5,1.6,7.2,7.8,2.8,5.0,5.6,Burnout,Not sure / undiagnosed,0,Moderate,Yes,1,No,None,Partially,1
2178,33,Female,France,Gaming,Security Engineer,Small (51–200),0,$75k–$100k,Remote,Was already remote,6.2,6.2,0.3,5.8,5.1,4.2,9.0,5.4,3.0,5.3,8.7,ADHD,Formally diagnosed,0,No access,No,0,Yes,4–7 days,No,1
2179,47,Male,USA,Consulting/Agency,Backend Developer,Large (1 001–5 000),2,$150k–$200k,Remote,Yes,8.1,4.4,15.8,5.5,5.0,6.3,6.3,7.3,5.1,6.3,5.0,Anxiety & Depression,Formally diagnosed,0,Moderate,Yes,0,No,None,Partially,1
2180,32,Male,Germany,Consulting/Agency,Full-Stack Developer,Small (51–200),5,<$50k,Remote,No,5.6,4.3,0.0,8.5,3.9,7.2,6.4,7.3,4.2,3.5,7.6,Depression,Formally diagnosed,1,Moderate,Yes,1,No,4–7 days,No,1
2181,30,Non-binary,Canada,E-commerce,Data Scientist,Medium (201–1 000),26,<$50k,Remote,Was already remote,6.5,7.9,13.9,4.6,8.3,8.5,6.1,7.9,1.2,5.9,5.1,ADHD,Formally diagnosed,0,Easy,No,0,No,>2 weeks,No,1
2182,29,Non-binary,Mexico,Cybersecurity,Engineering Manager,Enterprise (5 000+),1,<$50k,Remote,No,8.0,6.1,1.4,8.2,6.9,5.9,6.4,4.5,1.9,6.2,4.6,None,N/A,0,Moderate,No,0,No,None,N/A,0
2183,30,Male,USA,FinTech,Backend Developer,Large (1 001–5 000),13,$100k–$150k,In-person,No,4.5,7.2,0.9,8.1,3.5,5.8,7.0,7.8,1.1,6.4,4.3,None,N/A,1,Moderate,Don't know,0,No,None,N/A,0
2184,42,Female,USA,HealthTech,Backend Developer,Medium (201–1 000),0,$100k–$150k,Hybrid,Yes,3.8,8.0,1.0,6.1,4.6,5.6,8.9,5.8,1.0,7.2,5.5,None,N/A,1,No access,No,0,No,None,N/A,0
2185,18,Male,UK,Consulting/Agency,Mobile Developer,Small (51–200),14,$100k–$150k,Hybrid,Yes,9.2,6.1,2.5,9.8,5.2,4.3,7.3,7.1,4.8,5.6,7.3,ADHD,Not sure / undiagnosed,1,Easy,Don't know,0,No,1–3 days,No,1
2186,43,Male,USA,Cybersecurity,Product Manager,Medium (201–1 000),9,$150k–$200k,Remote,No,4.7,8.2,4.4,7.4,6.0,6.9,7.0,6.2,3.9,1.6,9.0,None,N/A,0,No access,Yes,0,Yes,None,N/A,0
2187,21,Male,USA,Big Tech,Product Manager,Small (51–200),0,$50k–$75k,Hybrid,Yes,1.7,8.3,8.9,2.4,6.3,9.6,10.0,8.7,4.8,2.8,8.5,None,N/A,0,No access,Don't know,0,No,None,N/A,0
2188,30,Male,Japan,Gaming,DevOps/SRE,Medium (201–1 000),1,$75k–$100k,In-person,Yes,4.7,8.0,1.0,7.1,5.1,6.2,6.3,7.2,1.0,4.8,8.6,Other,Formally diagnosed,1,Moderate,Yes,0,Yes,None,Yes,1
2189,28,Female,Germany,FinTech,Engineering Manager,Small (51–200),0,$75k–$100k,Hybrid,Was already remote,4.8,5.9,2.0,4.5,5.5,5.7,8.5,6.9,1.5,3.7,7.1,None,N/A,0,Moderate,No,0,No,None,N/A,0
2190,36,Male,Japan,AI/ML startup,Product Manager,Large (1 001–5 000),29,$50k–$75k,Remote,Was already remote,9.6,6.6,11.1,5.7,6.4,4.3,3.9,10.0,4.1,8.1,5.2,Anxiety & Burnout,Self-reported,0,Moderate,No,1,Yes,4–7 days,Yes,1
2191,20,Male,Brazil,Cybersecurity,Data Scientist,Startup (1–50),3,$75k–$100k,In-person,Was already remote,7.0,6.8,1.4,8.5,4.9,1.9,9.5,9.6,4.9,6.5,7.7,Anxiety,Formally diagnosed,1,Moderate,No,0,No,4–7 days,No,1
2192,35,Female,USA,FinTech,Data Scientist,Small (51–200),5,$100k–$150k,Hybrid,No,5.6,5.6,2.0,4.9,8.4,4.2,8.3,5.6,1.7,8.5,3.7,Anxiety,Self-reported,1,Easy,Yes,1,No,None,Yes,1
2193,47,Female,Germany,Cybersecurity,Product Manager,Large (1 001–5 000),1,$75k–$100k,In-person,Yes,4.8,8.6,1.3,8.3,7.8,5.2,9.8,5.5,2.3,3.9,8.0,None,N/A,1,Moderate,No,0,No,None,N/A,0
2194,21,Female,USA,Big Tech,Cloud Architect,Enterprise (5 000+),14,$150k–$200k,Remote,Yes,7.2,6.2,6.5,6.4,5.5,6.1,8.3,6.1,2.9,4.1,6.8,None,N/A,0,Moderate,Yes,0,Yes,None,N/A,0
2195,33,Non-binary,Spain,SaaS/Software,Mobile Developer,Enterprise (5 000+),1,$100k–$150k,Remote,Was already remote,7.9,4.2,0.8,6.0,8.3,4.7,9.8,6.7,2.9,4.8,6.9,Anxiety,Self-reported,0,Difficult,Yes,0,Yes,1–3 days,No,1
2196,27,Male,UK,E-commerce,ML/AI Engineer,Large (1 001–5 000),1,$75k–$100k,Remote,No,6.9,7.2,3.0,4.0,6.8,7.8,7.1,4.2,4.0,4.3,6.9,None,N/A,0,Moderate,No,0,No,None,N/A,0
2197,35,Female,UK,SaaS/Software,Software Engineer,Small (51–200),2,$100k–$150k,Hybrid,No,7.7,6.8,0.0,4.4,6.7,6.4,8.3,8.2,3.4,7.7,6.4,None,N/A,0,Moderate,Yes,0,Yes,None,N/A,0
2198,32,Female,USA,FinTech,Full-Stack Developer,Small (51–200),3,$100k–$150k,Hybrid,Yes,8.8,5.7,2.3,8.2,8.8,5.6,6.0,5.5,2.9,7.4,4.5,Other,Formally diagnosed,1,Easy,Don't know,0,No,None,Partially,1
2199,27,Female,Canada,SaaS/Software,Data Scientist,Enterprise (5 000+),0,$150k–$200k,Hybrid,No,6.2,7.2,9.2,5.4,7.6,7.4,6.3,9.1,3.8,5.4,5.9,None,N/A,0,Easy,Yes,0,Yes,None,N/A,0
2200,35,Male,USA,Cybersecurity,Engineering Manager,Enterprise (5 000+),5,$150k–$200k,Hybrid,Was already remote,5.1,5.9,5.2,5.8,7.9,7.9,8.4,7.9,3.0,4.5,7.9,None,N/A,0,Easy,No,0,No,None,N/A,0
2201,45,Male,UK,Cybersecurity,Security Engineer,Large (1 001–5 000),0,$100k–$150k,Hybrid,No,5.2,7.3,0.2,6.3,3.5,5.4,10.0,4.9,3.5,5.9,4.5,None,N/A,0,Difficult,Don't know,0,Yes,None,N/A,0
2202,30,Female,Sweden,SaaS/Software,Engineering Manager,Small (51–200),4,$100k–$150k,Remote,Was already remote,8.3,6.9,2.6,7.3,5.8,5.1,6.2,6.3,2.8,5.7,6.1,None,N/A,0,Moderate,Don't know,0,No,None,N/A,0
2203,37,Male,Brazil,E-commerce,Data Analyst,Small (51–200),3,$75k–$100k,Remote,No,7.3,6.7,2.2,9.8,4.4,5.9,6.1,3.6,2.4,7.5,3.8,Burnout,Not sure / undiagnosed,1,Moderate,No,0,Yes,None,No,1
2204,22,Female,USA,E-commerce,Data Scientist,Enterprise (5 000+),1,$100k–$150k,In-person,No,6.3,6.5,1.1,7.6,3.1,4.6,6.8,7.3,1.3,4.2,6.7,Anxiety & Depression,Formally diagnosed,1,Easy,No,0,No,>2 weeks,No,1
2205,24,Female,Canada,Big Tech,Engineering Manager,Small (51–200),2,>$200k,Remote,Yes,5.0,6.6,6.5,10.0,2.6,4.5,6.5,4.7,2.3,6.1,4.1,Burnout,Self-reported,1,Difficult,Don't know,0,No,None,No,1
2206,35,Female,Singapore,Cybersecurity,DevOps/SRE,Large (1 001–5 000),6,$100k–$150k,Hybrid,Yes,4.5,8.5,5.6,7.6,7.3,7.0,7.8,6.6,2.5,3.9,6.0,None,N/A,0,Moderate,Yes,0,Yes,None,N/A,0
2207,43,Female,USA,FinTech,Data Scientist,Enterprise (5 000+),0,$75k–$100k,Remote,Was already remote,6.0,6.0,3.4,4.2,6.3,6.5,6.2,5.6,2.6,8.0,3.7,Anxiety & Burnout,Not sure / undiagnosed,1,Moderate,Yes,1,Yes,1–3 days,No,1
2208,34,Female,Ireland,Gaming,Frontend Developer,Large (1 001–5 000),2,$100k–$150k,In-person,Yes,4.2,7.1,5.0,6.6,3.0,7.4,9.0,8.9,3.2,3.4,9.3,Anxiety,Self-reported,1,No access,Yes,0,Yes,None,No,1
2209,29,Male,USA,E-commerce,CTO/VP Engineering,Small (51–200),6,>$200k,In-person,Was already remote,5.6,6.6,0.6,10.0,5.8,3.5,8.8,6.3,1.0,5.5,6.3,Burnout,Self-reported,1,Difficult,No,0,No,4–7 days,Partially,1
2210,31,Male,Australia,Government/Public sector,Security Engineer,Small (51–200),0,$50k–$75k,In-person,Was already remote,8.1,6.5,8.0,9.9,4.8,5.8,9.2,10.0,3.8,4.6,7.4,Depression,Self-reported,0,Difficult,No,0,No,4–7 days,Yes,1
2211,22,Female,Germany,E-commerce,Data Analyst,Startup (1–50),4,$100k–$150k,Hybrid,Yes,5.8,8.0,3.6,8.7,3.8,8.9,8.6,2.4,4.1,4.2,6.8,None,N/A,0,Moderate,Don't know,0,No,None,N/A,0
2212,36,Male,Germany,Big Tech,CTO/VP Engineering,Large (1 001–5 000),1,$75k–$100k,Hybrid,Yes,5.6,8.0,2.0,3.3,7.3,4.9,7.4,5.3,3.3,7.3,3.7,None,N/A,0,Difficult,Yes,0,Yes,None,N/A,0
2213,38,Male,Japan,Gaming,Software Engineer,Medium (201–1 000),0,$75k–$100k,Remote,No,6.3,7.3,0.4,9.2,5.4,5.6,6.1,10.0,1.0,5.3,4.9,Depression & Burnout,Self-reported,0,No access,No,0,Yes,>2 weeks,No,1
2214,28,Male,USA,HealthTech,Cloud Architect,Small (51–200),8,$75k–$100k,Hybrid,Yes,7.7,6.5,3.3,5.4,7.8,5.6,7.2,5.8,3.3,7.5,4.0,None,N/A,0,No access,Don't know,0,Yes,None,N/A,0
2215,28,Non-binary,UK,Government/Public sector,Data Scientist,Small (51–200),1,$75k–$100k,Remote,Yes,9.2,6.3,0.0,6.9,4.8,6.1,4.8,7.8,3.5,5.4,7.1,Anxiety & Depression,Formally diagnosed,0,Moderate,Yes,0,No,None,Yes,1
2216,33,Male,Germany,E-commerce,Cloud Architect,Startup (1–50),2,$75k–$100k,Remote,No,3.9,8.6,1.7,6.4,1.2,4.2,10.0,4.8,1.6,7.8,5.8,Depression,Not sure / undiagnosed,1,Moderate,Yes,1,No,>2 weeks,No,1
2217,28,Female,Sweden,SaaS/Software,Product Manager,Enterprise (5 000+),7,$75k–$100k,Remote,No,8.2,4.9,2.1,5.9,6.1,7.0,6.0,10.0,2.5,6.6,4.3,Anxiety,Not sure / undiagnosed,0,Difficult,Yes,0,No,>2 weeks,No,1
2218,31,Male,USA,Cybersecurity,CTO/VP Engineering,Large (1 001–5 000),1,$100k–$150k,In-person,No,7.4,5.9,3.0,6.3,6.5,2.3,9.2,6.0,4.2,6.1,7.2,Burnout,Formally diagnosed,1,Difficult,Yes,1,No,1–3 days,Partially,1
2219,47,Male,Sweden,Government/Public sector,Data Scientist,Medium (201–1 000),4,<$50k,In-person,Was already remote,3.8,6.3,0.4,5.7,5.6,7.1,9.1,4.2,1.8,3.2,6.7,None,N/A,0,Moderate,Yes,0,No,None,N/A,0
2220,30,Female,UK,E-commerce,Full-Stack Developer,Enterprise (5 000+),13,>$200k,Remote,Yes,4.2,7.7,0.2,2.7,6.4,4.4,7.6,6.3,3.5,5.1,5.2,None,N/A,0,Difficult,Yes,0,Yes,None,N/A,0
2221,29,Male,USA,Cybersecurity,DevOps/SRE,Large (1 001–5 000),4,$75k–$100k,In-person,Yes,7.7,5.9,0.0,4.1,4.9,3.7,7.5,4.4,5.3,5.3,3.2,Depression,Formally diagnosed,0,Moderate,Don't know,0,Yes,1–2 weeks,No,1
2222,27,Female,Netherlands,FinTech,Full-Stack Developer,Large (1 001–5 000),0,$100k–$150k,Remote,Yes,7.0,4.6,4.6,7.6,5.5,7.5,7.1,4.2,2.4,5.2,5.1,None,N/A,0,Difficult,No,0,No,None,N/A,0
2223,37,Female,USA,Gaming,Cloud Architect,Large (1 001–5 000),4,$75k–$100k,Hybrid,No,2.9,6.6,3.5,8.9,6.0,5.9,8.5,3.5,2.7,5.1,6.3,None,N/A,0,Moderate,No,0,No,None,N/A,0
2224,30,Female,Germany,Consulting/Agency,Security Engineer,Large (1 001–5 000),0,$75k–$100k,Hybrid,Was already remote,4.5,7.1,3.4,6.7,7.6,7.8,10.0,4.9,1.0,4.0,7.5,None,N/A,0,Moderate,No,0,Yes,None,N/A,0
2225,27,Male,USA,Big Tech,Software Engineer,Small (51–200),1,$100k–$150k,Hybrid,Was already remote,7.0,6.9,2.7,7.8,5.5,5.6,7.4,7.5,2.5,7.0,6.5,Burnout,Self-reported,0,Difficult,Don't know,0,Yes,1–3 days,No,1
2226,41,Female,UK,HealthTech,Software Engineer,Medium (201–1 000),10,$100k–$150k,In-person,Yes,7.7,6.0,0.0,5.9,4.3,4.9,6.3,9.3,1.0,8.4,4.8,None,N/A,0,Moderate,Yes,0,Yes,None,N/A,0
2227,42,Female,India,SaaS/Software,Software Engineer,Large (1 001–5 000),0,$150k–$200k,Hybrid,Yes,6.7,5.4,0.2,5.9,4.9,5.0,9.5,8.1,1.0,5.0,7.1,None,N/A,1,Difficult,No,0,Yes,None,N/A,0
2228,27,Female,Germany,Government/Public sector,Engineering Manager,Startup (1–50),0,$150k–$200k,Remote,Yes,2.2,9.0,5.3,5.4,5.6,6.3,10.0,7.5,1.0,3.0,8.7,None,N/A,0,Moderate,Don't know,0,No,None,N/A,0
2229,18,Male,UK,HealthTech,DevOps/SRE,Startup (1–50),2,$100k–$150k,Remote,No,4.7,7.4,3.7,3.6,3.3,9.4,6.9,6.4,5.0,2.6,5.7,None,N/A,0,Easy,Yes,0,No,None,N/A,0
2230,39,Female,Canada,Big Tech,Full-Stack Developer,Small (51–200),35,$50k–$75k,Hybrid,Was already remote,4.2,7.5,2.3,7.4,4.0,6.6,8.0,6.6,1.0,5.7,5.7,None,N/A,0,Difficult,No,0,No,None,N/A,0
2231,26,Non-binary,USA,HealthTech,Backend Developer,Small (51–200),1,$100k–$150k,Hybrid,Was already remote,7.2,6.6,0.0,6.0,5.8,3.3,6.3,4.6,2.0,6.9,3.6,None,N/A,0,Difficult,Yes,0,Yes,None,N/A,0
2232,37,Female,Canada,Gaming,Frontend Developer,Small (51–200),0,$100k–$150k,Hybrid,Was already remote,5.2,5.5,1.8,8.5,9.3,7.0,10.0,7.2,1.5,7.3,6.2,Burnout,Formally diagnosed,1,Moderate,No,0,No,4–7 days,No,1
2233,18,Male,Poland,FinTech,CTO/VP Engineering,Large (1 001–5 000),4,$75k–$100k,Hybrid,Was already remote,7.0,6.5,0.4,7.5,7.4,3.5,7.3,5.7,1.0,7.5,4.4,Depression,Formally diagnosed,0,Moderate,No,0,No,None,No,1
2234,38,Male,Japan,SaaS/Software,Software Engineer,Small (51–200),4,<$50k,Hybrid,Yes,6.3,4.0,3.8,7.4,5.7,5.6,7.7,6.8,3.7,6.2,5.5,None,N/A,0,Easy,Yes,0,Yes,None,N/A,0
2235,22,Male,USA,Government/Public sector,ML/AI Engineer,Small (51–200),3,$75k–$100k,Hybrid,Yes,3.9,7.5,6.4,6.4,4.0,4.7,8.0,7.0,2.8,6.5,6.0,Burnout,Formally diagnosed,0,Easy,No,0,Yes,None,No,1
2236,37,Male,USA,Gaming,Full-Stack Developer,Enterprise (5 000+),16,$75k–$100k,Hybrid,Yes,7.6,3.0,1.7,3.9,3.0,4.1,5.4,7.3,3.9,10.0,6.0,Anxiety,Formally diagnosed,1,Easy,Yes,1,Yes,>2 weeks,No,1
2237,32,Male,Mexico,Gaming,CTO/VP Engineering,Large (1 001–5 000),1,$100k–$150k,Remote,No,8.1,5.3,0.9,4.4,8.0,6.0,8.7,6.4,3.6,6.8,4.9,Depression,Not sure / undiagnosed,1,Difficult,No,0,No,1–3 days,No,1
2238,24,Male,Germany,Cybersecurity,Full-Stack Developer,Small (51–200),1,$150k–$200k,Remote,No,7.7,6.3,0.4,5.7,7.5,6.2,7.2,8.0,2.7,5.9,5.3,Depression & Burnout,Formally diagnosed,0,Difficult,Don't know,0,Yes,1–3 days,Partially,1
2239,28,Female,Germany,FinTech,Product Manager,Medium (201–1 000),0,$100k–$150k,Hybrid,Yes,6.4,6.8,0.0,8.3,7.0,3.9,9.7,4.9,2.8,6.0,5.1,Anxiety,Not sure / undiagnosed,1,No access,Don't know,0,Yes,None,Partially,1
2240,37,Male,Netherlands,Consulting/Agency,Security Engineer,Large (1 001–5 000),6,>$200k,Remote,Yes,5.8,5.2,1.4,7.7,5.4,6.7,7.7,4.3,1.9,4.0,5.9,None,N/A,0,No access,Yes,0,Yes,None,N/A,0
2241,32,Female,UK,FinTech,Mobile Developer,Large (1 001–5 000),2,$75k–$100k,Remote,Yes,4.9,6.1,4.0,10.0,4.3,4.4,7.7,3.9,1.0,5.8,5.7,None,N/A,0,No access,No,0,Yes,None,N/A,0
2242,36,Male,Canada,FinTech,QA/Test Engineer,Small (51–200),8,$75k–$100k,In-person,Yes,8.3,4.7,2.9,4.2,3.4,6.1,5.1,7.0,5.0,7.3,5.7,None,N/A,0,Easy,No,0,No,None,N/A,0
2243,46,Male,South Africa,Gaming,Cloud Architect,Enterprise (5 000+),19,$100k–$150k,Remote,Was already remote,8.9,7.2,0.8,8.1,6.2,5.6,5.8,7.0,3.6,5.5,5.1,None,N/A,0,Easy,Don't know,0,Yes,None,N/A,0
2244,20,Male,Australia,Consulting/Agency,Mobile Developer,Large (1 001–5 000),0,>$200k,In-person,No,4.8,6.1,11.9,4.5,3.1,5.6,8.3,6.3,1.0,7.6,3.8,ADHD,Formally diagnosed,1,Easy,No,0,Yes,None,No,1
2245,44,Male,USA,E-commerce,QA/Test Engineer,Enterprise (5 000+),27,$100k–$150k,Hybrid,No,4.0,6.9,10.1,8.2,6.6,5.3,9.6,7.2,1.0,4.8,6.6,None,N/A,0,Easy,Yes,0,Yes,None,N/A,0
2246,32,Female,USA,Cybersecurity,Data Analyst,Startup (1–50),1,$100k–$150k,Hybrid,Yes,4.1,7.2,7.5,6.8,5.9,5.4,9.4,9.0,1.0,6.9,6.3,None,N/A,1,Easy,No,0,No,None,N/A,0
2247,25,Female,USA,FinTech,DevOps/SRE,Startup (1–50),2,$150k–$200k,In-person,Was already remote,4.3,7.7,2.2,3.5,5.8,7.0,8.9,2.7,1.0,5.1,6.5,None,N/A,0,Difficult,Yes,0,No,None,N/A,0
2248,22,Male,Netherlands,E-commerce,Software Engineer,Small (51–200),8,$100k–$150k,In-person,No,6.6,7.0,4.4,6.2,5.7,5.6,7.3,5.6,3.7,5.6,6.8,Depression,Self-reported,0,Difficult,Yes,0,Yes,None,No,1
2249,30,Male,USA,Consulting/Agency,Product Manager,Startup (1–50),6,$150k–$200k,Remote,No,3.6,7.7,9.6,9.1,6.1,8.5,10.0,5.1,2.2,3.2,7.5,None,N/A,1,Easy,Don't know,0,No,None,N/A,0
2250,38,Male,USA,FinTech,Mobile Developer,Startup (1–50),8,$150k–$200k,Hybrid,Yes,5.0,5.5,4.7,6.4,8.4,5.2,9.0,4.9,2.0,4.9,8.1,None,N/A,0,Easy,Yes,0,No,None,N/A,0
2251,31,Female,Mexico,SaaS/Software,Software Engineer,Startup (1–50),3,<$50k,Remote,Was already remote,5.0,7.2,1.3,7.1,5.9,6.5,9.8,7.7,2.4,6.2,7.0,None,N/A,0,Easy,No,0,Yes,None,N/A,0
2252,43,Female,USA,E-commerce,Software Engineer,Large (1 001–5 000),13,$150k–$200k,In-person,Was already remote,6.3,5.0,0.0,7.9,5.6,5.6,8.4,6.5,5.3,7.8,5.2,None,N/A,0,Moderate,Don't know,0,No,None,N/A,0
2253,21,Male,USA,E-commerce,Cloud Architect,Startup (1–50),8,$75k–$100k,In-person,Was already remote,5.6,7.1,10.9,5.5,6.0,5.1,10.0,5.8,2.1,4.1,6.5,None,N/A,0,Difficult,No,0,No,None,N/A,0
2254,31,Female,USA,SaaS/Software,Product Manager,Startup (1–50),2,>$200k,Remote,No,6.8,7.8,16.6,9.4,5.2,6.8,6.7,8.0,5.2,5.4,5.2,None,N/A,0,Moderate,No,0,No,None,N/A,0
2255,22,Female,USA,E-commerce,Product Manager,Enterprise (5 000+),16,$75k–$100k,Remote,Yes,5.8,5.4,3.9,7.1,3.5,5.7,8.3,9.9,1.8,6.3,4.0,None,N/A,0,Moderate,Yes,0,Yes,None,N/A,0
2256,34,Male,UK,HealthTech,Frontend Developer,Startup (1–50),17,$100k–$150k,Remote,Yes,6.4,4.9,0.9,8.8,7.0,4.7,10.0,7.3,1.6,5.6,7.8,Depression,Self-reported,1,Difficult,No,0,No,1–3 days,Partially,1
2257,38,Male,Spain,FinTech,Data Scientist,Medium (201–1 000),2,>$200k,Remote,Yes,9.5,7.6,5.8,7.1,2.1,5.9,5.7,5.2,3.9,6.3,6.3,Depression & Burnout,Formally diagnosed,0,Moderate,Yes,0,Yes,None,No,1
2258,28,Non-binary,Singapore,Government/Public sector,CTO/VP Engineering,Large (1 001–5 000),5,$50k–$75k,Remote,Yes,6.2,5.9,10.4,6.6,5.2,4.3,9.9,5.9,4.6,7.5,3.2,None,N/A,0,Easy,Yes,0,No,None,N/A,0
2259,18,Female,Canada,E-commerce,QA/Test Engineer,Enterprise (5 000+),9,$150k–$200k,Hybrid,Yes,6.5,7.1,2.1,5.2,4.6,8.6,7.3,8.2,3.9,3.9,6.5,Anxiety & Depression,Self-reported,0,Easy,Don't know,0,Yes,1–2 weeks,Yes,1
2260,33,Female,UK,Big Tech,Data Scientist,Enterprise (5 000+),9,$75k–$100k,In-person,Yes,10.0,3.9,0.0,7.9,2.9,3.5,5.8,5.7,3.3,5.9,5.0,Burnout,Self-reported,1,Moderate,Yes,1,Yes,None,No,1
2261,35,Male,Germany,AI/ML startup,CTO/VP Engineering,Medium (201–1 000),0,<$50k,Remote,Was already remote,5.7,7.6,1.6,5.6,8.1,6.0,7.7,6.8,2.6,6.5,6.1,None,N/A,0,Easy,Yes,0,Yes,None,N/A,0
2262,35,Male,USA,Consulting/Agency,Mobile Developer,Enterprise (5 000+),5,>$200k,In-person,No,8.6,7.2,0.0,5.6,5.4,4.7,6.4,6.4,3.3,6.4,6.1,Anxiety,Self-reported,0,No access,Don't know,0,No,1–3 days,No,1
2263,41,Male,USA,Big Tech,Data Analyst,Medium (201–1 000),20,$50k–$75k,Remote,Was already remote,8.2,7.8,2.0,2.2,6.7,6.3,8.3,9.3,6.2,8.5,4.6,Anxiety & Depression,Formally diagnosed,1,Moderate,No,0,Yes,1–3 days,No,1
2264,23,Female,Mexico,SaaS/Software,Product Manager,Large (1 001–5 000),1,$150k–$200k,Remote,Yes,4.3,8.9,1.9,4.7,7.0,6.3,9.7,5.2,1.8,4.5,7.9,None,N/A,0,Easy,No,0,Yes,None,N/A,0
2265,37,Male,USA,FinTech,DevOps/SRE,Small (51–200),8,$75k–$100k,Hybrid,Yes,6.3,5.5,7.2,5.0,5.8,6.1,6.3,3.9,4.1,6.9,5.4,None,N/A,0,Difficult,Yes,0,Yes,None,N/A,0
2266,40,Female,USA,FinTech,Cloud Architect,Large (1 001–5 000),4,$150k–$200k,Hybrid,Yes,7.2,7.7,0.5,6.3,9.1,4.8,7.5,5.5,4.9,7.2,3.7,Anxiety,Self-reported,1,Easy,Don't know,0,No,None,No,1
2267,18,Female,Canada,Big Tech,Data Analyst,Medium (201–1 000),1,$150k–$200k,Hybrid,Was already remote,7.7,6.8,0.0,7.5,6.8,7.0,8.7,5.7,3.5,5.8,7.3,ADHD,Not sure / undiagnosed,0,Difficult,Yes,0,Yes,1–2 weeks,No,1
2268,34,Male,Canada,E-commerce,Product Manager,Large (1 001–5 000),0,$100k–$150k,Hybrid,Yes,4.6,6.8,4.8,5.3,6.6,7.5,5.6,5.8,4.4,4.2,7.0,None,N/A,0,Moderate,Don't know,0,No,None,N/A,0
2269,28,Male,USA,Consulting/Agency,Data Scientist,Large (1 001–5 000),7,>$200k,Hybrid,Yes,4.6,7.2,0.1,5.3,7.8,5.6,8.5,5.4,4.4,4.1,6.2,Burnout,Formally diagnosed,1,Moderate,Yes,1,No,4–7 days,No,1
2270,31,Male,USA,FinTech,Backend Developer,Small (51–200),2,$50k–$75k,In-person,Yes,7.6,8.5,2.0,9.1,5.9,4.2,7.4,6.9,1.0,7.0,4.7,Anxiety & Burnout,Formally diagnosed,1,Moderate,No,0,No,1–3 days,Partially,1
2271,34,Female,UK,E-commerce,Backend Developer,Small (51–200),2,$150k–$200k,Hybrid,No,4.2,6.0,0.9,8.1,5.7,5.7,9.9,4.5,3.2,8.0,3.8,Anxiety & Burnout,Self-reported,0,Easy,Yes,0,No,4–7 days,Partially,1
2272,28,Male,Australia,SaaS/Software,QA/Test Engineer,Large (1 001–5 000),3,$100k–$150k,In-person,Yes,5.4,6.9,3.2,5.9,7.6,5.4,8.6,9.8,5.4,6.5,7.4,Burnout,Formally diagnosed,1,Difficult,Don't know,0,Yes,4–7 days,Partially,1
2273,26,Female,USA,HealthTech,ML/AI Engineer,Small (51–200),3,$75k–$100k,Remote,Yes,3.4,8.4,1.2,5.5,5.1,8.0,9.3,6.0,3.7,4.6,7.3,Anxiety,Self-reported,0,Moderate,Don't know,0,No,1–3 days,Yes,1
2274,32,Female,UK,Cybersecurity,DevOps/SRE,Small (51–200),1,$100k–$150k,Hybrid,No,4.5,7.3,2.6,4.3,4.8,7.3,8.0,5.9,5.5,3.7,7.9,Depression,Not sure / undiagnosed,1,Easy,Yes,1,Yes,None,Partially,1
2275,23,Male,Germany,Consulting/Agency,Software Engineer,Large (1 001–5 000),6,$100k–$150k,Remote,No,5.6,5.2,1.3,7.2,3.8,6.8,8.3,6.9,2.4,6.6,2.5,Anxiety & Depression,Self-reported,1,Moderate,Yes,1,Yes,None,Partially,1
2276,23,Non-binary,Ireland,SaaS/Software,Full-Stack Developer,Enterprise (5 000+),6,$150k–$200k,Remote,Yes,5.7,6.7,0.5,9.2,4.2,6.8,8.3,6.2,2.1,6.7,6.8,None,N/A,0,Difficult,Yes,0,Yes,None,N/A,0
2277,37,Prefer not to say,UK,Gaming,Data Analyst,Startup (1–50),0,$50k–$75k,Remote,No,6.3,4.6,2.9,5.5,6.1,6.3,10.0,5.9,1.0,6.0,5.8,None,N/A,1,Easy,Yes,1,Yes,None,N/A,0
2278,23,Male,USA,FinTech,Product Manager,Medium (201–1 000),4,$50k–$75k,Hybrid,Yes,5.8,6.2,0.1,6.6,9.9,7.3,6.7,8.7,2.4,4.7,5.2,None,N/A,0,Easy,Yes,0,Yes,None,N/A,0
2279,36,Male,Canada,AI/ML startup,Engineering Manager,Startup (1–50),5,$50k–$75k,Remote,Was already remote,7.6,4.9,9.2,7.2,4.4,5.5,5.4,7.1,3.2,6.4,6.2,ADHD,Not sure / undiagnosed,0,Difficult,Yes,0,Yes,1–3 days,Partially,1
2280,35,Non-binary,France,E-commerce,Backend Developer,Medium (201–1 000),1,$75k–$100k,In-person,No,8.2,5.4,4.4,5.1,6.2,7.3,5.8,6.6,6.2,5.7,5.8,None,N/A,0,Easy,Don't know,0,No,None,N/A,0
2281,19,Non-binary,USA,Gaming,ML/AI Engineer,Small (51–200),12,$50k–$75k,In-person,No,4.7,8.0,8.7,4.3,6.7,7.6,7.8,5.0,3.2,7.1,3.2,Burnout,Formally diagnosed,0,Easy,Yes,0,Yes,4–7 days,Partially,1
2282,26,Male,UK,Big Tech,DevOps/SRE,Large (1 001–5 000),3,$100k–$150k,In-person,Yes,3.0,6.7,0.7,4.0,4.6,5.8,9.5,6.3,3.6,7.5,2.4,Depression & Burnout,Not sure / undiagnosed,0,Difficult,Yes,0,No,1–3 days,No,1
2283,40,Male,USA,FinTech,DevOps/SRE,Large (1 001–5 000),0,$100k–$150k,Remote,No,6.8,6.3,0.0,8.7,7.1,6.1,9.1,3.8,1.0,6.7,3.5,None,N/A,0,No access,Yes,0,No,None,N/A,0
2284,24,Male,USA,HealthTech,Backend Developer,Small (51–200),2,>$200k,In-person,Was already remote,7.8,8.0,0.8,5.8,3.6,1.0,7.2,7.6,4.3,8.4,4.8,Depression,Formally diagnosed,1,Difficult,No,0,No,>2 weeks,Partially,1
2285,28,Prefer not to say,Canada,Gaming,CTO/VP Engineering,Large (1 001–5 000),3,$150k–$200k,Hybrid,No,4.6,7.2,3.5,8.5,4.0,4.6,7.6,8.5,2.6,4.2,4.1,Anxiety,Formally diagnosed,1,Easy,Yes,0,No,1–3 days,No,1
2286,35,Male,USA,Government/Public sector,Security Engineer,Medium (201–1 000),0,$50k–$75k,Remote,Was already remote,5.4,6.6,0.9,6.7,5.6,6.0,6.0,7.9,2.9,5.8,5.7,None,N/A,1,Easy,Yes,0,No,None,N/A,0
2287,37,Male,Japan,E-commerce,Full-Stack Developer,Small (51–200),0,<$50k,Hybrid,Yes,7.7,5.9,2.0,10.0,3.6,4.7,7.0,5.6,4.0,5.6,6.5,None,N/A,0,Difficult,Yes,0,Yes,None,N/A,0
2288,30,Female,India,Gaming,ML/AI Engineer,Medium (201–1 000),0,$100k–$150k,Remote,Yes,8.0,6.5,2.4,3.9,3.0,6.6,8.8,3.4,3.3,6.9,6.1,Other,Self-reported,1,Moderate,No,0,Yes,None,Yes,1
2289,27,Male,Canada,HealthTech,Frontend Developer,Medium (201–1 000),4,$150k–$200k,In-person,No,6.8,7.9,0.1,8.3,2.3,6.1,6.8,6.0,3.5,8.1,6.1,Anxiety,Not sure / undiagnosed,1,Difficult,Yes,1,Yes,None,Partially,1
2290,42,Female,UK,Consulting/Agency,Full-Stack Developer,Small (51–200),2,$100k–$150k,Hybrid,Yes,6.1,5.5,4.8,5.8,5.1,3.6,7.8,8.5,2.8,6.1,8.4,Anxiety,Formally diagnosed,0,Difficult,Yes,0,No,1–3 days,Yes,1
2291,45,Male,Canada,Big Tech,Data Scientist,Large (1 001–5 000),12,$100k–$150k,Hybrid,Yes,5.1,7.2,9.6,3.5,10.0,4.6,9.8,7.1,5.2,6.1,7.4,Depression,Formally diagnosed,0,Easy,Don't know,0,Yes,1–2 weeks,No,1
2292,39,Female,USA,Cybersecurity,DevOps/SRE,Large (1 001–5 000),4,$75k–$100k,Remote,No,6.4,5.1,3.2,5.4,8.0,4.5,5.2,6.5,2.4,5.8,8.1,Depression & Burnout,Self-reported,1,Moderate,Yes,1,Yes,None,No,1
2293,32,Male,Ireland,SaaS/Software,ML/AI Engineer,Large (1 001–5 000),7,$100k–$150k,Hybrid,Yes,6.2,4.5,10.0,1.2,2.3,3.9,7.5,7.5,4.8,7.1,5.7,None,N/A,1,Moderate,Yes,0,No,None,N/A,0
2294,25,Female,Argentina,E-commerce,Backend Developer,Medium (201–1 000),6,$150k–$200k,Remote,Was already remote,7.2,6.7,0.4,3.0,3.4,6.1,8.0,5.9,5.2,6.8,5.0,Burnout,Self-reported,1,Difficult,Yes,1,No,1–3 days,No,1
2295,25,Female,USA,AI/ML startup,DevOps/SRE,Small (51–200),4,$50k–$75k,In-person,No,6.7,6.6,0.0,7.7,5.0,6.4,6.9,6.4,1.2,5.3,8.0,None,N/A,0,Moderate,No,0,No,None,N/A,0
2296,35,Male,USA,Government/Public sector,Full-Stack Developer,Large (1 001–5 000),7,$100k–$150k,Hybrid,No,3.5,5.0,1.4,6.3,6.2,8.5,9.0,7.7,1.4,5.5,6.5,None,N/A,0,Moderate,No,0,No,None,N/A,0
2297,35,Male,USA,Gaming,Software Engineer,Small (51–200),4,$50k–$75k,Remote,No,5.7,5.6,3.4,7.5,6.1,8.2,8.4,5.3,1.6,4.1,5.4,Depression,Formally diagnosed,0,Moderate,No,0,Yes,1–2 weeks,No,1
2298,42,Male,Australia,E-commerce,Software Engineer,Large (1 001–5 000),2,$100k–$150k,Hybrid,No,8.4,5.4,2.2,7.0,5.4,2.5,7.3,5.7,5.5,7.3,7.3,Burnout,Self-reported,1,Moderate,Don't know,0,Yes,None,No,1
2299,36,Male,Australia,Consulting/Agency,DevOps/SRE,Large (1 001–5 000),3,$100k–$150k,Remote,No,1.7,8.0,2.0,6.4,5.0,7.2,10.0,8.6,1.0,3.5,9.0,None,N/A,0,Easy,No,0,No,None,N/A,0
2300,20,Female,Japan,Big Tech,ML/AI Engineer,Large (1 001–5 000),10,$100k–$150k,Hybrid,Yes,3.6,8.7,2.2,8.2,2.8,6.9,8.5,5.3,1.0,4.3,9.9,Anxiety & Depression,Self-reported,0,Moderate,Yes,0,Yes,1–2 weeks,Yes,1
2301,39,Female,Netherlands,HealthTech,ML/AI Engineer,Medium (201–1 000),4,$100k–$150k,Hybrid,Was already remote,4.2,5.6,1.8,3.7,4.2,7.5,9.1,3.7,1.9,7.5,7.3,Anxiety,Self-reported,1,Moderate,Yes,1,No,>2 weeks,Partially,1
2302,24,Male,Canada,Cybersecurity,Data Analyst,Enterprise (5 000+),2,$100k–$150k,Hybrid,No,7.2,6.0,9.9,8.2,4.5,1.9,7.2,4.2,1.0,9.0,3.8,None,N/A,0,Moderate,Yes,0,No,None,N/A,0
2303,29,Female,India,E-commerce,Security Engineer,Large (1 001–5 000),1,>$200k,Remote,No,5.1,8.7,1.3,6.0,1.8,5.7,10.0,7.1,3.4,2.8,8.1,Anxiety,Formally diagnosed,0,No access,Don't know,0,Yes,1–3 days,No,1
2304,33,Female,Australia,AI/ML startup,Data Scientist,Medium (201–1 000),3,$100k–$150k,Remote,Yes,6.2,7.9,0.4,6.5,4.0,8.5,8.0,8.5,1.0,3.2,9.1,Anxiety,Formally diagnosed,0,Difficult,Yes,0,No,None,Yes,1
2305,46,Female,Germany,SaaS/Software,Engineering Manager,Large (1 001–5 000),1,$150k–$200k,Hybrid,Yes,6.9,3.9,2.4,9.1,8.5,5.5,8.2,10.0,3.3,4.8,6.6,None,N/A,0,Moderate,Don't know,0,Yes,None,N/A,0
2306,55,Male,Canada,SaaS/Software,Data Analyst,Startup (1–50),17,$50k–$75k,Hybrid,Was already remote,6.9,6.0,0.0,3.7,5.3,7.5,8.3,5.3,5.0,6.4,6.6,None,N/A,0,Easy,Yes,0,Yes,None,N/A,0
2307,36,Male,India,Cybersecurity,Data Analyst,Medium (201–1 000),3,$100k–$150k,In-person,Was already remote,4.8,7.3,2.5,7.5,6.6,6.6,7.3,3.2,1.0,4.8,5.3,None,N/A,0,Moderate,Yes,0,Yes,None,N/A,0
2308,30,Male,Germany,Government/Public sector,Data Scientist,Enterprise (5 000+),0,<$50k,In-person,Was already remote,5.4,7.5,3.9,4.4,9.2,4.6,8.6,10.0,1.2,9.4,3.8,None,N/A,0,Easy,No,0,Yes,None,N/A,0
2309,36,Female,India,AI/ML startup,Backend Developer,Small (51–200),0,<$50k,Hybrid,Was already remote,5.6,7.9,9.9,9.1,8.9,6.7,9.5,8.2,4.4,5.4,5.0,ADHD,Formally diagnosed,1,Difficult,No,0,No,>2 weeks,Yes,1
2310,38,Male,India,Consulting/Agency,Software Engineer,Medium (201–1 000),1,$75k–$100k,In-person,Yes,9.0,4.0,6.7,9.9,3.6,5.9,3.0,6.1,5.4,6.4,4.9,Burnout,Self-reported,0,Easy,Yes,0,Yes,None,No,1
2311,29,Male,France,AI/ML startup,Engineering Manager,Medium (201–1 000),0,$100k–$150k,Remote,Yes,5.6,6.9,6.3,7.7,6.5,6.1,6.8,5.8,1.3,5.3,6.6,None,N/A,0,Difficult,No,0,Yes,None,N/A,0
2312,45,Male,India,Consulting/Agency,CTO/VP Engineering,Medium (201–1 000),12,$100k–$150k,Hybrid,Was already remote,7.1,6.6,1.2,8.3,7.6,4.5,9.6,5.8,1.4,6.2,7.1,Anxiety,Self-reported,1,Difficult,Yes,1,No,None,No,1
2313,33,Female,Germany,Government/Public sector,Backend Developer,Medium (201–1 000),10,$150k–$200k,Remote,Yes,7.3,7.5,7.2,2.4,4.3,4.6,4.1,6.0,3.1,6.8,4.8,Depression,Not sure / undiagnosed,0,Easy,Yes,0,Yes,1–3 days,No,1
2314,35,Male,Australia,Consulting/Agency,Data Analyst,Enterprise (5 000+),19,$150k–$200k,Hybrid,Yes,8.0,6.7,3.6,5.2,6.8,6.5,9.2,6.9,4.3,4.9,7.7,Burnout,Formally diagnosed,0,Moderate,Don't know,0,No,None,No,1
2315,36,Male,Canada,Big Tech,ML/AI Engineer,Small (51–200),6,$75k–$100k,In-person,Was already remote,7.6,6.8,1.3,6.4,5.7,6.0,6.4,7.2,2.2,5.1,7.3,Anxiety,Formally diagnosed,0,Moderate,Yes,1,No,None,Yes,1
2316,35,Male,USA,AI/ML startup,Data Scientist,Large (1 001–5 000),5,$150k–$200k,In-person,No,6.1,7.0,2.6,7.0,6.9,4.0,8.0,8.2,1.6,7.3,2.1,Depression & Burnout,Self-reported,1,Easy,Yes,1,No,1–2 weeks,No,1
2317,38,Male,USA,HealthTech,Full-Stack Developer,Large (1 001–5 000),14,$100k–$150k,Hybrid,Yes,6.9,6.4,1.5,5.5,6.4,3.8,8.5,5.8,4.3,7.1,3.3,Anxiety,Self-reported,0,Easy,Yes,0,No,None,Partially,1
2318,27,Female,Germany,HealthTech,Product Manager,Medium (201–1 000),16,$150k–$200k,Remote,No,10.0,7.0,0.0,5.5,7.8,4.4,6.7,8.7,3.0,6.4,6.5,Anxiety & Burnout,Not sure / undiagnosed,1,Easy,Yes,1,Yes,None,Partially,1
2319,27,Male,India,Gaming,CTO/VP Engineering,Startup (1–50),11,$75k–$100k,In-person,Was already remote,4.7,5.8,2.2,5.0,4.2,5.4,8.4,5.6,3.2,6.2,5.4,None,N/A,0,Moderate,Yes,0,No,None,N/A,0
2320,23,Male,New Zealand,AI/ML startup,Engineering Manager,Medium (201–1 000),10,$50k–$75k,Hybrid,Was already remote,5.1,8.1,5.7,6.5,6.4,7.2,7.7,7.2,2.0,5.0,6.3,None,N/A,0,Difficult,No,0,Yes,None,N/A,0
2321,35,Female,UK,Government/Public sector,Product Manager,Enterprise (5 000+),6,$100k–$150k,Remote,No,3.9,6.8,1.4,4.7,9.2,9.4,8.0,3.0,3.7,5.8,6.3,Anxiety,Self-reported,1,Moderate,Yes,1,Yes,None,No,1
2322,37,Male,UK,AI/ML startup,Mobile Developer,Small (51–200),0,$100k–$150k,In-person,Was already remote,6.3,5.9,3.2,2.7,7.0,4.2,5.2,5.3,7.8,9.5,4.4,Burnout,Self-reported,0,Moderate,Don't know,0,Yes,None,No,1
2323,35,Male,USA,SaaS/Software,QA/Test Engineer,Large (1 001–5 000),3,>$200k,Remote,No,5.2,6.5,2.8,1.0,7.4,9.1,9.4,7.0,1.5,2.9,8.2,None,N/A,0,Easy,No,0,No,None,N/A,0
2324,44,Female,USA,Big Tech,DevOps/SRE,Enterprise (5 000+),5,$50k–$75k,In-person,Yes,4.1,6.8,9.1,7.4,3.7,4.4,9.7,4.5,1.1,5.0,5.3,ADHD,Formally diagnosed,0,Moderate,Yes,0,Yes,None,Partially,1
2325,31,Male,Netherlands,SaaS/Software,Frontend Developer,Large (1 001–5 000),4,$100k–$150k,Remote,Yes,6.0,8.6,4.5,6.6,1.9,7.4,6.5,5.0,2.2,5.1,5.3,None,N/A,0,No access,Yes,0,No,None,N/A,0
2326,37,Male,USA,E-commerce,Frontend Developer,Large (1 001–5 000),9,$100k–$150k,Hybrid,Yes,3.5,5.8,2.0,6.4,5.7,8.4,8.6,7.9,1.3,4.4,8.6,Anxiety,Formally diagnosed,1,Moderate,No,0,Yes,4–7 days,No,1
2327,23,Male,India,FinTech,Cloud Architect,Enterprise (5 000+),9,$75k–$100k,Remote,Yes,8.3,4.7,2.0,8.2,8.1,4.3,4.5,4.0,3.5,10.0,4.7,Anxiety,Formally diagnosed,0,Moderate,Yes,0,No,None,No,1
2328,29,Male,Australia,Gaming,Full-Stack Developer,Small (51–200),5,$150k–$200k,Hybrid,Yes,7.9,5.0,7.7,3.4,5.2,3.7,8.0,6.9,5.0,5.2,4.8,Other,Formally diagnosed,1,Difficult,No,0,Yes,None,Partially,1
2329,37,Female,Canada,Cybersecurity,QA/Test Engineer,Large (1 001–5 000),0,$150k–$200k,Hybrid,Yes,9.2,5.6,0.0,6.1,5.2,5.1,5.8,8.8,3.3,7.5,3.1,Anxiety,Self-reported,0,No access,Don't know,0,No,1–2 weeks,No,1
2330,38,Female,Singapore,E-commerce,Mobile Developer,Medium (201–1 000),2,$150k–$200k,Hybrid,No,10.0,4.8,0.9,9.1,4.2,6.1,4.9,8.4,3.7,8.1,4.2,Depression,Self-reported,0,No access,Yes,0,Yes,1–3 days,No,1
2331,29,Female,Canada,E-commerce,Software Engineer,Medium (201–1 000),1,$50k–$75k,Hybrid,Yes,3.1,4.6,1.4,5.7,4.8,6.6,10.0,10.0,1.4,4.9,6.7,Anxiety & Depression,Formally diagnosed,1,Moderate,No,0,No,1–2 weeks,No,1
2332,31,Male,USA,AI/ML startup,Full-Stack Developer,Medium (201–1 000),2,$75k–$100k,Remote,Yes,5.7,5.9,1.7,6.0,5.3,7.8,8.1,6.6,1.0,5.5,8.2,None,N/A,0,Difficult,Yes,0,Yes,None,N/A,0
2333,20,Male,Ireland,E-commerce,Security Engineer,Startup (1–50),5,<$50k,Hybrid,Yes,8.3,4.8,0.0,8.3,8.0,6.1,7.7,7.5,1.6,7.1,6.1,Burnout,Formally diagnosed,1,Difficult,Don't know,0,Yes,None,No,1
2334,29,Female,Japan,FinTech,Mobile Developer,Small (51–200),0,$75k–$100k,Remote,Yes,8.3,7.2,6.4,5.9,8.7,3.7,5.6,7.0,4.4,7.8,3.9,None,N/A,0,Moderate,No,0,No,None,N/A,0
2335,38,Non-binary,USA,E-commerce,Data Analyst,Small (51–200),0,$100k–$150k,In-person,Yes,7.5,6.9,12.7,3.0,4.5,4.8,4.6,7.2,6.8,7.4,5.1,Depression,Not sure / undiagnosed,1,Difficult,Yes,1,No,4–7 days,Yes,1
2336,36,Male,USA,AI/ML startup,Full-Stack Developer,Startup (1–50),3,$100k–$150k,Remote,Yes,4.1,7.4,3.2,6.1,3.3,8.5,7.5,7.2,2.0,3.1,8.8,None,N/A,0,Moderate,Yes,0,No,None,N/A,0
2337,35,Male,USA,SaaS/Software,Product Manager,Small (51–200),8,$100k–$150k,Hybrid,No,6.5,4.6,2.4,5.1,4.7,4.4,7.3,4.2,2.6,6.8,6.5,Anxiety,Self-reported,1,Moderate,Yes,1,No,None,Partially,1
2338,32,Male,USA,E-commerce,Frontend Developer,Large (1 001–5 000),0,$100k–$150k,Hybrid,Yes,7.9,7.7,10.1,4.0,5.9,4.3,7.0,6.9,3.0,7.6,3.5,None,N/A,1,Easy,Yes,1,Yes,None,N/A,0
2339,32,Male,New Zealand,Cybersecurity,Software Engineer,Small (51–200),10,$100k–$150k,Hybrid,No,5.4,5.8,1.6,9.0,6.7,7.7,6.9,9.7,5.0,3.8,8.4,None,N/A,0,Easy,No,0,Yes,None,N/A,0
2340,27,Male,Germany,Big Tech,DevOps/SRE,Medium (201–1 000),2,$100k–$150k,Remote,Was already remote,4.6,7.8,3.5,6.8,3.9,6.7,7.5,7.7,2.2,4.4,8.0,None,N/A,0,No access,No,0,No,None,N/A,0
2341,37,Male,UK,Big Tech,Security Engineer,Large (1 001–5 000),0,$75k–$100k,Remote,Yes,5.5,7.4,6.2,8.2,10.0,7.3,9.5,5.5,1.0,2.4,6.8,Depression,Self-reported,0,Difficult,Yes,0,No,None,Partially,1
2342,35,Female,Ireland,Consulting/Agency,Data Analyst,Small (51–200),4,$100k–$150k,Hybrid,Yes,5.0,5.9,2.5,3.5,5.2,3.8,7.8,8.0,3.5,6.6,7.7,Depression,Not sure / undiagnosed,1,Easy,Yes,1,No,1–3 days,No,1
2343,35,Female,Canada,Gaming,DevOps/SRE,Enterprise (5 000+),16,$50k–$75k,Hybrid,No,6.5,6.8,0.5,5.8,6.1,6.5,10.0,3.2,3.2,5.0,8.1,Depression,Formally diagnosed,1,Easy,Yes,1,No,1–2 weeks,No,1
2344,28,Male,UK,FinTech,Product Manager,Enterprise (5 000+),4,$150k–$200k,Remote,Was already remote,3.4,7.3,6.3,8.1,6.8,6.3,8.4,7.4,3.5,5.2,5.2,None,N/A,0,Moderate,Don't know,0,Yes,None,N/A,0
2345,18,Male,Mexico,HealthTech,QA/Test Engineer,Small (51–200),6,$150k–$200k,Hybrid,Was already remote,9.0,7.1,0.0,7.3,3.7,2.7,6.6,2.5,3.3,6.9,3.8,ADHD,Formally diagnosed,1,No access,Yes,1,No,1–3 days,No,1
2346,40,Female,Japan,FinTech,DevOps/SRE,Enterprise (5 000+),9,$150k–$200k,In-person,Yes,5.0,6.1,6.5,8.8,8.1,5.3,9.2,4.4,1.4,7.4,7.7,None,N/A,0,Moderate,Yes,0,Yes,None,N/A,0
2347,28,Male,Brazil,Consulting/Agency,QA/Test Engineer,Large (1 001–5 000),8,$100k–$150k,Hybrid,Yes,4.2,7.2,10.4,5.5,9.4,7.6,7.9,5.3,1.0,4.7,6.0,Anxiety & Depression,Formally diagnosed,0,Easy,Don't know,0,Yes,1–3 days,No,1
2348,25,Female,Germany,Cybersecurity,Data Analyst,Small (51–200),0,$100k–$150k,In-person,Yes,5.3,5.6,2.7,6.6,4.2,6.8,4.8,4.8,1.4,6.3,5.6,Anxiety,Self-reported,1,Difficult,Yes,1,No,4–7 days,Yes,1
2349,37,Male,Sweden,SaaS/Software,Frontend Developer,Large (1 001–5 000),7,$100k–$150k,Hybrid,No,6.5,7.8,0.0,6.8,7.5,5.6,9.7,7.9,1.1,5.4,3.4,None,N/A,0,Easy,Yes,0,No,None,N/A,0
2350,29,Female,USA,HealthTech,ML/AI Engineer,Large (1 001–5 000),16,$75k–$100k,Hybrid,No,3.2,7.1,11.4,6.9,5.2,6.1,8.8,5.4,1.5,5.1,6.6,Anxiety & Burnout,Self-reported,1,Moderate,Yes,1,No,None,Partially,1
2351,39,Male,Germany,AI/ML startup,Full-Stack Developer,Large (1 001–5 000),6,$75k–$100k,Remote,Was already remote,5.0,5.8,6.2,6.6,4.9,4.7,7.7,4.0,3.6,6.6,6.6,Burnout,Formally diagnosed,0,Difficult,Don't know,0,No,1–3 days,Partially,1
2352,36,Male,Italy,AI/ML startup,Backend Developer,Large (1 001–5 000),9,>$200k,In-person,Was already remote,5.9,7.3,0.2,5.6,5.7,6.1,7.6,5.6,1.4,4.2,7.0,Depression,Formally diagnosed,0,No access,Yes,0,No,None,Yes,1
2353,37,Male,USA,Gaming,Software Engineer,Small (51–200),3,$50k–$75k,Hybrid,No,4.8,8.0,3.5,7.9,5.9,6.1,9.6,6.0,4.6,3.2,7.0,Burnout,Self-reported,1,Moderate,No,0,Yes,1–2 weeks,Yes,1
2354,21,Male,Sweden,HealthTech,Mobile Developer,Enterprise (5 000+),2,$100k–$150k,Remote,Yes,4.3,6.4,1.5,7.6,6.6,6.7,9.2,6.8,4.4,2.5,8.7,None,N/A,0,Easy,Don't know,0,Yes,None,N/A,0
2355,41,Male,Canada,AI/ML startup,Data Scientist,Enterprise (5 000+),6,$150k–$200k,In-person,Yes,7.7,8.5,0.6,6.9,7.4,4.2,5.3,5.5,5.3,7.7,3.6,Anxiety & Depression,Self-reported,0,Difficult,Don't know,0,No,None,No,1
2356,33,Female,USA,Gaming,Data Scientist,Large (1 001–5 000),3,$100k–$150k,Remote,No,7.7,7.9,2.3,5.1,5.3,7.2,7.0,8.2,2.9,5.0,5.0,Anxiety & Depression,Formally diagnosed,1,Moderate,Don't know,0,No,4–7 days,Partially,1
2357,29,Male,Netherlands,Cybersecurity,Data Analyst,Startup (1–50),12,$100k–$150k,Hybrid,No,7.6,6.3,3.6,5.9,5.8,6.3,7.0,7.1,1.8,7.0,4.5,Depression,Self-reported,0,Easy,Don't know,0,No,None,Yes,1
2358,33,Male,USA,HealthTech,Full-Stack Developer,Medium (201–1 000),20,$150k–$200k,Remote,No,7.0,5.9,0.0,3.5,8.7,7.5,6.1,5.9,3.8,6.3,6.9,Depression,Formally diagnosed,0,Moderate,Yes,0,Yes,None,Yes,1
2359,18,Male,India,Cybersecurity,Security Engineer,Large (1 001–5 000),9,$100k–$150k,In-person,Yes,3.9,5.6,0.9,5.5,4.1,7.0,6.9,8.2,4.2,4.1,6.1,None,N/A,0,Difficult,No,0,No,None,N/A,0
2360,35,Female,USA,AI/ML startup,Full-Stack Developer,Enterprise (5 000+),27,$150k–$200k,In-person,No,6.0,5.4,7.9,6.4,6.8,4.8,6.4,10.0,5.3,5.0,6.1,Depression,Self-reported,0,Easy,Yes,0,No,1–3 days,Yes,1
2361,24,Prefer not to say,Mexico,Big Tech,Full-Stack Developer,Enterprise (5 000+),2,$75k–$100k,Remote,No,8.4,4.0,1.4,8.2,3.6,5.0,5.8,6.5,5.3,7.7,5.7,None,N/A,0,No access,No,0,Yes,None,N/A,0
2362,21,Female,USA,FinTech,Software Engineer,Enterprise (5 000+),12,$150k–$200k,Hybrid,Yes,3.8,7.7,2.7,5.2,7.3,6.4,7.4,3.1,5.2,4.3,4.7,None,N/A,0,Difficult,No,0,No,None,N/A,0
2363,20,Male,USA,FinTech,Frontend Developer,Medium (201–1 000),2,<$50k,Remote,No,4.2,6.9,6.6,5.5,5.6,6.9,9.6,6.3,4.1,3.5,7.7,None,N/A,0,Difficult,Don't know,0,No,None,N/A,0
2364,40,Female,USA,Cybersecurity,CTO/VP Engineering,Enterprise (5 000+),0,$50k–$75k,Hybrid,Yes,6.5,5.9,0.1,8.2,5.1,6.8,9.9,9.2,1.5,4.9,6.9,Anxiety,Not sure / undiagnosed,1,Easy,Yes,1,Yes,None,Partially,1
2365,27,Non-binary,Mexico,Big Tech,Security Engineer,Startup (1–50),5,$100k–$150k,In-person,No,7.4,3.1,3.7,8.8,3.0,4.8,7.4,5.8,5.0,4.7,5.7,None,N/A,0,Difficult,Yes,0,Yes,None,N/A,0
2366,43,Female,France,Gaming,Cloud Architect,Medium (201–1 000),3,$100k–$150k,In-person,Was already remote,7.2,6.9,1.8,6.0,6.1,4.7,6.8,6.7,1.6,8.3,2.8,Burnout,Self-reported,0,Difficult,Don't know,0,No,None,No,1
2367,27,Male,France,SaaS/Software,Mobile Developer,Startup (1–50),14,$150k–$200k,Hybrid,No,6.6,6.4,4.3,7.6,5.8,6.2,5.7,3.9,4.7,6.6,4.0,Burnout,Not sure / undiagnosed,1,Difficult,No,0,No,1–3 days,No,1
2368,19,Male,Canada,SaaS/Software,ML/AI Engineer,Enterprise (5 000+),3,$75k–$100k,Remote,Yes,4.2,7.0,4.2,4.8,7.0,7.7,7.6,7.4,1.8,5.6,6.5,None,N/A,0,Moderate,No,0,Yes,None,N/A,0
2369,23,Male,Canada,Government/Public sector,Cloud Architect,Enterprise (5 000+),14,$150k–$200k,Hybrid,No,6.9,6.4,3.3,6.7,3.9,4.5,8.1,4.9,3.5,7.1,5.4,Depression & Burnout,Formally diagnosed,1,Easy,Yes,1,Yes,None,No,1
2370,41,Male,USA,Consulting/Agency,Full-Stack Developer,Small (51–200),0,$50k–$75k,Hybrid,Yes,4.9,7.9,6.8,6.3,8.7,5.7,9.9,8.5,1.0,7.0,5.7,None,N/A,0,Easy,Yes,0,No,None,N/A,0
2371,30,Female,Germany,E-commerce,Backend Developer,Medium (201–1 000),9,>$200k,In-person,Yes,6.6,4.7,2.3,4.4,4.7,3.8,6.0,5.3,4.0,7.2,4.3,Anxiety,Not sure / undiagnosed,0,Easy,No,0,Yes,1–2 weeks,No,1
2372,27,Male,USA,Government/Public sector,ML/AI Engineer,Enterprise (5 000+),7,$75k–$100k,In-person,Yes,5.8,9.2,1.6,7.0,4.0,4.5,9.5,3.5,4.1,4.6,8.2,None,N/A,0,Moderate,No,1,No,None,N/A,0
2373,33,Male,New Zealand,SaaS/Software,Software Engineer,Medium (201–1 000),7,$75k–$100k,Hybrid,Was already remote,5.4,5.2,0.7,5.5,7.4,7.7,6.7,7.1,3.3,4.5,5.9,Depression,Self-reported,0,Easy,Don't know,0,Yes,1–3 days,No,1
2374,35,Female,Sweden,Big Tech,Full-Stack Developer,Medium (201–1 000),2,$150k–$200k,Hybrid,No,10.0,5.4,0.1,9.7,5.0,5.6,7.4,5.6,4.5,8.3,4.7,Depression,Formally diagnosed,1,No access,Don't know,0,Yes,None,No,1
2375,40,Female,UK,FinTech,Mobile Developer,Medium (201–1 000),8,>$200k,Hybrid,No,3.9,4.1,7.5,5.2,9.1,7.4,7.1,3.9,3.1,3.4,6.3,Anxiety,Self-reported,0,No access,Yes,1,No,None,No,1
2376,42,Male,USA,FinTech,Data Analyst,Large (1 001–5 000),3,>$200k,Hybrid,Yes,4.7,7.0,1.5,3.2,3.0,7.4,9.4,8.0,2.9,6.6,7.1,Anxiety,Formally diagnosed,0,No access,Yes,0,No,1–3 days,Partially,1
2377,29,Female,Sweden,SaaS/Software,Software Engineer,Enterprise (5 000+),6,$75k–$100k,In-person,Yes,7.9,5.8,14.0,6.5,5.5,1.2,5.8,6.0,3.9,7.5,3.8,Anxiety,Not sure / undiagnosed,0,Easy,No,0,Yes,1–2 weeks,Yes,1
2378,22,Male,USA,SaaS/Software,CTO/VP Engineering,Medium (201–1 000),4,$100k–$150k,Remote,Was already remote,9.1,5.9,2.1,7.7,8.7,5.2,9.6,8.4,1.9,8.5,4.1,Anxiety & Burnout,Self-reported,1,Difficult,No,1,No,1–3 days,Yes,1
2379,28,Female,USA,Consulting/Agency,ML/AI Engineer,Small (51–200),0,$100k–$150k,Remote,Yes,7.2,6.7,5.3,5.9,6.1,6.3,7.7,5.5,4.6,6.3,5.3,Depression,Self-reported,0,Difficult,No,0,Yes,1–2 weeks,No,1
2380,33,Female,USA,SaaS/Software,Mobile Developer,Small (51–200),0,$150k–$200k,In-person,Yes,5.6,6.1,2.2,7.2,4.1,4.2,6.2,5.9,2.9,5.4,7.1,None,N/A,0,Difficult,Yes,0,Yes,None,N/A,0
2381,24,Male,Germany,Cybersecurity,QA/Test Engineer,Startup (1–50),2,$100k–$150k,Hybrid,Yes,4.6,8.6,3.8,7.9,6.0,4.1,8.3,7.4,1.5,7.1,5.1,None,N/A,0,Easy,Yes,0,No,None,N/A,0
2382,24,Female,Sweden,AI/ML startup,QA/Test Engineer,Medium (201–1 000),14,$100k–$150k,Remote,Yes,7.6,5.7,15.2,5.7,5.7,5.6,7.7,7.6,1.9,6.8,7.1,Anxiety,Self-reported,0,Moderate,Yes,1,No,4–7 days,Yes,1
2383,34,Female,UK,E-commerce,Engineering Manager,Enterprise (5 000+),4,$150k–$200k,Remote,No,6.0,7.2,2.2,10.0,8.1,7.4,7.4,4.7,1.8,3.3,7.9,None,N/A,0,Difficult,Don't know,0,Yes,None,N/A,0
2384,31,Male,USA,Gaming,Cloud Architect,Large (1 001–5 000),8,$150k–$200k,Hybrid,No,5.1,5.8,1.1,5.9,9.4,7.4,8.5,6.4,1.0,3.9,8.7,Anxiety,Self-reported,1,Moderate,No,0,Yes,1–2 weeks,No,1
2385,32,Male,Canada,E-commerce,Data Analyst,Enterprise (5 000+),4,$150k–$200k,Remote,No,7.9,7.3,2.9,10.0,5.5,4.0,5.1,10.0,2.6,6.8,6.1,None,N/A,0,No access,Yes,0,No,None,N/A,0
2386,26,Female,France,E-commerce,DevOps/SRE,Enterprise (5 000+),17,$100k–$150k,In-person,No,5.7,5.5,8.6,8.2,5.4,5.8,7.6,9.6,3.9,4.5,6.7,None,N/A,0,Easy,Yes,0,No,None,N/A,0
2387,30,Male,USA,Government/Public sector,Data Scientist,Medium (201–1 000),2,$100k–$150k,Remote,No,3.6,6.8,0.4,9.6,5.1,5.3,6.5,7.3,1.9,4.3,6.3,None,N/A,0,Moderate,Don't know,0,No,None,N/A,0
2388,25,Male,USA,SaaS/Software,Mobile Developer,Medium (201–1 000),0,<$50k,In-person,Yes,6.2,5.8,16.8,7.9,6.4,5.7,7.2,10.0,1.0,5.9,6.6,Anxiety,Formally diagnosed,1,Difficult,No,1,Yes,1–3 days,Yes,1
2389,38,Female,Mexico,Cybersecurity,Data Analyst,Large (1 001–5 000),8,$150k–$200k,In-person,Was already remote,5.4,7.0,2.6,7.3,7.0,4.4,10.0,7.0,3.0,5.3,10.0,Depression & Burnout,Self-reported,1,Difficult,Yes,1,No,1–3 days,Yes,1
2390,39,Female,Poland,Government/Public sector,QA/Test Engineer,Startup (1–50),6,$100k–$150k,Hybrid,No,4.2,6.0,5.8,5.0,6.5,7.2,8.9,5.1,2.5,7.4,5.9,None,N/A,0,Easy,Yes,0,Yes,None,N/A,0
2391,18,Male,Argentina,Government/Public sector,Data Analyst,Large (1 001–5 000),4,$75k–$100k,Hybrid,Yes,6.6,5.7,0.0,5.6,3.2,6.1,5.8,8.9,2.9,7.5,4.8,Anxiety,Self-reported,0,Easy,No,0,No,None,No,1
2392,25,Male,Sweden,AI/ML startup,Product Manager,Medium (201–1 000),2,$150k–$200k,Remote,Yes,6.8,6.2,0.7,4.6,3.8,8.6,6.9,3.8,2.4,4.3,7.3,Depression,Self-reported,1,Difficult,No,0,Yes,1–3 days,No,1
2393,20,Male,USA,AI/ML startup,Mobile Developer,Large (1 001–5 000),1,$150k–$200k,In-person,No,1.5,7.1,14.2,7.1,8.5,6.7,9.1,4.9,1.0,4.1,5.8,Burnout,Formally diagnosed,1,Moderate,Yes,1,No,1–3 days,Partially,1
2394,27,Male,USA,Big Tech,QA/Test Engineer,Medium (201–1 000),3,>$200k,Hybrid,Yes,8.0,6.2,0.4,8.6,3.3,5.8,9.5,6.7,2.7,8.0,5.4,None,N/A,0,Easy,No,0,No,None,N/A,0
2395,31,Male,UK,AI/ML startup,Frontend Developer,Small (51–200),6,$75k–$100k,Remote,Was already remote,7.8,5.3,1.1,6.8,5.0,6.8,5.3,9.1,3.0,5.5,5.0,None,N/A,0,Moderate,Yes,0,No,None,N/A,0
2396,21,Female,UK,Cybersecurity,Cloud Architect,Large (1 001–5 000),4,$100k–$150k,In-person,No,5.8,5.8,0.9,7.6,9.7,4.7,7.3,8.8,2.7,4.3,5.7,None,N/A,0,Easy,Yes,0,Yes,None,N/A,0
2397,25,Male,Poland,Big Tech,Full-Stack Developer,Medium (201–1 000),3,>$200k,Hybrid,Was already remote,4.6,6.9,2.3,8.7,6.1,7.9,6.8,4.1,4.6,5.3,6.1,None,N/A,0,No access,Yes,0,Yes,None,N/A,0
2398,24,Male,Sweden,HealthTech,Security Engineer,Small (51–200),4,$75k–$100k,Hybrid,No,7.0,7.9,0.1,5.3,6.1,8.9,9.2,4.7,5.2,4.9,6.9,Depression & Burnout,Not sure / undiagnosed,0,Easy,Yes,0,No,4–7 days,No,1
2399,33,Male,France,Consulting/Agency,Security Engineer,Large (1 001–5 000),0,$150k–$200k,In-person,Was already remote,6.0,6.2,2.2,7.8,5.0,4.9,5.0,4.4,2.8,5.2,6.5,Anxiety & Burnout,Self-reported,1,Easy,Yes,1,Yes,None,No,1
2400,32,Prefer not to say,USA,HealthTech,Engineering Manager,Small (51–200),6,>$200k,In-person,Yes,5.0,7.6,1.2,8.9,6.7,4.4,6.7,6.5,3.3,6.1,6.4,Depression,Not sure / undiagnosed,1,Easy,Yes,1,No,None,Partially,1
2401,26,Male,Spain,E-commerce,Frontend Developer,Enterprise (5 000+),7,$100k–$150k,Hybrid,Yes,5.1,7.2,5.9,8.2,7.8,2.9,8.5,6.9,1.3,5.8,5.9,Anxiety,Self-reported,0,Easy,Don't know,0,No,4–7 days,No,1
2402,33,Male,Brazil,Government/Public sector,DevOps/SRE,Small (51–200),0,>$200k,In-person,No,6.3,5.6,1.4,9.3,6.7,8.3,9.4,5.9,1.0,5.7,5.7,Depression & Burnout,Not sure / undiagnosed,1,Difficult,Yes,1,No,>2 weeks,Yes,1
2403,27,Male,USA,Cybersecurity,Data Analyst,Large (1 001–5 000),1,$100k–$150k,In-person,Yes,8.4,6.8,4.6,8.9,5.5,6.0,8.2,5.5,6.0,8.8,7.0,Burnout,Formally diagnosed,0,Moderate,Yes,0,No,None,No,1
2404,29,Female,Singapore,Big Tech,Product Manager,Medium (201–1 000),0,$50k–$75k,Remote,Was already remote,3.6,7.0,4.0,4.7,5.2,7.5,10.0,5.2,2.2,6.5,6.3,Anxiety,Formally diagnosed,1,Easy,Don't know,0,No,1–2 weeks,No,1
2405,44,Female,USA,HealthTech,CTO/VP Engineering,Small (51–200),34,$50k–$75k,Remote,Yes,6.6,7.6,8.2,5.7,5.8,7.5,7.9,9.1,4.1,7.0,4.7,None,N/A,0,Moderate,Yes,0,No,None,N/A,0
2406,42,Male,USA,Government/Public sector,Mobile Developer,Medium (201–1 000),4,$150k–$200k,Hybrid,No,4.4,9.8,6.0,7.4,6.7,4.8,8.6,5.1,2.0,6.7,4.5,Burnout,Self-reported,1,Difficult,Yes,0,No,None,No,1
2407,22,Male,Australia,Cybersecurity,QA/Test Engineer,Large (1 001–5 000),3,<$50k,Remote,Was already remote,6.6,6.5,7.7,6.6,1.6,8.1,9.4,3.9,4.5,6.8,6.0,Depression,Not sure / undiagnosed,0,Easy,Yes,0,Yes,4–7 days,Yes,1
2408,38,Male,India,Gaming,Mobile Developer,Small (51–200),3,$100k–$150k,Hybrid,Yes,7.0,7.7,2.0,2.2,6.8,5.8,9.3,10.0,7.5,7.6,6.1,None,N/A,0,Easy,No,0,Yes,None,N/A,0
2409,38,Male,USA,Gaming,Full-Stack Developer,Startup (1–50),18,$50k–$75k,Hybrid,Was already remote,3.8,8.2,8.9,1.9,7.6,6.2,8.2,6.5,1.9,5.2,6.4,None,N/A,0,Moderate,Yes,0,Yes,None,N/A,0
2410,23,Male,UK,Gaming,Product Manager,Large (1 001–5 000),5,>$200k,Remote,Yes,7.0,5.9,0.0,2.6,5.4,6.3,6.8,7.1,4.9,6.3,6.2,None,N/A,0,Easy,No,0,Yes,None,N/A,0
2411,38,Male,Argentina,Consulting/Agency,Product Manager,Small (51–200),1,$50k–$75k,Remote,No,6.5,6.0,0.0,8.2,4.5,5.1,5.5,5.1,2.1,7.1,4.5,Burnout,Self-reported,1,Easy,Yes,1,No,None,No,1
2412,43,Male,Australia,AI/ML startup,Frontend Developer,Large (1 001–5 000),3,$100k–$150k,Hybrid,Was already remote,8.3,4.6,1.7,7.1,4.1,4.0,7.0,6.8,3.5,5.7,5.5,None,N/A,0,Difficult,Don't know,0,Yes,None,N/A,0
2413,23,Male,France,Consulting/Agency,Data Scientist,Large (1 001–5 000),8,$100k–$150k,Hybrid,Yes,6.0,7.8,5.8,5.9,2.0,4.1,8.1,4.8,1.2,5.6,7.5,Anxiety,Formally diagnosed,1,Moderate,No,0,No,None,No,1
2414,25,Male,USA,Consulting/Agency,ML/AI Engineer,Startup (1–50),3,$150k–$200k,Hybrid,Yes,6.5,5.5,0.4,5.3,5.9,6.0,5.7,4.6,2.9,6.0,5.7,None,N/A,0,Moderate,Yes,0,No,None,N/A,0
2415,39,Female,USA,Cybersecurity,Security Engineer,Medium (201–1 000),2,$100k–$150k,Hybrid,Yes,6.8,5.8,11.6,8.0,6.5,5.8,8.2,5.2,2.0,7.2,6.0,Anxiety,Formally diagnosed,0,Moderate,No,0,Yes,None,No,1
2416,34,Male,USA,Cybersecurity,Data Scientist,Medium (201–1 000),26,>$200k,Remote,Yes,8.6,8.1,0.0,7.7,7.5,3.1,5.1,4.7,5.3,7.0,3.3,Depression,Formally diagnosed,0,Moderate,No,0,No,None,No,1
2417,36,Male,USA,E-commerce,Data Analyst,Large (1 001–5 000),15,$100k–$150k,Hybrid,Yes,2.7,6.7,5.0,3.5,10.0,4.8,8.9,8.6,1.5,6.4,5.0,Depression,Formally diagnosed,0,Moderate,Yes,0,Yes,1–3 days,Yes,1
2418,34,Male,USA,Big Tech,Data Analyst,Small (51–200),15,$75k–$100k,Hybrid,Yes,3.2,9.0,9.1,4.6,6.1,8.1,10.0,6.4,2.1,3.8,6.4,Depression,Formally diagnosed,0,Moderate,Yes,0,No,1–3 days,No,1
2419,34,Non-binary,USA,FinTech,Security Engineer,Medium (201–1 000),0,$100k–$150k,Remote,No,5.8,8.8,11.5,5.7,8.0,7.5,9.8,8.6,4.4,2.5,9.5,Burnout,Self-reported,0,Easy,Yes,0,No,4–7 days,No,1
2420,22,Female,Germany,Gaming,Engineering Manager,Startup (1–50),1,$100k–$150k,Remote,Yes,6.7,5.5,3.3,5.4,2.7,5.7,5.9,7.5,4.5,7.6,5.7,Anxiety,Formally diagnosed,1,No access,Yes,0,No,4–7 days,No,1
2421,39,Male,UK,SaaS/Software,Data Scientist,Startup (1–50),3,$100k–$150k,Remote,Was already remote,3.0,8.0,3.5,5.8,5.0,8.7,8.2,10.0,3.9,2.9,8.0,None,N/A,1,Easy,No,0,Yes,None,N/A,0
2422,40,Male,Brazil,Government/Public sector,ML/AI Engineer,Medium (201–1 000),9,$150k–$200k,Remote,No,5.9,7.1,0.1,5.2,7.9,4.1,9.2,5.6,4.5,4.6,7.3,Anxiety,Formally diagnosed,0,Easy,Yes,0,Yes,None,No,1
2423,30,Male,USA,FinTech,QA/Test Engineer,Small (51–200),7,$100k–$150k,Hybrid,Yes,4.6,7.7,0.2,4.9,6.2,7.6,9.2,5.4,3.3,5.7,6.9,None,N/A,0,Moderate,Yes,0,No,None,N/A,0
2424,31,Male,Canada,SaaS/Software,Product Manager,Startup (1–50),10,<$50k,Hybrid,No,3.7,8.4,15.3,7.1,8.1,3.1,9.8,7.6,1.7,2.7,7.8,None,N/A,0,Difficult,Yes,0,Yes,None,N/A,0
2425,20,Male,USA,Cybersecurity,Cloud Architect,Small (51–200),13,$75k–$100k,Remote,Was already remote,5.7,4.7,0.9,7.0,8.1,6.4,3.6,7.5,2.3,5.8,4.9,None,N/A,0,Difficult,Yes,0,Yes,None,N/A,0
2426,35,Female,Canada,FinTech,CTO/VP Engineering,Small (51–200),8,>$200k,Hybrid,Yes,7.3,6.9,0.0,2.6,9.3,6.8,5.4,5.9,4.1,6.6,5.8,None,N/A,0,Easy,Don't know,0,No,None,N/A,0
2427,36,Male,USA,E-commerce,Engineering Manager,Startup (1–50),1,$150k–$200k,Remote,Was already remote,9.3,6.6,1.5,5.1,7.4,5.9,7.0,7.6,2.9,8.5,4.9,Anxiety,Not sure / undiagnosed,0,No access,Yes,0,No,1–3 days,No,1
2428,31,Female,New Zealand,Gaming,Mobile Developer,Small (51–200),1,$50k–$75k,Hybrid,No,9.8,5.2,0.0,2.8,5.6,6.3,8.3,4.3,4.3,5.9,8.1,Anxiety,Self-reported,1,Easy,Yes,0,No,1–2 weeks,No,1
2429,40,Male,Sweden,AI/ML startup,Product Manager,Small (51–200),2,<$50k,Hybrid,Was already remote,8.2,7.1,0.6,9.3,7.7,4.9,5.8,7.3,3.6,7.1,6.2,Depression,Self-reported,0,Moderate,No,0,Yes,1–3 days,No,1
2430,29,Female,Canada,Government/Public sector,Data Scientist,Large (1 001–5 000),1,$75k–$100k,Hybrid,No,6.6,7.8,1.1,6.4,3.9,5.6,7.5,5.2,1.0,7.4,4.8,Depression,Formally diagnosed,1,Moderate,No,0,No,1–2 weeks,Partially,1
2431,36,Female,USA,SaaS/Software,Data Scientist,Startup (1–50),1,$150k–$200k,Remote,No,5.8,6.1,0.8,5.7,10.0,8.3,6.2,5.9,1.0,4.4,3.7,Other,Self-reported,1,Easy,Yes,1,No,None,Yes,1
2432,24,Male,India,Gaming,Security Engineer,Large (1 001–5 000),7,$50k–$75k,Remote,Yes,6.3,5.1,11.7,7.2,4.9,7.9,10.0,4.6,1.0,4.8,5.5,None,N/A,0,Moderate,Yes,0,No,None,N/A,0
2433,31,Male,Netherlands,E-commerce,Software Engineer,Medium (201–1 000),0,$100k–$150k,In-person,Yes,6.3,8.6,0.7,8.5,5.9,4.6,6.1,5.3,1.0,6.6,4.3,None,N/A,0,Difficult,No,0,No,None,N/A,0
2434,30,Male,USA,AI/ML startup,ML/AI Engineer,Large (1 001–5 000),7,$75k–$100k,Remote,No,8.0,5.2,2.0,2.8,6.5,6.4,8.1,4.9,3.8,7.7,5.1,Depression,Formally diagnosed,1,Moderate,Yes,1,Yes,1–3 days,Yes,1
2435,33,Male,Germany,Government/Public sector,Security Engineer,Startup (1–50),9,$150k–$200k,Hybrid,Yes,8.9,4.5,0.0,4.8,7.3,4.0,5.0,7.4,3.9,7.3,6.6,Anxiety & Depression,Formally diagnosed,0,Easy,Yes,0,No,None,No,1
2436,29,Male,Brazil,AI/ML startup,Security Engineer,Enterprise (5 000+),0,<$50k,Remote,No,3.9,7.3,5.3,6.4,8.4,8.9,5.2,9.6,1.0,4.4,7.7,Burnout,Formally diagnosed,0,Moderate,No,0,Yes,1–3 days,Yes,1
2437,31,Female,Netherlands,Big Tech,Cloud Architect,Large (1 001–5 000),0,$75k–$100k,In-person,No,5.5,4.2,0.8,4.1,4.3,5.4,8.5,3.7,1.7,8.0,6.2,Anxiety & Depression,Self-reported,1,Moderate,No,0,Yes,None,Yes,1
2438,38,Male,Sweden,E-commerce,Engineering Manager,Startup (1–50),1,$100k–$150k,Hybrid,Yes,7.7,6.3,2.6,5.1,3.5,5.9,6.8,7.8,2.0,5.2,6.9,None,N/A,0,Moderate,No,0,Yes,None,N/A,0
2439,28,Non-binary,Singapore,E-commerce,Frontend Developer,Small (51–200),1,$100k–$150k,In-person,Yes,5.8,7.6,6.1,3.0,4.2,5.0,8.7,8.2,3.8,5.8,3.7,None,N/A,0,No access,Yes,0,No,None,N/A,0
2440,19,Male,Mexico,Government/Public sector,Cloud Architect,Large (1 001–5 000),4,$150k–$200k,Remote,Yes,5.3,6.1,1.0,4.7,6.3,2.2,8.4,6.1,2.4,9.2,2.4,Anxiety & Depression,Self-reported,1,Difficult,Don't know,1,No,1–2 weeks,Partially,1
2441,45,Prefer not to say,UK,Gaming,Product Manager,Enterprise (5 000+),6,$50k–$75k,Hybrid,No,8.1,6.7,4.8,4.8,7.2,3.9,5.3,4.4,4.1,6.6,6.2,Depression,Formally diagnosed,0,Difficult,Yes,0,No,None,Partially,1
2442,42,Male,Germany,Gaming,Frontend Developer,Medium (201–1 000),5,$100k–$150k,Remote,Yes,5.1,7.3,0.3,9.5,7.1,4.7,7.8,4.8,1.4,4.9,5.5,None,N/A,0,Moderate,Yes,0,Yes,None,N/A,0
2443,22,Female,Sweden,HealthTech,Full-Stack Developer,Medium (201–1 000),2,$50k–$75k,Remote,Yes,7.2,6.9,0.0,7.6,6.6,6.5,8.9,7.6,2.3,7.3,6.1,Anxiety & Burnout,Formally diagnosed,1,Difficult,Yes,0,No,None,No,1
2444,37,Male,Australia,Gaming,QA/Test Engineer,Small (51–200),3,$100k–$150k,Hybrid,Yes,5.4,6.3,1.7,3.8,6.5,2.6,9.1,5.4,3.3,4.8,5.8,None,N/A,0,No access,No,0,No,None,N/A,0
2445,28,Male,Argentina,Gaming,Data Scientist,Medium (201–1 000),5,$50k–$75k,Hybrid,Was already remote,10.0,5.7,0.4,5.4,8.1,5.0,6.8,6.2,4.8,7.3,2.9,Burnout,Not sure / undiagnosed,1,Difficult,No,0,Yes,1–3 days,No,1
2446,33,Female,USA,Big Tech,Software Engineer,Small (51–200),0,$50k–$75k,Hybrid,No,8.3,6.3,1.6,7.0,7.6,3.7,9.9,3.5,5.3,8.1,3.9,None,N/A,0,Moderate,Yes,1,No,None,N/A,0
2447,34,Male,UK,AI/ML startup,Software Engineer,Medium (201–1 000),1,$75k–$100k,Hybrid,Yes,5.4,6.8,0.0,4.9,3.1,6.6,8.9,7.3,3.9,4.2,9.1,ADHD,Formally diagnosed,1,Moderate,Yes,1,Yes,None,Partially,1
2448,30,Female,USA,Big Tech,Data Analyst,Startup (1–50),12,$75k–$100k,Hybrid,Yes,6.5,6.3,0.0,5.1,6.8,5.8,9.0,8.3,5.7,6.7,5.7,None,N/A,0,No access,Yes,0,Yes,None,N/A,0
2449,26,Female,USA,Gaming,Full-Stack Developer,Startup (1–50),2,$100k–$150k,Remote,No,7.1,8.3,0.0,9.5,7.1,6.0,5.0,4.8,1.4,4.9,7.3,None,N/A,0,Easy,Don't know,0,No,None,N/A,0
2450,26,Male,USA,FinTech,Engineering Manager,Large (1 001–5 000),8,$100k–$150k,In-person,Was already remote,5.2,7.1,10.7,4.1,4.5,7.0,9.6,5.4,1.4,3.4,8.7,None,N/A,0,Easy,No,0,No,None,N/A,0
2451,25,Male,France,Big Tech,QA/Test Engineer,Large (1 001–5 000),1,$100k–$150k,Hybrid,Yes,5.4,7.2,1.2,10.0,7.5,7.5,8.6,3.9,1.2,2.4,10.0,Anxiety,Self-reported,1,No access,Yes,0,No,1–3 days,Partially,1
2452,25,Female,USA,Consulting/Agency,QA/Test Engineer,Small (51–200),0,<$50k,Hybrid,No,7.5,4.9,3.4,4.0,5.8,7.2,8.2,5.9,4.9,4.1,7.7,None,N/A,0,Easy,Yes,0,Yes,None,N/A,0
2453,31,Male,France,FinTech,DevOps/SRE,Enterprise (5 000+),3,$75k–$100k,In-person,Yes,6.0,9.1,3.0,2.4,7.4,4.3,8.1,6.7,2.7,6.7,6.6,None,N/A,0,Moderate,Yes,0,No,None,N/A,0
2454,26,Female,Australia,SaaS/Software,Security Engineer,Small (51–200),12,<$50k,In-person,Yes,3.5,8.1,4.9,9.5,3.3,4.5,10.0,6.8,3.1,4.5,7.5,None,N/A,0,Moderate,Yes,0,No,None,N/A,0
2455,37,Female,USA,Cybersecurity,Engineering Manager,Medium (201–1 000),9,$50k–$75k,Hybrid,No,7.0,6.7,6.9,7.0,3.8,7.0,7.7,8.5,1.2,4.5,5.2,None,N/A,0,Easy,Yes,0,Yes,None,N/A,0
2456,43,Male,USA,HealthTech,Data Scientist,Large (1 001–5 000),1,$50k–$75k,In-person,Yes,7.7,8.1,0.2,6.1,7.9,3.7,7.3,8.6,1.8,7.5,5.3,Anxiety,Formally diagnosed,0,Easy,Yes,0,Yes,1–2 weeks,Partially,1
2457,27,Male,India,SaaS/Software,Data Analyst,Large (1 001–5 000),13,$50k–$75k,Hybrid,No,5.4,5.4,1.8,7.1,7.5,4.1,10.0,7.4,2.6,6.3,7.5,None,N/A,0,Easy,Don't know,0,No,None,N/A,0
2458,33,Female,Netherlands,Cybersecurity,ML/AI Engineer,Enterprise (5 000+),3,$150k–$200k,Remote,Yes,4.6,5.7,1.5,3.7,1.7,5.2,8.9,3.7,5.8,6.9,5.1,None,N/A,0,Difficult,Yes,0,No,None,N/A,0
2459,35,Male,Singapore,Big Tech,ML/AI Engineer,Startup (1–50),0,$100k–$150k,Hybrid,No,8.4,7.2,0.0,5.3,5.5,5.3,9.1,7.4,4.7,7.6,3.6,Anxiety,Self-reported,0,Difficult,No,0,No,None,No,1
2460,35,Male,Japan,Consulting/Agency,Backend Developer,Small (51–200),0,$100k–$150k,Hybrid,Yes,6.3,7.9,0.0,8.2,1.1,5.5,8.5,4.1,3.5,6.2,5.5,Anxiety & Burnout,Formally diagnosed,0,Moderate,Yes,0,No,None,No,1
2461,32,Male,South Africa,Cybersecurity,QA/Test Engineer,Large (1 001–5 000),3,$150k–$200k,Hybrid,Yes,5.9,4.6,4.8,5.1,9.9,7.4,9.9,6.3,1.7,7.5,4.6,None,N/A,0,No access,Don't know,0,No,None,N/A,0
2462,37,Male,Germany,Cybersecurity,Frontend Developer,Small (51–200),4,>$200k,In-person,Yes,5.9,5.5,0.2,5.1,4.8,3.4,8.0,7.0,2.5,7.1,5.3,None,N/A,0,Difficult,Yes,0,No,None,N/A,0
2463,35,Male,Spain,SaaS/Software,Full-Stack Developer,Startup (1–50),0,$75k–$100k,Remote,No,8.6,4.3,0.0,8.6,5.3,3.5,5.7,5.8,3.8,7.8,5.1,Depression,Not sure / undiagnosed,0,No access,Yes,0,Yes,None,No,1
2464,22,Male,Sweden,Gaming,Software Engineer,Medium (201–1 000),14,$75k–$100k,Hybrid,Yes,6.5,7.5,1.6,6.3,4.4,5.4,6.7,9.3,1.0,6.2,7.7,Depression,Not sure / undiagnosed,0,Moderate,No,0,Yes,4–7 days,No,1
2465,38,Female,Ireland,HealthTech,Data Scientist,Medium (201–1 000),6,>$200k,Remote,Yes,6.8,6.5,0.9,7.1,5.2,3.5,7.0,6.0,2.6,8.3,5.7,Anxiety,Self-reported,1,Difficult,Yes,1,No,None,No,1
2466,38,Male,USA,AI/ML startup,CTO/VP Engineering,Medium (201–1 000),8,$150k–$200k,Remote,Yes,5.7,7.1,0.0,3.7,4.7,5.9,4.9,6.8,5.3,8.2,1.1,Anxiety,Formally diagnosed,0,Moderate,Don't know,0,No,1–2 weeks,No,1
2467,26,Male,South Africa,Consulting/Agency,Full-Stack Developer,Small (51–200),4,$150k–$200k,Remote,Was already remote,6.0,5.4,0.0,6.4,8.3,7.7,6.4,9.0,4.7,4.4,6.2,Depression,Not sure / undiagnosed,0,Moderate,Don't know,0,No,None,No,1
2468,32,Prefer not to say,Canada,Cybersecurity,Product Manager,Startup (1–50),5,$100k–$150k,Remote,No,5.4,7.0,8.4,9.0,5.6,9.6,9.6,5.0,5.3,4.0,8.4,None,N/A,1,Difficult,Yes,1,No,None,N/A,0
2469,37,Female,Sweden,Gaming,DevOps/SRE,Small (51–200),2,$100k–$150k,In-person,Yes,6.9,4.7,9.3,3.0,4.8,4.4,8.7,6.0,3.4,10.0,3.4,Burnout,Self-reported,0,Difficult,Yes,0,Yes,None,No,1
2470,30,Female,USA,AI/ML startup,Software Engineer,Medium (201–1 000),6,$100k–$150k,Remote,No,4.0,7.9,2.6,4.5,6.8,6.4,9.2,8.5,1.0,4.3,9.6,ADHD,Formally diagnosed,0,Moderate,Yes,0,No,None,Partially,1
2471,40,Male,UK,Consulting/Agency,Full-Stack Developer,Small (51–200),21,$100k–$150k,In-person,No,6.4,8.5,6.2,8.7,2.0,5.3,10.0,7.4,1.9,2.6,7.7,Burnout,Self-reported,1,Easy,Yes,1,No,None,No,1
2472,49,Female,USA,Gaming,Cloud Architect,Enterprise (5 000+),5,$75k–$100k,Hybrid,Was already remote,5.3,4.2,5.5,7.1,4.7,7.0,7.0,6.6,2.7,3.9,5.1,Anxiety & Burnout,Self-reported,0,Moderate,Don't know,0,Yes,1–3 days,No,1
2473,26,Male,USA,Gaming,Mobile Developer,Startup (1–50),2,$150k–$200k,Hybrid,Yes,5.1,8.3,3.0,4.9,5.4,7.7,8.9,3.7,4.1,4.0,6.4,Burnout,Formally diagnosed,1,Easy,Don't know,0,No,1–2 weeks,No,1
2474,21,Male,USA,Government/Public sector,Full-Stack Developer,Enterprise (5 000+),1,>$200k,Remote,Yes,6.8,6.3,4.4,6.2,3.6,5.3,8.5,6.0,3.5,4.7,6.0,Anxiety,Self-reported,1,Moderate,Yes,0,No,None,Partially,1
2475,34,Male,Sweden,E-commerce,DevOps/SRE,Medium (201–1 000),18,$100k–$150k,Remote,No,6.0,7.0,9.1,5.8,7.0,8.0,7.4,4.3,3.7,6.5,6.9,None,N/A,0,Easy,No,0,Yes,None,N/A,0
2476,37,Male,USA,Gaming,Full-Stack Developer,Small (51–200),1,$75k–$100k,Remote,Yes,4.2,6.6,3.1,2.1,5.8,6.3,7.9,8.0,2.5,6.9,5.9,Anxiety & Burnout,Self-reported,1,Difficult,Yes,0,No,1–3 days,No,1
2477,30,Female,UK,AI/ML startup,Data Analyst,Small (51–200),9,$100k–$150k,Hybrid,Yes,4.4,5.8,2.7,6.5,7.0,8.6,8.4,6.6,1.7,3.5,8.2,None,N/A,0,Easy,Yes,0,No,None,N/A,0
2478,42,Male,USA,HealthTech,Mobile Developer,Small (51–200),3,$50k–$75k,In-person,No,6.4,8.3,0.0,3.4,7.0,6.5,6.9,3.3,2.5,5.9,5.4,None,N/A,0,Moderate,Yes,0,Yes,None,N/A,0
2479,21,Female,India,E-commerce,Software Engineer,Medium (201–1 000),3,>$200k,In-person,Yes,4.6,6.2,2.8,6.9,8.8,4.6,10.0,3.2,1.0,3.7,9.1,None,N/A,0,Easy,Yes,0,No,None,N/A,0
2480,37,Female,USA,Consulting/Agency,CTO/VP Engineering,Medium (201–1 000),7,$100k–$150k,Remote,Yes,3.0,8.9,6.5,3.4,4.0,7.6,8.9,5.2,1.7,5.1,8.3,Anxiety,Formally diagnosed,0,Difficult,Don't know,0,Yes,>2 weeks,Partially,1
2481,27,Female,USA,FinTech,Product Manager,Large (1 001–5 000),0,<$50k,Remote,No,7.5,7.1,4.3,8.0,7.8,5.4,7.9,4.0,3.6,7.2,6.2,Depression,Not sure / undiagnosed,1,Moderate,No,0,No,1–3 days,No,1
2482,44,Male,Canada,Big Tech,Software Engineer,Medium (201–1 000),3,$100k–$150k,Remote,Yes,3.8,6.8,4.0,6.2,4.8,8.0,8.2,5.5,3.0,2.8,7.6,None,N/A,0,Difficult,No,0,No,None,N/A,0
2483,46,Female,India,Consulting/Agency,DevOps/SRE,Large (1 001–5 000),0,$150k–$200k,Hybrid,No,5.4,8.6,0.0,4.1,6.1,5.7,10.0,7.4,3.6,6.9,6.1,Burnout,Self-reported,1,Difficult,No,0,Yes,1–3 days,No,1
2484,26,Male,USA,Gaming,Security Engineer,Large (1 001–5 000),6,$75k–$100k,Remote,Was already remote,4.4,6.9,9.3,4.2,6.8,6.0,8.6,4.8,3.0,4.7,7.6,None,N/A,0,Difficult,Yes,0,No,None,N/A,0
2485,27,Male,USA,AI/ML startup,Product Manager,Small (51–200),0,<$50k,Hybrid,No,4.3,8.4,2.2,5.1,8.1,7.2,6.6,7.8,1.9,4.0,5.1,Depression,Self-reported,1,No access,Don't know,0,Yes,None,Yes,1
2486,38,Prefer not to say,USA,Cybersecurity,Engineering Manager,Large (1 001–5 000),0,$100k–$150k,Hybrid,No,6.6,7.8,2.5,6.2,6.1,6.2,6.2,5.5,5.3,4.7,5.1,None,N/A,0,Easy,Don't know,1,Yes,None,N/A,0
2487,29,Male,New Zealand,SaaS/Software,Cloud Architect,Large (1 001–5 000),10,$150k–$200k,In-person,No,4.8,5.5,1.8,5.8,7.8,3.9,9.6,7.1,2.8,5.5,7.4,Anxiety & Burnout,Formally diagnosed,1,Easy,Yes,0,Yes,>2 weeks,No,1
2488,31,Male,UK,Big Tech,ML/AI Engineer,Enterprise (5 000+),3,$75k–$100k,Hybrid,Was already remote,5.6,5.8,1.3,6.9,8.8,7.9,8.2,3.6,2.3,3.5,9.0,None,N/A,0,Difficult,Don't know,0,No,None,N/A,0
2489,32,Female,India,Consulting/Agency,Data Scientist,Small (51–200),1,$150k–$200k,Remote,Yes,2.7,7.1,3.1,6.7,5.2,8.8,10.0,8.2,2.8,1.4,8.7,None,N/A,0,Easy,Yes,0,No,None,N/A,0
2490,18,Male,USA,Government/Public sector,QA/Test Engineer,Large (1 001–5 000),4,$75k–$100k,Remote,Yes,9.1,5.7,1.2,8.2,5.3,6.6,7.9,8.9,5.9,7.5,4.6,Anxiety,Formally diagnosed,1,Difficult,Don't know,0,No,1–2 weeks,Yes,1
2491,31,Female,Canada,SaaS/Software,Cloud Architect,Enterprise (5 000+),4,<$50k,Remote,Was already remote,6.6,6.9,1.1,10.0,4.3,6.0,7.1,5.9,3.6,7.0,4.6,None,N/A,0,Difficult,Yes,0,No,None,N/A,0
2492,26,Male,USA,Big Tech,Mobile Developer,Large (1 001–5 000),2,$75k–$100k,Remote,No,8.5,4.1,4.7,5.9,4.8,4.1,6.6,5.5,5.0,7.0,4.7,ADHD,Formally diagnosed,1,No access,No,0,No,>2 weeks,No,1
2493,28,Male,USA,HealthTech,ML/AI Engineer,Medium (201–1 000),12,$75k–$100k,Remote,Yes,8.3,6.0,0.0,6.1,6.4,7.4,6.2,6.6,3.2,6.6,3.8,Burnout,Formally diagnosed,0,Moderate,Don't know,0,No,1–3 days,No,1
2494,42,Male,Canada,Cybersecurity,Data Analyst,Enterprise (5 000+),7,>$200k,In-person,Was already remote,8.1,6.7,0.0,7.1,5.6,3.6,7.5,6.0,5.9,5.5,5.5,None,N/A,0,No access,Yes,0,No,None,N/A,0
2495,22,Male,UK,Government/Public sector,Software Engineer,Enterprise (5 000+),0,>$200k,Remote,Yes,5.6,7.6,0.1,4.9,5.5,5.4,5.9,5.6,5.1,4.3,6.0,None,N/A,0,Moderate,Don't know,0,Yes,None,N/A,0
2496,38,Male,USA,Big Tech,Cloud Architect,Large (1 001–5 000),4,$50k–$75k,In-person,No,6.1,5.9,2.6,3.8,6.5,5.5,7.5,10.0,3.6,6.7,4.4,Other,Not sure / undiagnosed,1,Difficult,Yes,1,No,None,No,1
2497,29,Female,Australia,Gaming,Mobile Developer,Medium (201–1 000),0,$100k–$150k,Remote,Was already remote,4.2,5.9,2.1,4.9,5.5,4.5,8.0,8.3,2.5,4.6,6.4,ADHD,Formally diagnosed,0,Difficult,Yes,0,Yes,4–7 days,Partially,1
2498,29,Male,Argentina,Big Tech,Product Manager,Large (1 001–5 000),1,>$200k,Remote,No,6.2,6.2,1.8,6.4,3.1,6.8,7.9,7.2,4.1,6.5,6.0,Depression,Self-reported,0,Moderate,No,0,No,None,No,1
2499,37,Non-binary,UK,AI/ML startup,Data Scientist,Startup (1–50),13,$75k–$100k,Hybrid,Was already remote,3.8,7.7,3.4,6.8,4.2,5.5,8.3,7.0,2.1,3.7,8.5,None,N/A,0,Difficult,Don't know,0,No,None,N/A,0
2500,34,Male,India,AI/ML startup,CTO/VP Engineering,Small (51–200),3,$75k–$100k,Hybrid,No,8.5,4.7,0.4,10.0,6.7,4.8,7.3,3.5,5.9,9.1,4.3,None,N/A,0,Difficult,No,0,Yes,None,N/A,0
2501,36,Male,South Africa,AI/ML startup,Data Scientist,Enterprise (5 000+),12,$50k–$75k,Hybrid,Was already remote,7.6,5.9,0.0,3.3,6.5,6.5,8.9,5.8,6.1,8.5,4.3,Burnout,Self-reported,0,Difficult,No,0,Yes,None,Yes,1
2502,39,Female,Brazil,Consulting/Agency,CTO/VP Engineering,Large (1 001–5 000),0,$150k–$200k,Hybrid,Was already remote,7.1,5.8,0.7,6.9,4.2,7.3,9.4,5.6,2.5,8.3,5.5,ADHD,Formally diagnosed,1,Moderate,Don't know,0,No,None,Partially,1
2503,29,Non-binary,Canada,Cybersecurity,DevOps/SRE,Enterprise (5 000+),1,$100k–$150k,In-person,Yes,5.0,5.1,17.9,5.8,4.6,7.1,7.8,8.5,2.3,6.2,5.7,None,N/A,1,No access,Don't know,0,No,None,N/A,0
2504,27,Male,France,Cybersecurity,DevOps/SRE,Medium (201–1 000),2,$100k–$150k,Hybrid,Yes,8.1,4.4,9.8,8.5,4.5,7.2,8.4,4.7,1.4,4.3,7.9,None,N/A,0,Moderate,No,0,Yes,None,N/A,0
2505,23,Female,USA,Consulting/Agency,DevOps/SRE,Medium (201–1 000),2,$100k–$150k,Remote,No,3.2,8.8,11.5,4.1,5.3,7.3,5.5,7.3,4.8,4.7,7.7,Anxiety & Depression,Self-reported,1,No access,Yes,1,No,>2 weeks,No,1
2506,25,Female,Germany,Cybersecurity,Frontend Developer,Enterprise (5 000+),7,$50k–$75k,In-person,Was already remote,5.8,7.5,0.0,7.8,7.7,2.0,8.7,5.0,3.5,6.8,3.8,None,N/A,0,Moderate,No,0,Yes,None,N/A,0
2507,54,Male,USA,AI/ML startup,Software Engineer,Small (51–200),5,$50k–$75k,In-person,No,6.3,7.6,0.0,5.3,9.1,4.9,5.7,7.0,1.0,5.8,4.8,None,N/A,0,Moderate,Don't know,0,No,None,N/A,0
2508,41,Female,USA,AI/ML startup,Mobile Developer,Large (1 001–5 000),4,>$200k,In-person,Was already remote,8.9,5.6,0.0,8.1,6.4,5.3,8.0,5.4,2.8,6.4,5.9,Depression,Not sure / undiagnosed,0,Difficult,Yes,0,Yes,None,No,1
2509,21,Male,UK,FinTech,Backend Developer,Medium (201–1 000),5,$150k–$200k,Hybrid,Was already remote,3.7,7.3,6.3,6.2,8.9,5.8,10.0,6.9,1.0,4.3,7.3,None,N/A,0,Difficult,No,0,Yes,None,N/A,0
2510,22,Female,USA,Big Tech,Security Engineer,Small (51–200),7,$100k–$150k,Hybrid,No,8.4,6.7,15.7,7.9,5.2,4.6,7.7,6.8,3.7,5.5,7.0,None,N/A,1,Difficult,Yes,1,Yes,None,N/A,0
2511,35,Non-binary,Australia,Cybersecurity,Mobile Developer,Startup (1–50),12,<$50k,Hybrid,No,8.1,7.9,1.9,7.0,6.6,3.5,6.3,7.3,2.7,6.8,3.2,Anxiety & Depression,Formally diagnosed,0,Moderate,No,0,No,None,No,1
2512,36,Female,Canada,E-commerce,Data Analyst,Medium (201–1 000),2,$100k–$150k,Remote,Yes,8.2,6.5,3.3,4.4,5.4,6.8,5.3,8.4,3.5,5.4,6.5,None,N/A,0,Moderate,No,0,Yes,None,N/A,0
2513,36,Male,Germany,AI/ML startup,Full-Stack Developer,Medium (201–1 000),8,$100k–$150k,Remote,Yes,5.0,6.1,1.5,2.5,7.3,5.9,8.3,7.7,5.3,4.3,8.1,None,N/A,0,Moderate,Don't know,0,Yes,None,N/A,0
2514,30,Male,USA,Big Tech,Data Analyst,Small (51–200),3,$100k–$150k,In-person,Was already remote,6.8,7.1,4.6,9.2,7.6,4.6,7.2,8.1,3.0,5.1,6.3,Depression,Self-reported,1,Moderate,Yes,1,Yes,1–3 days,Partially,1
2515,31,Non-binary,USA,SaaS/Software,Mobile Developer,Medium (201–1 000),7,>$200k,In-person,Yes,7.6,3.1,3.0,5.8,4.8,5.6,7.1,9.2,3.9,6.5,6.0,Depression & Burnout,Formally diagnosed,0,Moderate,Yes,0,No,None,No,1
2516,34,Male,India,Government/Public sector,Engineering Manager,Large (1 001–5 000),11,<$50k,Remote,Was already remote,6.5,5.5,5.2,8.8,8.1,6.2,7.9,6.3,2.0,5.8,4.4,Depression & Burnout,Self-reported,0,Moderate,Don't know,0,No,4–7 days,Partially,1
2517,32,Male,Italy,E-commerce,CTO/VP Engineering,Large (1 001–5 000),0,$100k–$150k,Hybrid,Yes,6.6,6.6,2.0,6.2,4.9,7.9,9.2,6.5,3.0,6.3,4.8,None,N/A,0,Easy,No,0,Yes,None,N/A,0
2518,18,Female,USA,E-commerce,QA/Test Engineer,Startup (1–50),4,$75k–$100k,Hybrid,Yes,6.9,7.1,0.2,8.3,3.7,5.1,6.3,4.5,3.6,3.2,6.7,Burnout,Not sure / undiagnosed,1,Easy,Yes,1,No,None,Yes,1
2519,30,Male,USA,Government/Public sector,DevOps/SRE,Large (1 001–5 000),24,$100k–$150k,Hybrid,Yes,4.9,7.6,2.3,4.5,8.1,3.7,6.6,5.5,5.2,7.3,5.8,None,N/A,0,Moderate,No,0,No,None,N/A,0
2520,25,Male,Singapore,Consulting/Agency,QA/Test Engineer,Startup (1–50),3,$100k–$150k,Remote,Was already remote,4.8,6.4,1.4,6.7,6.6,7.8,8.3,2.8,2.7,7.6,3.7,Anxiety,Formally diagnosed,1,No access,Yes,1,Yes,4–7 days,No,1
2521,33,Male,USA,Cybersecurity,Data Analyst,Startup (1–50),10,$100k–$150k,In-person,Yes,7.4,6.1,3.5,10.0,6.2,4.9,7.0,8.3,1.9,9.2,2.6,Depression,Self-reported,0,Difficult,No,0,No,None,Partially,1
2522,54,Male,Singapore,E-commerce,Frontend Developer,Small (51–200),1,$50k–$75k,In-person,No,4.9,6.5,0.5,4.5,6.5,6.6,8.5,5.8,3.2,3.8,6.3,None,N/A,0,Easy,Don't know,0,Yes,None,N/A,0
2523,34,Female,Germany,SaaS/Software,QA/Test Engineer,Large (1 001–5 000),5,$100k–$150k,In-person,Yes,6.6,7.2,1.0,7.6,5.3,4.5,8.0,9.1,3.0,5.8,6.3,None,N/A,0,Moderate,Yes,0,No,None,N/A,0
2524,29,Female,UK,Big Tech,Cloud Architect,Startup (1–50),11,>$200k,Remote,No,3.7,7.7,0.4,6.3,7.1,7.7,8.9,6.9,6.3,3.5,8.3,None,N/A,0,Difficult,Yes,0,No,None,N/A,0
2525,38,Male,USA,Consulting/Agency,Software Engineer,Startup (1–50),3,$100k–$150k,In-person,Yes,5.6,6.6,5.7,7.2,3.4,5.0,6.8,5.0,2.2,5.8,4.8,None,N/A,0,No access,Yes,0,No,None,N/A,0
2526,35,Female,USA,Gaming,Product Manager,Startup (1–50),3,$50k–$75k,Hybrid,Yes,8.7,5.3,0.8,6.5,9.8,2.9,7.0,3.7,4.0,10.0,4.3,Depression,Formally diagnosed,0,Difficult,Yes,0,No,None,No,1
2527,35,Female,USA,Gaming,Backend Developer,Enterprise (5 000+),0,$150k–$200k,Hybrid,Yes,6.4,6.9,4.8,3.0,4.1,6.7,9.9,2.7,4.8,5.2,7.8,None,N/A,1,Difficult,Yes,1,No,None,N/A,0
2528,36,Female,Singapore,Government/Public sector,CTO/VP Engineering,Enterprise (5 000+),0,$75k–$100k,In-person,No,8.1,6.2,0.0,7.3,3.7,5.4,6.8,4.2,3.8,5.1,7.3,Depression,Formally diagnosed,0,No access,No,0,No,1–3 days,No,1
2529,47,Male,France,Big Tech,Backend Developer,Startup (1–50),3,$75k–$100k,Hybrid,Yes,9.0,7.6,0.0,7.1,7.2,6.3,6.8,7.4,5.4,8.1,6.5,None,N/A,0,Easy,Yes,0,No,None,N/A,0
2530,23,Female,Australia,Big Tech,Security Engineer,Small (51–200),10,$100k–$150k,Hybrid,Yes,7.6,6.2,5.9,9.5,4.0,1.9,8.9,7.6,3.0,7.9,5.3,Anxiety,Self-reported,0,Moderate,No,0,No,4–7 days,Yes,1
2531,35,Male,Sweden,Gaming,Data Analyst,Enterprise (5 000+),14,$75k–$100k,In-person,Yes,6.8,6.2,2.7,4.1,7.7,5.0,6.1,6.7,3.1,6.4,5.2,Depression,Self-reported,0,Difficult,No,0,Yes,4–7 days,Yes,1
2532,25,Female,USA,E-commerce,Full-Stack Developer,Startup (1–50),5,$75k–$100k,Hybrid,Yes,5.8,5.7,0.0,6.9,7.3,5.3,7.7,6.9,3.4,6.3,6.2,None,N/A,0,No access,No,0,Yes,None,N/A,0
2533,36,Female,India,Cybersecurity,DevOps/SRE,Startup (1–50),9,$150k–$200k,Remote,No,5.6,8.3,8.1,4.2,3.6,7.9,9.6,4.1,3.7,7.4,8.6,Depression,Self-reported,1,Moderate,Yes,1,Yes,1–3 days,Partially,1
2534,25,Male,Canada,Government/Public sector,Data Analyst,Startup (1–50),7,$75k–$100k,In-person,Yes,5.4,6.8,14.2,8.3,5.7,5.6,9.3,4.7,3.3,5.4,9.9,Anxiety,Formally diagnosed,1,No access,No,1,No,>2 weeks,Yes,1
2535,28,Non-binary,Sweden,Gaming,QA/Test Engineer,Enterprise (5 000+),6,$100k–$150k,Remote,No,8.0,6.4,3.0,7.8,9.0,5.3,8.0,5.1,2.6,6.5,6.3,None,N/A,0,Moderate,Don't know,0,Yes,None,N/A,0
2536,29,Male,USA,Big Tech,Frontend Developer,Large (1 001–5 000),8,<$50k,Remote,Was already remote,6.4,8.4,4.2,5.9,4.9,8.6,4.1,7.2,4.0,3.5,6.8,None,N/A,0,Difficult,No,0,No,None,N/A,0
2537,39,Female,India,Consulting/Agency,Product Manager,Small (51–200),3,$100k–$150k,Hybrid,No,7.5,7.5,0.0,3.9,4.4,8.1,6.1,4.3,5.9,6.1,6.3,None,N/A,0,Moderate,Yes,0,No,None,N/A,0
2538,38,Male,Singapore,SaaS/Software,CTO/VP Engineering,Startup (1–50),3,$50k–$75k,Hybrid,Yes,9.0,4.4,4.0,6.4,5.7,7.1,4.3,7.6,1.4,6.0,6.0,None,N/A,0,Difficult,Yes,0,No,None,N/A,0
2539,22,Non-binary,UK,Consulting/Agency,Cloud Architect,Enterprise (5 000+),0,$75k–$100k,Remote,No,9.5,7.1,0.0,7.4,6.9,5.9,8.4,4.3,3.9,6.3,4.7,None,N/A,0,Easy,No,0,No,None,N/A,0
2540,32,Male,USA,Consulting/Agency,Backend Developer,Medium (201–1 000),10,$75k–$100k,In-person,Was already remote,7.3,7.6,7.1,8.5,5.0,4.3,8.0,8.5,1.7,6.6,6.0,Burnout,Self-reported,0,Moderate,No,0,Yes,1–3 days,No,1
2541,26,Male,Germany,Cybersecurity,ML/AI Engineer,Medium (201–1 000),0,$50k–$75k,In-person,No,7.3,4.4,1.8,3.9,4.4,7.7,7.2,4.7,5.1,7.1,4.9,Anxiety & Burnout,Self-reported,0,Moderate,No,0,No,None,No,1
2542,22,Male,UK,Government/Public sector,Backend Developer,Small (51–200),1,$75k–$100k,In-person,Yes,5.6,8.3,0.4,4.5,7.3,7.3,6.8,4.8,3.2,5.2,4.4,None,N/A,0,Difficult,Yes,0,Yes,None,N/A,0
2543,30,Male,Australia,Gaming,CTO/VP Engineering,Large (1 001–5 000),4,$100k–$150k,Remote,Yes,7.7,5.6,0.0,4.4,9.8,7.2,6.5,7.8,2.9,8.9,4.4,Other,Formally diagnosed,1,Easy,Don't know,0,No,>2 weeks,Partially,1
2544,29,Male,Poland,AI/ML startup,Engineering Manager,Small (51–200),19,$100k–$150k,Hybrid,Yes,4.5,7.7,2.2,6.0,5.9,5.9,10.0,6.5,1.7,5.5,5.1,Anxiety,Self-reported,0,Easy,Yes,0,No,1–3 days,No,1
2545,50,Female,Canada,Big Tech,Product Manager,Large (1 001–5 000),8,$75k–$100k,Remote,Was already remote,6.2,6.0,0.0,5.2,4.7,4.8,7.7,6.6,5.8,5.7,6.6,Depression,Formally diagnosed,0,No access,Don't know,0,No,4–7 days,No,1
2546,35,Male,Canada,Consulting/Agency,Software Engineer,Small (51–200),2,$75k–$100k,Remote,Was already remote,4.2,9.5,11.6,8.0,5.4,5.4,7.7,7.7,1.6,5.6,4.6,None,N/A,1,Moderate,Yes,0,Yes,None,N/A,0
2547,21,Male,India,Consulting/Agency,Mobile Developer,Startup (1–50),6,$100k–$150k,Hybrid,Yes,3.7,7.3,1.0,7.4,2.9,6.7,7.1,6.5,1.9,5.8,5.2,None,N/A,0,Difficult,Yes,0,Yes,None,N/A,0
2548,27,Male,USA,Government/Public sector,QA/Test Engineer,Medium (201–1 000),14,$150k–$200k,Hybrid,Yes,6.6,7.4,1.5,7.9,5.8,6.5,10.0,8.5,3.4,4.7,7.3,Depression,Self-reported,0,Easy,No,0,No,None,No,1
2549,39,Female,USA,HealthTech,Data Scientist,Large (1 001–5 000),4,$100k–$150k,Hybrid,Yes,4.2,7.1,3.5,8.7,7.0,3.7,8.6,5.5,1.0,6.6,5.9,Burnout,Formally diagnosed,0,No access,No,0,Yes,1–3 days,No,1
2550,47,Female,Spain,Big Tech,CTO/VP Engineering,Medium (201–1 000),3,>$200k,Hybrid,Was already remote,5.0,5.6,3.9,3.6,4.6,7.6,7.7,6.5,4.5,5.2,5.9,None,N/A,0,No access,No,0,Yes,None,N/A,0
2551,20,Female,Australia,SaaS/Software,Frontend Developer,Startup (1–50),4,>$200k,Remote,No,6.8,6.3,2.4,6.2,2.7,4.1,5.4,7.8,1.4,6.8,4.8,Burnout,Formally diagnosed,1,Moderate,No,0,No,1–2 weeks,Yes,1
2552,18,Female,USA,AI/ML startup,CTO/VP Engineering,Medium (201–1 000),2,$50k–$75k,In-person,Was already remote,7.7,4.7,0.0,6.6,7.7,4.4,5.6,8.9,4.5,6.1,4.8,None,N/A,0,Easy,Yes,0,Yes,None,N/A,0
2553,46,Male,USA,Gaming,CTO/VP Engineering,Large (1 001–5 000),13,$75k–$100k,Hybrid,No,9.6,6.1,1.0,4.8,2.9,6.5,8.0,4.7,3.4,4.0,8.3,Depression,Self-reported,1,Difficult,No,0,No,1–3 days,Yes,1
2554,34,Male,Australia,FinTech,Full-Stack Developer,Large (1 001–5 000),8,$150k–$200k,Remote,Was already remote,2.6,7.1,2.0,6.3,5.5,10.0,6.9,5.8,1.6,4.5,5.1,Anxiety & Burnout,Formally diagnosed,0,Moderate,No,0,No,1–2 weeks,No,1
2555,25,Male,Netherlands,FinTech,ML/AI Engineer,Medium (201–1 000),6,<$50k,Hybrid,Yes,4.5,5.4,0.5,7.2,9.0,6.6,6.6,6.4,3.7,4.2,7.6,Depression,Not sure / undiagnosed,0,Easy,Don't know,0,No,1–3 days,No,1
2556,36,Female,Brazil,Big Tech,Engineering Manager,Startup (1–50),4,$100k–$150k,Remote,Yes,2.6,6.8,2.4,5.4,6.6,7.4,8.8,6.5,1.0,4.4,6.6,None,N/A,0,Easy,No,0,No,None,N/A,0
2557,18,Prefer not to say,USA,Gaming,Data Analyst,Medium (201–1 000),19,>$200k,Hybrid,Yes,3.7,5.9,3.6,6.5,2.0,6.5,9.5,7.0,1.7,5.3,8.2,Anxiety & Burnout,Self-reported,1,Moderate,Yes,1,Yes,1–3 days,Partially,1
2558,32,Male,Mexico,HealthTech,Engineering Manager,Small (51–200),1,$100k–$150k,Remote,Was already remote,6.9,5.9,0.0,5.7,3.5,6.0,7.5,8.3,2.6,7.4,5.3,Anxiety,Formally diagnosed,1,Moderate,No,0,No,4–7 days,No,1
2559,34,Male,Germany,SaaS/Software,DevOps/SRE,Enterprise (5 000+),1,$50k–$75k,Hybrid,Yes,5.9,6.4,0.4,7.6,4.3,7.0,7.0,7.2,3.2,4.0,7.6,None,N/A,0,No access,Yes,1,Yes,None,N/A,0
2560,38,Male,Australia,AI/ML startup,DevOps/SRE,Medium (201–1 000),1,$150k–$200k,Remote,Yes,3.1,8.0,0.8,8.2,3.6,6.6,8.2,5.8,1.0,3.3,8.6,None,N/A,0,Difficult,Yes,0,Yes,None,N/A,0
2561,24,Male,India,HealthTech,DevOps/SRE,Medium (201–1 000),7,$75k–$100k,Remote,Was already remote,6.6,5.5,0.0,7.4,3.1,5.4,6.6,7.8,2.1,6.7,2.9,None,N/A,0,Moderate,Yes,0,No,None,N/A,0
2562,32,Female,USA,AI/ML startup,ML/AI Engineer,Small (51–200),8,>$200k,Hybrid,Was already remote,8.8,5.1,8.6,9.2,3.8,4.1,6.4,10.0,3.7,8.6,4.2,Burnout,Formally diagnosed,0,Easy,Yes,0,No,1–3 days,No,1
2563,25,Male,South Africa,FinTech,Product Manager,Small (51–200),5,$75k–$100k,In-person,Was already remote,4.1,7.4,6.6,1.5,7.1,7.3,7.4,5.7,6.1,6.0,5.7,None,N/A,0,Difficult,No,0,No,None,N/A,0
2564,33,Non-binary,USA,E-commerce,Full-Stack Developer,Medium (201–1 000),5,$100k–$150k,Hybrid,Yes,6.8,6.5,0.4,5.6,7.6,6.3,7.9,5.4,3.6,4.8,6.9,None,N/A,0,Difficult,No,0,Yes,None,N/A,0
2565,25,Male,USA,FinTech,CTO/VP Engineering,Small (51–200),2,$150k–$200k,In-person,Was already remote,8.9,6.8,1.9,4.3,2.6,4.9,8.4,4.6,4.0,8.2,5.6,None,N/A,0,Difficult,Yes,0,No,None,N/A,0
2566,28,Non-binary,Brazil,E-commerce,Cloud Architect,Enterprise (5 000+),0,$75k–$100k,Hybrid,No,4.4,6.7,5.8,9.3,10.0,9.0,10.0,8.9,1.3,3.5,6.5,Anxiety,Self-reported,1,Moderate,No,0,No,None,Yes,1
2567,24,Female,India,Gaming,Backend Developer,Medium (201–1 000),1,$50k–$75k,Remote,Was already remote,5.9,7.2,1.4,4.0,7.7,7.4,5.5,4.6,6.3,6.5,4.9,ADHD,Formally diagnosed,1,Moderate,Yes,1,No,None,No,1
2568,36,Female,Brazil,Big Tech,Data Analyst,Small (51–200),4,<$50k,Hybrid,Was already remote,3.4,4.0,5.2,9.1,9.4,9.6,7.4,5.6,2.7,4.3,7.9,None,N/A,0,Easy,No,0,No,None,N/A,0
2569,38,Female,Germany,FinTech,Data Scientist,Small (51–200),9,$100k–$150k,Hybrid,Yes,8.4,5.2,6.1,5.8,3.7,7.0,7.4,7.6,2.2,5.9,8.4,Depression,Self-reported,1,Moderate,Yes,1,No,>2 weeks,No,1
2570,30,Female,UK,Government/Public sector,Security Engineer,Large (1 001–5 000),8,>$200k,In-person,No,6.8,6.5,1.9,5.0,3.4,3.6,7.7,4.6,1.0,8.9,5.1,Anxiety & Burnout,Formally diagnosed,1,No access,No,0,No,4–7 days,No,1
2571,32,Female,Spain,HealthTech,Full-Stack Developer,Startup (1–50),1,$75k–$100k,Hybrid,No,4.9,6.7,7.7,7.0,7.6,7.7,8.6,7.6,1.0,5.4,6.8,None,N/A,1,Moderate,No,0,Yes,None,N/A,0
2572,21,Female,USA,Government/Public sector,Security Engineer,Medium (201–1 000),0,<$50k,Hybrid,Was already remote,5.7,6.8,0.6,10.0,6.8,8.0,10.0,6.5,2.2,5.2,5.7,None,N/A,1,Easy,Yes,1,No,None,N/A,0
2573,29,Female,Japan,Gaming,Data Analyst,Medium (201–1 000),10,$100k–$150k,In-person,Yes,7.7,7.2,7.4,4.7,6.6,2.9,10.0,2.1,3.9,7.5,7.6,Depression,Self-reported,0,Easy,Yes,0,No,1–3 days,No,1
2574,31,Prefer not to say,USA,Consulting/Agency,Data Scientist,Small (51–200),0,<$50k,In-person,Yes,3.1,6.6,6.3,6.9,5.3,7.1,10.0,8.5,2.0,4.7,7.2,Anxiety,Formally diagnosed,1,Easy,Yes,1,No,None,No,1
2575,51,Female,Japan,Government/Public sector,Frontend Developer,Large (1 001–5 000),2,$100k–$150k,Hybrid,No,4.5,7.2,6.5,7.1,5.4,4.3,6.2,8.3,4.8,5.2,4.2,Anxiety,Self-reported,1,Moderate,No,0,No,4–7 days,No,1
2576,23,Female,USA,Gaming,Product Manager,Large (1 001–5 000),0,$75k–$100k,Hybrid,No,6.4,6.2,0.0,4.5,7.6,6.2,7.4,5.0,3.6,8.7,3.2,ADHD,Formally diagnosed,1,Easy,Yes,0,Yes,>2 weeks,Yes,1
2577,42,Female,Germany,Consulting/Agency,CTO/VP Engineering,Enterprise (5 000+),4,$100k–$150k,In-person,Was already remote,7.6,6.7,3.1,5.2,4.6,6.4,9.1,5.2,3.8,5.9,4.2,None,N/A,1,Moderate,No,0,Yes,None,N/A,0
2578,39,Male,Ireland,E-commerce,Mobile Developer,Medium (201–1 000),2,$50k–$75k,Remote,No,6.8,6.9,1.3,5.4,2.9,5.0,10.0,5.8,3.0,6.2,6.7,None,N/A,0,Difficult,No,0,Yes,None,N/A,0
2579,34,Male,Canada,Government/Public sector,Frontend Developer,Medium (201–1 000),1,$50k–$75k,Remote,Yes,3.4,5.9,3.7,6.6,6.5,8.3,8.6,7.9,2.4,3.9,8.8,None,N/A,0,Moderate,Yes,0,Yes,None,N/A,0
2580,45,Male,France,Gaming,Product Manager,Small (51–200),4,$150k–$200k,In-person,Was already remote,7.8,6.6,0.0,3.7,8.6,2.6,7.7,7.5,5.0,9.9,5.0,Anxiety,Formally diagnosed,1,No access,Don't know,0,Yes,None,Yes,1
2581,34,Male,Sweden,Consulting/Agency,Security Engineer,Medium (201–1 000),2,$75k–$100k,Remote,No,8.1,6.8,0.1,6.5,2.9,6.3,7.9,7.0,3.6,6.2,7.3,Anxiety & Depression,Formally diagnosed,1,Moderate,Yes,1,Yes,4–7 days,No,1
2582,34,Female,France,E-commerce,QA/Test Engineer,Startup (1–50),1,$150k–$200k,In-person,No,7.8,6.3,0.7,4.2,5.8,5.2,8.3,8.3,2.1,8.5,2.8,Anxiety,Self-reported,0,Difficult,Yes,0,Yes,None,Yes,1
2583,31,Male,Spain,Gaming,Backend Developer,Large (1 001–5 000),6,$150k–$200k,Hybrid,Was already remote,6.0,7.0,4.1,6.0,1.6,6.1,9.5,4.5,1.4,5.5,6.6,Anxiety,Formally diagnosed,0,No access,Don't know,0,No,None,No,1
2584,41,Female,Canada,Gaming,Software Engineer,Small (51–200),9,$50k–$75k,In-person,No,5.0,7.0,2.8,4.2,8.2,4.6,4.3,4.6,3.7,6.6,6.0,Depression,Formally diagnosed,1,Moderate,No,0,Yes,1–3 days,Yes,1
2585,40,Male,USA,E-commerce,Mobile Developer,Medium (201–1 000),1,>$200k,Hybrid,No,8.6,5.1,0.0,8.9,4.1,6.1,7.7,9.1,1.9,9.2,5.1,Anxiety,Not sure / undiagnosed,1,Moderate,Yes,1,No,1–2 weeks,No,1
2586,27,Male,USA,E-commerce,Cloud Architect,Small (51–200),1,$50k–$75k,Remote,Yes,5.2,6.3,1.4,6.9,5.9,7.9,8.0,5.4,2.0,3.9,7.3,Anxiety & Burnout,Self-reported,0,No access,Yes,0,No,None,Yes,1
2587,22,Female,USA,Gaming,Mobile Developer,Large (1 001–5 000),0,$150k–$200k,Hybrid,Was already remote,6.2,6.7,9.5,4.9,6.0,8.4,8.0,6.0,1.0,6.7,4.4,None,N/A,0,Moderate,Yes,0,No,None,N/A,0
2588,30,Female,USA,Cybersecurity,Security Engineer,Medium (201–1 000),4,$100k–$150k,In-person,Yes,7.7,6.1,0.0,9.6,6.1,8.4,5.6,5.9,4.2,3.5,6.9,None,N/A,0,No access,Yes,0,No,None,N/A,0
2589,25,Male,Germany,AI/ML startup,Software Engineer,Medium (201–1 000),9,$50k–$75k,Remote,Yes,8.3,5.4,0.0,3.5,7.0,4.3,5.5,5.7,3.3,7.2,5.4,Anxiety,Formally diagnosed,0,Moderate,No,0,No,None,No,1
2590,31,Female,USA,Cybersecurity,Product Manager,Enterprise (5 000+),1,>$200k,Hybrid,Was already remote,4.7,6.1,1.4,6.3,9.0,5.4,8.0,6.4,1.0,5.2,7.4,None,N/A,0,Difficult,No,0,No,None,N/A,0
2591,41,Female,USA,SaaS/Software,CTO/VP Engineering,Large (1 001–5 000),3,>$200k,Remote,No,8.3,6.0,0.2,7.2,5.3,5.3,7.6,6.0,4.5,6.8,7.1,Anxiety & Depression,Not sure / undiagnosed,0,Moderate,Don't know,0,No,>2 weeks,No,1
2592,28,Male,USA,FinTech,Software Engineer,Small (51–200),0,$100k–$150k,In-person,Yes,5.0,5.3,0.4,5.8,5.5,5.7,6.1,7.7,1.0,5.1,5.3,Anxiety & Burnout,Self-reported,1,Moderate,Yes,1,Yes,None,Partially,1
2593,31,Male,Brazil,AI/ML startup,ML/AI Engineer,Medium (201–1 000),2,$100k–$150k,Hybrid,Yes,7.4,5.7,0.6,6.1,3.6,5.3,7.2,9.8,1.6,7.2,5.1,ADHD,Not sure / undiagnosed,0,Moderate,Yes,0,No,>2 weeks,No,1
2594,32,Prefer not to say,India,HealthTech,Data Analyst,Medium (201–1 000),0,>$200k,Remote,Was already remote,7.2,7.7,2.1,5.1,2.3,6.6,9.7,6.1,4.7,5.6,6.2,None,N/A,0,Difficult,No,0,Yes,None,N/A,0
2595,38,Male,UK,Government/Public sector,CTO/VP Engineering,Large (1 001–5 000),13,$100k–$150k,Hybrid,No,6.1,6.9,3.6,4.7,4.7,4.7,10.0,8.4,2.3,5.9,5.8,None,N/A,0,Easy,Yes,0,No,None,N/A,0
2596,18,Male,Ireland,FinTech,Full-Stack Developer,Large (1 001–5 000),6,$75k–$100k,Hybrid,Yes,3.5,6.6,4.0,8.0,6.8,6.0,9.0,6.6,4.3,4.1,7.3,None,N/A,0,Easy,Yes,0,No,None,N/A,0
2597,27,Male,USA,Cybersecurity,Engineering Manager,Small (51–200),2,$100k–$150k,In-person,Was already remote,4.2,6.5,0.8,6.6,5.4,2.4,8.1,5.7,1.0,5.5,5.2,Depression,Formally diagnosed,1,Easy,Yes,1,No,None,Partially,1
2598,33,Female,Italy,E-commerce,Mobile Developer,Large (1 001–5 000),11,$150k–$200k,In-person,No,7.8,8.8,2.6,7.0,8.5,5.0,6.5,4.5,5.8,6.6,4.0,None,N/A,0,No access,Yes,0,No,None,N/A,0
2599,41,Female,India,Gaming,Frontend Developer,Small (51–200),1,$150k–$200k,Hybrid,Yes,6.8,6.4,1.0,7.6,5.8,4.5,8.4,5.5,1.4,6.3,6.6,Anxiety,Formally diagnosed,1,Difficult,Yes,0,Yes,1–3 days,Yes,1
2600,28,Female,USA,Cybersecurity,Security Engineer,Large (1 001–5 000),0,>$200k,In-person,Yes,7.0,6.9,5.5,5.2,8.8,4.4,8.3,1.5,2.9,7.2,5.7,Anxiety & Burnout,Self-reported,1,Easy,Don't know,0,No,1–3 days,No,1
2601,18,Male,Australia,HealthTech,QA/Test Engineer,Small (51–200),15,$75k–$100k,Hybrid,No,5.5,5.9,1.4,5.1,6.2,7.4,7.6,7.5,1.4,6.3,5.2,Burnout,Formally diagnosed,1,No access,Yes,0,Yes,1–2 weeks,Partially,1
2602,36,Female,Netherlands,SaaS/Software,Backend Developer,Small (51–200),2,$100k–$150k,Remote,No,5.3,7.3,13.0,5.0,4.8,5.9,6.9,7.0,4.5,5.6,6.0,Burnout,Self-reported,0,Moderate,Yes,0,No,4–7 days,No,1
2603,27,Male,Canada,HealthTech,Backend Developer,Enterprise (5 000+),15,<$50k,Hybrid,Yes,6.8,4.9,2.8,6.5,3.3,6.1,5.7,6.3,5.4,5.4,4.8,None,N/A,0,Moderate,Yes,0,Yes,None,N/A,0
2604,23,Male,Japan,HealthTech,QA/Test Engineer,Medium (201–1 000),5,$150k–$200k,Hybrid,No,5.4,6.3,1.8,10.0,1.2,8.0,7.8,4.5,1.3,3.6,8.8,None,N/A,0,Moderate,Yes,0,Yes,None,N/A,0
2605,27,Male,USA,Cybersecurity,DevOps/SRE,Enterprise (5 000+),21,$100k–$150k,Remote,Yes,6.8,6.1,1.9,6.5,4.5,7.1,9.2,6.6,2.7,5.4,6.8,Burnout,Formally diagnosed,1,Easy,Yes,0,Yes,None,Yes,1
2606,30,Male,USA,E-commerce,DevOps/SRE,Small (51–200),7,$75k–$100k,Hybrid,Was already remote,3.9,4.7,1.0,1.0,7.3,8.5,7.6,6.9,1.0,8.0,4.0,ADHD,Self-reported,0,Moderate,No,0,No,1–3 days,Yes,1
2607,27,Female,USA,AI/ML startup,DevOps/SRE,Medium (201–1 000),0,$100k–$150k,In-person,Yes,6.2,7.1,3.7,6.9,5.0,7.6,6.9,6.4,4.5,3.5,8.0,Anxiety & Depression,Not sure / undiagnosed,0,No access,Don't know,0,Yes,4–7 days,No,1
2608,18,Non-binary,USA,FinTech,QA/Test Engineer,Large (1 001–5 000),10,$50k–$75k,Remote,No,4.7,6.3,11.6,7.1,4.0,6.9,8.1,5.1,1.0,4.5,6.3,None,N/A,0,No access,Yes,1,No,None,N/A,0
2609,38,Male,USA,E-commerce,Software Engineer,Startup (1–50),0,$75k–$100k,Remote,No,6.4,7.4,2.1,8.3,5.7,6.6,6.4,6.5,1.0,4.6,6.2,None,N/A,1,No access,Yes,1,Yes,None,N/A,0
2610,41,Female,Spain,Big Tech,Security Engineer,Small (51–200),6,$75k–$100k,Remote,No,4.0,6.7,17.3,8.8,5.7,7.9,10.0,4.0,1.6,2.5,8.7,None,N/A,0,Difficult,No,0,No,None,N/A,0
2611,36,Female,USA,Cybersecurity,Data Scientist,Startup (1–50),3,$150k–$200k,Remote,Yes,8.3,5.0,0.0,10.0,4.9,3.9,7.5,7.6,2.2,6.6,7.0,ADHD,Self-reported,0,Easy,No,0,Yes,4–7 days,No,1
2612,23,Non-binary,Canada,Government/Public sector,QA/Test Engineer,Enterprise (5 000+),6,$75k–$100k,Remote,Yes,3.1,7.8,4.1,6.3,7.0,8.4,10.0,7.3,1.0,3.9,7.3,Burnout,Self-reported,0,Difficult,Yes,0,Yes,None,Yes,1
2613,30,Male,Germany,HealthTech,Engineering Manager,Large (1 001–5 000),7,<$50k,Remote,Was already remote,7.9,6.0,3.2,6.9,5.5,7.1,5.2,9.6,3.1,8.1,4.5,Depression & Burnout,Self-reported,0,Easy,Don't know,0,Yes,None,Yes,1
2614,31,Female,Ireland,Government/Public sector,Engineering Manager,Medium (201–1 000),8,$50k–$75k,Remote,Yes,5.4,6.7,1.2,7.0,9.0,4.4,7.7,4.5,1.5,5.1,8.6,Burnout,Self-reported,1,Moderate,Don't know,0,No,None,Yes,1
2615,36,Male,Argentina,FinTech,Cloud Architect,Small (51–200),9,$100k–$150k,Remote,Was already remote,7.1,6.9,0.9,5.7,4.9,5.1,8.4,5.7,3.6,8.9,4.6,Depression & Burnout,Formally diagnosed,0,No access,Yes,0,Yes,None,Partially,1
2616,37,Female,Netherlands,HealthTech,Software Engineer,Startup (1–50),10,<$50k,Remote,Yes,6.8,6.6,9.7,6.0,4.5,4.4,7.9,6.2,5.0,4.7,6.2,None,N/A,0,Moderate,Yes,0,No,None,N/A,0
2617,26,Male,New Zealand,SaaS/Software,Full-Stack Developer,Medium (201–1 000),2,$150k–$200k,Hybrid,Yes,5.1,6.1,3.3,5.0,5.3,6.9,10.0,4.7,1.0,5.9,6.4,None,N/A,0,Difficult,Yes,0,Yes,None,N/A,0
2618,32,Female,Sweden,SaaS/Software,Security Engineer,Enterprise (5 000+),12,>$200k,Hybrid,No,5.3,4.9,5.3,5.6,7.5,5.2,9.2,4.7,3.2,4.9,7.1,ADHD,Formally diagnosed,1,Difficult,Yes,1,No,4–7 days,No,1
2619,35,Male,South Africa,FinTech,QA/Test Engineer,Large (1 001–5 000),6,$100k–$150k,Hybrid,Yes,7.9,5.1,3.7,6.2,6.9,7.2,6.0,5.9,5.5,6.9,6.1,ADHD,Self-reported,1,No access,No,0,Yes,None,No,1
2620,42,Male,Australia,HealthTech,Frontend Developer,Medium (201–1 000),10,$100k–$150k,Remote,Was already remote,6.3,6.3,2.9,7.3,4.8,7.5,7.7,4.0,3.2,8.3,4.8,Burnout,Self-reported,1,Difficult,Don't know,0,Yes,None,Yes,1
2621,37,Female,USA,Consulting/Agency,Engineering Manager,Medium (201–1 000),24,$100k–$150k,Remote,Was already remote,5.5,6.7,0.0,7.2,3.9,9.0,8.6,8.1,4.4,4.2,5.6,None,N/A,0,Moderate,Yes,0,Yes,None,N/A,0
2622,37,Female,UK,Big Tech,Security Engineer,Enterprise (5 000+),0,$75k–$100k,Remote,Was already remote,5.3,8.3,3.7,4.3,3.2,6.2,9.7,6.0,4.1,5.8,6.9,Anxiety,Formally diagnosed,1,Easy,Yes,1,No,None,No,1
2623,32,Female,India,Consulting/Agency,Software Engineer,Medium (201–1 000),2,$50k–$75k,Remote,No,5.6,9.0,1.3,3.8,3.6,9.6,4.3,7.1,3.6,4.9,5.5,None,N/A,0,Difficult,Yes,0,Yes,None,N/A,0
2624,42,Female,UK,AI/ML startup,Backend Developer,Enterprise (5 000+),9,$100k–$150k,Hybrid,Yes,9.0,5.8,1.1,5.5,9.0,1.8,5.1,7.0,2.0,8.3,3.4,ADHD,Self-reported,0,Easy,Yes,0,No,>2 weeks,No,1
2625,35,Male,USA,AI/ML startup,Security Engineer,Startup (1–50),0,>$200k,Hybrid,No,8.7,6.5,5.6,9.4,4.3,5.7,7.1,6.9,1.0,9.6,5.5,None,N/A,0,No access,Yes,0,Yes,None,N/A,0
2626,25,Male,Germany,Gaming,Security Engineer,Large (1 001–5 000),4,$150k–$200k,Remote,Was already remote,9.1,5.4,11.0,7.2,4.3,5.9,2.9,7.5,2.0,7.3,2.7,Depression,Formally diagnosed,1,Difficult,Yes,1,No,None,Partially,1
2627,42,Male,Mexico,AI/ML startup,Security Engineer,Large (1 001–5 000),10,>$200k,In-person,Yes,9.0,5.2,3.0,6.7,7.3,5.7,8.3,5.6,5.4,7.2,4.2,Anxiety,Formally diagnosed,0,Difficult,No,0,Yes,1–2 weeks,No,1
2628,37,Male,USA,E-commerce,Security Engineer,Large (1 001–5 000),0,>$200k,Hybrid,Was already remote,4.7,6.6,1.0,7.8,5.9,5.7,8.5,10.0,1.8,4.2,7.6,None,N/A,0,Difficult,No,0,No,None,N/A,0
2629,28,Female,Netherlands,Gaming,Security Engineer,Medium (201–1 000),15,$50k–$75k,Hybrid,No,6.1,5.9,1.0,4.1,8.0,7.2,7.5,6.3,3.7,4.7,6.7,None,N/A,0,Moderate,No,0,Yes,None,N/A,0
2630,28,Female,France,SaaS/Software,Product Manager,Startup (1–50),21,$50k–$75k,Remote,No,4.9,6.0,0.5,7.8,8.5,5.5,6.1,5.0,2.6,7.0,4.3,Burnout,Self-reported,0,Easy,Yes,0,No,None,No,1
2631,34,Female,South Africa,E-commerce,Product Manager,Startup (1–50),2,$100k–$150k,Remote,No,7.6,5.6,2.3,5.3,8.2,5.3,9.5,4.1,3.2,9.2,2.5,None,N/A,0,Moderate,Don't know,0,Yes,None,N/A,0
2632,35,Female,Mexico,HealthTech,Engineering Manager,Enterprise (5 000+),8,$100k–$150k,In-person,Was already remote,5.7,5.9,9.1,3.3,4.9,5.5,6.0,3.8,3.2,8.5,2.9,Burnout,Formally diagnosed,1,Moderate,No,0,No,None,Yes,1
2633,33,Female,Netherlands,FinTech,QA/Test Engineer,Small (51–200),0,$100k–$150k,Remote,Yes,5.2,6.8,5.8,6.0,1.0,7.7,9.8,10.0,4.3,5.6,6.7,None,N/A,1,Difficult,Don't know,0,Yes,None,N/A,0
2634,34,Male,Germany,FinTech,Frontend Developer,Enterprise (5 000+),8,>$200k,Hybrid,Yes,5.3,6.9,2.7,8.4,2.7,4.3,10.0,6.8,1.5,4.8,8.0,None,N/A,0,No access,No,0,No,None,N/A,0
2635,44,Male,USA,Big Tech,Frontend Developer,Large (1 001–5 000),3,$150k–$200k,Remote,No,4.7,5.6,10.0,6.8,6.0,7.5,10.0,5.2,2.7,3.6,8.1,Burnout,Formally diagnosed,1,Easy,Yes,1,Yes,None,No,1
2636,40,Female,Germany,SaaS/Software,Product Manager,Medium (201–1 000),10,$100k–$150k,Remote,No,7.3,6.7,7.3,6.2,8.1,4.2,7.6,4.9,2.3,7.0,5.6,Depression,Self-reported,1,Easy,Yes,0,No,None,Yes,1
2637,33,Male,Netherlands,Big Tech,Software Engineer,Enterprise (5 000+),1,$50k–$75k,Remote,Was already remote,7.0,6.3,1.0,5.0,4.0,4.8,7.0,7.7,3.3,7.5,7.9,Depression,Self-reported,0,Moderate,No,0,No,4–7 days,No,1
2638,39,Male,Ireland,Consulting/Agency,Cloud Architect,Large (1 001–5 000),6,$50k–$75k,Remote,Yes,4.7,6.6,2.9,6.1,6.7,8.7,9.8,5.0,4.1,4.4,8.4,None,N/A,0,Moderate,Don't know,0,Yes,None,N/A,0
2639,24,Male,Sweden,Cybersecurity,Full-Stack Developer,Medium (201–1 000),8,$100k–$150k,Hybrid,Was already remote,7.6,6.6,0.5,10.0,5.1,6.8,6.9,7.2,2.7,4.4,7.8,None,N/A,0,Difficult,No,0,Yes,None,N/A,0
2640,34,Female,USA,SaaS/Software,CTO/VP Engineering,Startup (1–50),1,>$200k,Remote,No,6.6,8.1,0.0,7.9,9.2,8.2,8.0,7.7,1.8,4.2,5.1,None,N/A,0,Difficult,No,0,No,None,N/A,0
2641,45,Male,India,Government/Public sector,QA/Test Engineer,Enterprise (5 000+),9,$75k–$100k,Remote,No,4.3,6.8,2.3,6.5,4.8,5.7,6.8,6.9,3.8,6.0,5.4,Anxiety,Not sure / undiagnosed,1,No access,Don't know,0,No,None,Yes,1
2642,30,Female,UK,AI/ML startup,Mobile Developer,Large (1 001–5 000),17,$100k–$150k,Hybrid,Yes,4.1,6.0,5.1,4.6,7.5,5.3,9.9,3.0,4.5,5.9,5.4,None,N/A,0,Easy,Yes,0,Yes,None,N/A,0
2643,25,Female,USA,Gaming,Full-Stack Developer,Large (1 001–5 000),5,>$200k,Remote,No,4.3,7.5,3.7,2.6,5.6,6.0,7.5,8.9,6.7,7.1,9.5,Anxiety & Depression,Formally diagnosed,1,Easy,Yes,1,No,None,No,1
2644,27,Male,USA,Consulting/Agency,Cloud Architect,Large (1 001–5 000),8,$75k–$100k,Remote,No,7.7,6.8,8.4,4.0,6.5,6.4,9.1,7.5,4.3,8.5,3.0,None,N/A,0,No access,Don't know,0,Yes,None,N/A,0
2645,23,Female,USA,AI/ML startup,DevOps/SRE,Small (51–200),4,$50k–$75k,Remote,Yes,8.7,6.3,3.0,5.8,4.9,7.7,4.7,10.0,2.5,10.0,4.2,Anxiety & Burnout,Formally diagnosed,0,Difficult,Don't know,0,Yes,None,No,1
2646,26,Female,Brazil,Gaming,Data Scientist,Enterprise (5 000+),5,$100k–$150k,Remote,No,1.0,7.6,1.6,4.5,6.6,8.2,9.3,7.5,1.0,2.6,9.5,None,N/A,0,No access,No,0,No,None,N/A,0
2647,29,Female,USA,FinTech,Mobile Developer,Startup (1–50),0,$100k–$150k,In-person,Yes,3.9,5.8,1.4,3.5,1.8,3.4,8.4,5.1,2.1,7.3,5.8,Anxiety,Formally diagnosed,1,Difficult,Don't know,0,Yes,None,No,1
2648,21,Female,USA,E-commerce,Mobile Developer,Small (51–200),4,>$200k,Remote,No,8.3,4.8,0.0,6.1,3.3,5.9,5.8,5.8,4.6,5.8,6.0,None,N/A,0,Moderate,Don't know,0,Yes,None,N/A,0
2649,32,Male,South Africa,FinTech,ML/AI Engineer,Startup (1–50),4,<$50k,Hybrid,No,5.5,6.3,5.4,3.7,3.9,6.0,7.2,6.2,1.8,6.4,7.4,None,N/A,0,Moderate,No,0,No,None,N/A,0
2650,38,Female,UK,Consulting/Agency,Security Engineer,Startup (1–50),6,$75k–$100k,In-person,No,7.9,5.0,9.7,7.1,7.1,6.4,7.1,6.0,4.2,6.6,6.2,Anxiety & Burnout,Formally diagnosed,1,Moderate,Yes,1,No,None,Partially,1
2651,25,Male,USA,FinTech,DevOps/SRE,Medium (201–1 000),1,$75k–$100k,Hybrid,Yes,6.1,7.4,0.6,8.0,5.2,6.3,6.8,5.3,1.0,5.4,6.4,None,N/A,0,Moderate,Yes,0,No,None,N/A,0
2652,43,Non-binary,USA,FinTech,Data Analyst,Startup (1–50),1,$100k–$150k,Hybrid,Yes,6.6,4.7,4.6,9.6,1.4,6.2,6.4,7.0,2.1,6.4,4.8,None,N/A,0,Moderate,Yes,0,Yes,None,N/A,0
2653,35,Female,USA,FinTech,Security Engineer,Small (51–200),7,<$50k,Remote,Was already remote,8.0,6.1,1.2,4.4,5.9,6.0,6.5,5.4,2.6,5.5,6.1,Anxiety,Formally diagnosed,1,Difficult,No,1,No,None,No,1
2654,39,Female,USA,SaaS/Software,Backend Developer,Small (51–200),1,$150k–$200k,Hybrid,Yes,6.0,6.4,1.3,5.2,2.9,4.4,9.1,9.2,2.2,4.1,5.5,Anxiety,Self-reported,0,Moderate,Yes,0,No,1–3 days,No,1
2655,27,Male,USA,Consulting/Agency,ML/AI Engineer,Large (1 001–5 000),2,$100k–$150k,Hybrid,Was already remote,4.5,7.5,15.3,4.4,7.6,6.3,10.0,3.8,4.6,4.5,5.8,Anxiety,Not sure / undiagnosed,0,Easy,Yes,0,No,4–7 days,No,1
2656,38,Male,India,Big Tech,Backend Developer,Medium (201–1 000),1,$100k–$150k,Hybrid,Yes,7.0,7.1,0.9,8.2,6.9,6.1,6.4,6.2,1.0,5.6,6.9,None,N/A,0,Easy,No,0,No,None,N/A,0
2657,23,Male,USA,FinTech,QA/Test Engineer,Medium (201–1 000),4,$100k–$150k,Hybrid,Was already remote,5.3,5.9,3.7,4.7,3.0,6.3,8.5,4.8,4.0,5.8,8.7,Burnout,Formally diagnosed,0,Moderate,No,0,No,4–7 days,Partially,1
2658,38,Male,UK,FinTech,DevOps/SRE,Large (1 001–5 000),23,$100k–$150k,Remote,Yes,10.0,7.1,3.0,5.5,6.7,2.6,6.5,6.1,4.7,7.5,1.0,None,N/A,0,Easy,No,0,Yes,None,N/A,0
2659,33,Male,Japan,Gaming,Engineering Manager,Medium (201–1 000),10,>$200k,Remote,No,5.7,5.5,5.0,6.4,9.1,7.9,10.0,7.9,2.8,4.4,7.7,Burnout,Formally diagnosed,0,Difficult,Yes,0,Yes,None,Yes,1
2660,36,Male,UK,E-commerce,Frontend Developer,Small (51–200),1,$75k–$100k,Remote,Was already remote,7.0,7.3,6.4,4.4,3.2,6.6,10.0,7.4,4.5,6.3,6.4,Anxiety,Formally diagnosed,0,Easy,Yes,0,No,4–7 days,Partially,1
2661,23,Male,Spain,FinTech,CTO/VP Engineering,Enterprise (5 000+),2,$75k–$100k,Hybrid,Yes,7.7,6.9,2.2,8.8,6.1,6.9,3.6,9.4,2.9,6.8,4.2,None,N/A,0,Difficult,Don't know,0,Yes,None,N/A,0
2662,25,Prefer not to say,Canada,Big Tech,Engineering Manager,Startup (1–50),13,$100k–$150k,In-person,Yes,8.2,4.1,2.4,4.1,6.4,4.3,4.0,4.2,2.5,7.6,4.3,None,N/A,0,Difficult,Don't know,0,Yes,None,N/A,0
2663,36,Male,UK,Big Tech,Cloud Architect,Small (51–200),12,$100k–$150k,In-person,No,8.1,4.9,3.5,6.7,4.7,5.1,6.6,3.7,7.8,4.6,6.2,Burnout,Not sure / undiagnosed,0,Easy,Yes,0,No,>2 weeks,No,1
2664,24,Non-binary,Netherlands,E-commerce,Mobile Developer,Large (1 001–5 000),0,$75k–$100k,Hybrid,Was already remote,8.1,7.1,0.0,4.5,6.5,2.9,5.1,4.6,2.5,6.5,4.9,Anxiety,Self-reported,1,Difficult,No,0,No,1–3 days,No,1
2665,35,Non-binary,USA,E-commerce,Product Manager,Large (1 001–5 000),9,$100k–$150k,Remote,Yes,5.8,6.8,0.5,5.4,4.8,6.1,6.6,4.0,5.0,4.2,7.7,Anxiety,Formally diagnosed,0,Difficult,Yes,0,No,1–3 days,Yes,1
2666,21,Male,USA,Consulting/Agency,Product Manager,Large (1 001–5 000),1,$75k–$100k,Remote,Was already remote,7.4,6.3,4.4,6.4,3.2,8.1,4.9,7.3,1.5,6.2,6.9,Depression & Burnout,Self-reported,1,Moderate,Yes,1,Yes,None,Yes,1
2667,38,Female,India,E-commerce,Full-Stack Developer,Startup (1–50),4,$50k–$75k,Hybrid,No,2.6,4.5,1.2,4.6,7.0,8.2,9.7,7.9,5.6,6.5,7.8,None,N/A,0,Moderate,No,0,No,None,N/A,0
2668,22,Male,Canada,Government/Public sector,Mobile Developer,Large (1 001–5 000),0,$75k–$100k,Hybrid,Yes,7.2,6.1,3.5,1.0,4.8,4.7,6.7,9.0,2.5,6.6,7.9,None,N/A,0,No access,Yes,0,Yes,None,N/A,0
2669,36,Female,Sweden,Consulting/Agency,ML/AI Engineer,Large (1 001–5 000),35,>$200k,In-person,Yes,7.3,5.6,0.0,8.5,3.4,4.0,8.9,3.6,2.0,6.6,4.9,None,N/A,0,Easy,Yes,0,Yes,None,N/A,0
2670,36,Male,Spain,HealthTech,Data Analyst,Small (51–200),7,$150k–$200k,Remote,Yes,7.5,4.9,0.7,2.8,6.8,7.2,6.8,5.2,1.4,4.5,6.9,Burnout,Self-reported,1,Moderate,Yes,0,Yes,None,No,1
2671,26,Male,UK,FinTech,CTO/VP Engineering,Startup (1–50),1,$50k–$75k,In-person,No,7.6,7.0,3.1,5.4,6.4,2.8,7.2,4.0,2.7,9.7,4.3,ADHD,Formally diagnosed,1,Moderate,Yes,1,Yes,4–7 days,Yes,1
2672,36,Female,India,Big Tech,DevOps/SRE,Large (1 001–5 000),6,<$50k,Remote,No,7.6,6.3,3.6,6.4,9.0,6.8,9.4,4.6,3.9,6.7,7.5,Anxiety,Formally diagnosed,0,Difficult,Yes,0,Yes,>2 weeks,Partially,1
2673,33,Male,Canada,HealthTech,Product Manager,Small (51–200),1,$50k–$75k,Remote,Yes,5.4,5.8,3.4,6.3,6.9,8.8,8.4,7.4,2.1,3.1,7.0,Depression,Self-reported,1,Easy,Don't know,0,Yes,1–2 weeks,Partially,1
2674,27,Female,Italy,FinTech,Software Engineer,Startup (1–50),0,$75k–$100k,Remote,No,5.6,5.8,1.9,6.6,5.1,4.9,8.1,2.8,4.6,9.0,2.9,Burnout,Formally diagnosed,0,Moderate,Don't know,0,Yes,4–7 days,Partially,1
2675,24,Male,Brazil,Big Tech,Frontend Developer,Small (51–200),3,$150k–$200k,In-person,No,7.3,6.4,0.4,6.0,7.2,5.3,5.4,4.4,3.4,5.8,5.2,Anxiety,Formally diagnosed,0,Moderate,Yes,0,Yes,4–7 days,Yes,1
2676,18,Male,Spain,Big Tech,Backend Developer,Startup (1–50),5,$75k–$100k,Remote,Yes,2.8,7.8,3.9,6.6,3.9,8.1,9.4,6.4,2.3,2.5,6.7,None,N/A,0,Moderate,Don't know,0,No,None,N/A,0
2677,34,Male,USA,Gaming,CTO/VP Engineering,Small (51–200),0,$50k–$75k,Remote,Was already remote,3.4,8.0,1.2,7.1,8.8,8.0,8.1,3.1,1.8,4.8,8.8,Anxiety,Self-reported,0,Difficult,Yes,0,Yes,None,Yes,1
2678,20,Male,Netherlands,Consulting/Agency,QA/Test Engineer,Small (51–200),4,$75k–$100k,Hybrid,Was already remote,4.9,7.4,0.2,9.0,4.7,6.5,8.4,8.5,1.0,4.5,7.5,None,N/A,0,Moderate,Yes,0,Yes,None,N/A,0
2679,32,Male,USA,Cybersecurity,Full-Stack Developer,Small (51–200),3,$50k–$75k,Hybrid,Yes,5.3,6.7,0.0,5.3,2.6,7.9,5.8,5.3,5.9,5.8,7.2,None,N/A,0,Moderate,Don't know,1,No,None,N/A,0
2680,30,Male,USA,Gaming,ML/AI Engineer,Enterprise (5 000+),5,$100k–$150k,Remote,Was already remote,6.5,5.5,0.7,8.8,4.7,5.2,7.1,9.9,3.1,8.8,5.7,Anxiety,Formally diagnosed,0,Difficult,No,0,Yes,None,No,1
2681,37,Male,Mexico,HealthTech,Data Scientist,Small (51–200),1,$100k–$150k,Remote,Was already remote,9.8,6.1,0.0,5.9,4.8,4.4,4.3,6.7,4.1,10.0,1.1,Other,Not sure / undiagnosed,1,Difficult,Don't know,0,Yes,4–7 days,Yes,1
2682,29,Female,USA,AI/ML startup,Product Manager,Medium (201–1 000),0,$75k–$100k,Hybrid,Yes,5.2,5.7,0.9,7.5,7.7,3.9,10.0,5.8,1.0,6.3,5.0,Anxiety,Self-reported,1,Difficult,Don't know,0,Yes,1–3 days,Partially,1
2683,29,Male,South Africa,Consulting/Agency,Mobile Developer,Enterprise (5 000+),2,$50k–$75k,Hybrid,Yes,6.8,6.5,0.7,6.9,3.8,5.4,8.8,4.3,4.1,5.7,6.3,Burnout,Not sure / undiagnosed,1,Easy,Yes,1,Yes,1–3 days,Yes,1
2684,37,Female,USA,E-commerce,Full-Stack Developer,Enterprise (5 000+),2,$100k–$150k,In-person,No,3.1,7.0,2.0,4.5,4.9,7.7,9.1,4.4,1.9,2.4,9.0,Depression,Not sure / undiagnosed,1,Moderate,Yes,0,No,1–3 days,Partially,1
2685,34,Male,Brazil,AI/ML startup,Cloud Architect,Small (51–200),5,$150k–$200k,Hybrid,Was already remote,5.2,7.6,4.3,3.6,6.0,6.3,8.2,4.2,3.9,2.9,9.4,None,N/A,0,Moderate,Yes,0,No,None,N/A,0
2686,34,Female,USA,HealthTech,Software Engineer,Small (51–200),14,$50k–$75k,Remote,Was already remote,7.3,7.1,1.4,7.2,5.9,7.5,7.2,7.2,3.1,6.9,4.9,Anxiety & Burnout,Self-reported,0,No access,Yes,0,Yes,None,No,1
2687,35,Male,UK,FinTech,Software Engineer,Medium (201–1 000),1,$50k–$75k,Hybrid,Yes,5.3,7.4,14.7,4.2,9.1,6.0,9.8,8.7,4.8,5.5,5.1,Burnout,Not sure / undiagnosed,0,Easy,No,0,No,1–2 weeks,Partially,1
2688,20,Male,USA,SaaS/Software,Data Analyst,Enterprise (5 000+),6,$75k–$100k,Hybrid,Yes,4.9,7.3,10.3,4.5,7.2,3.8,7.4,7.4,5.3,5.2,6.1,None,N/A,0,Difficult,Yes,0,No,None,N/A,0
2689,37,Male,India,Cybersecurity,ML/AI Engineer,Startup (1–50),0,$75k–$100k,Hybrid,No,2.3,7.3,14.7,5.7,4.3,7.0,10.0,3.8,1.2,4.4,7.4,None,N/A,0,No access,Don't know,0,No,None,N/A,0
2690,36,Male,UK,Gaming,Data Analyst,Medium (201–1 000),1,$75k–$100k,Hybrid,Yes,4.6,8.6,2.0,8.4,7.2,5.1,8.1,6.5,2.4,4.3,5.2,Burnout,Formally diagnosed,1,Moderate,Yes,1,No,None,No,1
2691,24,Female,Australia,FinTech,ML/AI Engineer,Large (1 001–5 000),3,<$50k,Remote,Yes,8.0,6.8,0.0,9.0,5.2,5.2,4.4,6.2,1.3,7.1,5.0,None,N/A,0,Moderate,No,0,No,None,N/A,0
2692,30,Male,USA,HealthTech,Product Manager,Medium (201–1 000),6,$75k–$100k,Remote,No,5.2,8.4,6.8,3.8,9.4,4.7,8.4,5.9,2.2,5.8,5.2,None,N/A,0,Easy,No,0,Yes,None,N/A,0
2693,31,Prefer not to say,USA,Consulting/Agency,DevOps/SRE,Large (1 001–5 000),10,$100k–$150k,Remote,No,6.2,7.7,1.7,1.2,5.4,7.5,7.9,2.8,3.1,4.1,6.8,None,N/A,0,Moderate,Don't know,0,No,None,N/A,0
2694,30,Male,USA,HealthTech,QA/Test Engineer,Large (1 001–5 000),7,$50k–$75k,Remote,Yes,4.7,6.4,3.7,6.1,7.4,8.1,7.7,1.9,2.2,3.7,9.5,Anxiety & Depression,Not sure / undiagnosed,1,Easy,Yes,0,No,1–3 days,Yes,1
2695,34,Male,UK,AI/ML startup,Security Engineer,Small (51–200),0,$150k–$200k,Hybrid,Was already remote,5.5,6.1,6.4,5.1,8.1,6.7,6.5,5.3,1.3,6.5,7.1,Anxiety,Self-reported,1,Difficult,Yes,0,Yes,None,No,1
2696,42,Female,Brazil,SaaS/Software,Backend Developer,Medium (201–1 000),6,$100k–$150k,Hybrid,Yes,8.2,6.6,2.4,9.5,5.3,3.9,4.3,5.1,2.5,5.9,5.8,Burnout,Self-reported,1,Easy,No,0,Yes,1–3 days,Yes,1
2697,40,Male,Ireland,AI/ML startup,Backend Developer,Medium (201–1 000),9,$100k–$150k,Hybrid,No,5.2,5.4,4.6,7.8,5.6,5.7,7.2,8.5,1.7,4.6,7.9,None,N/A,0,Moderate,Yes,0,No,None,N/A,0
2698,22,Female,USA,Consulting/Agency,CTO/VP Engineering,Large (1 001–5 000),4,$100k–$150k,Remote,No,4.7,6.5,1.1,4.8,5.0,5.2,9.0,7.8,6.2,7.8,6.0,Anxiety,Formally diagnosed,1,Moderate,No,0,Yes,4–7 days,No,1
2699,36,Male,Germany,Big Tech,Cloud Architect,Large (1 001–5 000),18,$100k–$150k,Hybrid,Yes,8.2,5.3,0.0,3.8,7.2,2.8,8.1,7.1,3.1,8.2,4.9,Burnout,Self-reported,1,Easy,Don't know,0,Yes,4–7 days,No,1
2700,41,Female,Netherlands,AI/ML startup,DevOps/SRE,Large (1 001–5 000),0,>$200k,Remote,No,5.9,6.6,2.6,7.3,10.0,6.9,10.0,5.2,5.5,6.5,9.1,None,N/A,0,Moderate,Don't know,0,Yes,None,N/A,0
2701,34,Male,USA,Government/Public sector,Software Engineer,Startup (1–50),9,$150k–$200k,Remote,Was already remote,5.5,4.4,3.4,5.2,7.1,7.8,10.0,8.9,1.7,7.1,7.1,Anxiety,Not sure / undiagnosed,1,Easy,Yes,0,No,None,Yes,1
2702,40,Female,UK,Big Tech,Mobile Developer,Large (1 001–5 000),2,$100k–$150k,In-person,No,6.3,8.9,6.8,4.8,6.6,5.8,5.8,9.8,3.6,6.4,6.8,Burnout,Formally diagnosed,1,Easy,No,0,No,None,Partially,1
2703,47,Female,Germany,E-commerce,Engineering Manager,Medium (201–1 000),5,$150k–$200k,Remote,Was already remote,7.9,6.9,5.2,7.0,4.3,4.5,4.9,7.7,3.7,5.8,7.4,Depression,Formally diagnosed,1,No access,Yes,0,Yes,4–7 days,No,1
2704,39,Male,USA,FinTech,Engineering Manager,Medium (201–1 000),6,$100k–$150k,Hybrid,Yes,6.2,7.7,15.5,4.4,8.0,7.1,6.5,5.5,5.1,6.2,4.4,None,N/A,0,Difficult,Yes,0,No,None,N/A,0
2705,33,Male,USA,Consulting/Agency,Frontend Developer,Medium (201–1 000),2,$75k–$100k,Remote,Yes,4.8,7.0,11.9,6.8,6.3,9.2,8.6,6.1,3.9,7.4,5.2,Depression,Self-reported,1,Easy,No,0,No,1–3 days,Partially,1
2706,39,Male,USA,HealthTech,QA/Test Engineer,Large (1 001–5 000),29,$75k–$100k,In-person,No,6.2,7.9,3.1,7.2,10.0,5.4,6.4,10.0,5.5,5.0,5.6,Burnout,Formally diagnosed,0,Moderate,Don't know,1,Yes,None,No,1
2707,33,Prefer not to say,India,E-commerce,Product Manager,Large (1 001–5 000),0,$75k–$100k,Hybrid,Was already remote,3.2,7.8,3.0,3.8,9.4,8.4,8.8,7.0,2.7,5.4,5.8,None,N/A,0,Moderate,Yes,0,Yes,None,N/A,0
2708,32,Male,USA,AI/ML startup,DevOps/SRE,Medium (201–1 000),0,<$50k,In-person,No,4.4,7.8,5.2,7.2,6.1,4.9,8.2,8.8,3.6,6.4,3.7,None,N/A,0,No access,No,0,Yes,None,N/A,0
2709,29,Male,USA,FinTech,QA/Test Engineer,Enterprise (5 000+),12,$50k–$75k,In-person,Yes,6.6,7.0,0.6,6.4,6.6,3.8,8.1,6.0,2.0,5.6,5.1,None,N/A,1,Difficult,Don't know,0,Yes,None,N/A,0
2710,43,Male,UK,Big Tech,Backend Developer,Startup (1–50),0,$50k–$75k,Remote,No,6.1,8.1,1.2,2.5,5.9,2.8,7.8,4.8,2.6,4.7,6.1,None,N/A,0,Easy,Yes,0,Yes,None,N/A,0
2711,25,Male,USA,Government/Public sector,QA/Test Engineer,Small (51–200),2,>$200k,Remote,Yes,6.7,5.7,4.6,6.8,3.9,6.9,8.6,5.0,4.1,5.8,4.1,Anxiety,Formally diagnosed,1,Moderate,Don't know,0,Yes,>2 weeks,No,1
2712,43,Female,USA,Big Tech,ML/AI Engineer,Medium (201–1 000),7,<$50k,In-person,No,6.8,8.1,10.0,5.1,7.5,5.5,7.0,2.0,4.1,4.4,5.5,None,N/A,0,No access,Yes,0,Yes,None,N/A,0
2713,35,Non-binary,Spain,Gaming,Full-Stack Developer,Enterprise (5 000+),8,$100k–$150k,Hybrid,Yes,7.5,6.1,7.2,5.7,5.5,4.8,8.5,5.4,5.6,3.2,5.4,None,N/A,0,Difficult,Yes,0,No,None,N/A,0
2714,21,Male,USA,Consulting/Agency,ML/AI Engineer,Startup (1–50),17,>$200k,Hybrid,No,6.2,5.7,0.0,7.6,10.0,5.8,4.9,9.8,2.6,5.0,6.9,None,N/A,0,Difficult,No,0,Yes,None,N/A,0
2715,34,Female,India,Big Tech,DevOps/SRE,Small (51–200),8,$100k–$150k,In-person,No,7.8,6.7,0.1,5.6,6.0,2.6,6.3,6.9,3.8,7.7,5.4,None,N/A,0,Difficult,Yes,0,No,None,N/A,0
2716,18,Female,UK,SaaS/Software,Mobile Developer,Enterprise (5 000+),10,$100k–$150k,In-person,Yes,6.8,5.2,0.6,9.5,3.4,4.7,8.0,5.7,1.0,8.5,3.0,Burnout,Formally diagnosed,1,No access,Yes,0,No,None,Partially,1
2717,36,Male,Australia,Consulting/Agency,Product Manager,Enterprise (5 000+),16,$150k–$200k,Hybrid,Was already remote,6.9,5.8,1.2,1.6,6.8,5.2,7.1,4.5,6.0,5.6,5.7,Anxiety & Burnout,Formally diagnosed,0,Easy,Yes,0,Yes,1–3 days,Yes,1
2718,38,Male,India,Gaming,Cloud Architect,Enterprise (5 000+),4,$75k–$100k,Hybrid,Yes,4.5,6.6,0.4,6.7,7.6,5.4,5.9,7.5,2.1,5.1,7.0,Anxiety,Formally diagnosed,1,Moderate,Don't know,0,No,None,No,1
2719,27,Female,USA,Consulting/Agency,Data Scientist,Small (51–200),2,$50k–$75k,Hybrid,Yes,4.7,6.6,1.0,4.8,7.0,6.6,6.5,7.4,1.0,6.1,4.0,None,N/A,1,Easy,Yes,0,Yes,None,N/A,0
2720,32,Non-binary,Japan,Consulting/Agency,Cloud Architect,Large (1 001–5 000),7,$150k–$200k,Hybrid,No,5.1,7.9,4.4,5.1,6.5,6.1,6.9,7.4,5.3,3.2,6.4,None,N/A,0,No access,Yes,0,No,None,N/A,0
2721,46,Female,Canada,Government/Public sector,Data Analyst,Medium (201–1 000),0,<$50k,Hybrid,Was already remote,9.4,6.7,0.0,4.4,5.6,5.5,4.7,5.4,6.3,7.4,6.3,ADHD,Self-reported,0,Difficult,No,0,No,None,No,1
2722,28,Male,Brazil,Government/Public sector,CTO/VP Engineering,Large (1 001–5 000),0,$150k–$200k,Hybrid,Yes,8.5,5.7,9.0,7.6,6.4,5.0,6.7,5.8,3.3,6.7,3.0,Burnout,Formally diagnosed,0,Easy,Yes,0,Yes,1–3 days,Partially,1
2723,24,Male,UK,HealthTech,Cloud Architect,Small (51–200),8,$50k–$75k,Hybrid,Was already remote,4.4,7.4,2.1,3.9,6.2,5.1,6.8,6.4,2.9,3.3,7.0,Burnout,Formally diagnosed,0,Easy,No,0,Yes,1–3 days,No,1
2724,43,Male,Italy,Big Tech,Data Analyst,Large (1 001–5 000),16,$100k–$150k,In-person,No,6.0,8.9,0.1,9.4,3.6,6.5,9.3,4.0,5.3,4.0,9.1,None,N/A,0,Easy,Yes,0,No,None,N/A,0
2725,46,Non-binary,Netherlands,AI/ML startup,Data Scientist,Small (51–200),3,$100k–$150k,In-person,Was already remote,4.6,5.6,6.6,7.9,9.9,4.7,7.3,8.6,3.7,3.8,8.2,Depression,Self-reported,1,Difficult,Yes,0,No,None,No,1
2726,32,Female,South Africa,AI/ML startup,QA/Test Engineer,Small (51–200),0,>$200k,Hybrid,Was already remote,4.6,5.8,8.8,5.1,6.5,8.6,6.8,4.3,2.9,5.2,4.7,None,N/A,0,Easy,Yes,0,No,None,N/A,0
2727,39,Female,Germany,Government/Public sector,CTO/VP Engineering,Large (1 001–5 000),3,$75k–$100k,Remote,No,7.8,6.2,8.4,5.5,6.0,6.8,8.4,10.0,2.9,6.2,8.8,Anxiety & Depression,Formally diagnosed,1,Easy,No,0,No,None,No,1
2728,42,Male,Canada,FinTech,Engineering Manager,Small (51–200),2,>$200k,Remote,No,3.4,10.0,2.8,8.0,9.3,10.0,8.8,7.0,3.0,2.8,8.8,Anxiety,Self-reported,0,Moderate,Yes,1,Yes,None,Yes,1
2729,26,Male,Netherlands,FinTech,Data Scientist,Small (51–200),2,$75k–$100k,Hybrid,No,6.8,5.5,8.3,6.8,3.1,4.5,6.0,7.3,3.2,6.5,7.6,None,N/A,0,No access,Don't know,0,No,None,N/A,0
2730,28,Male,Singapore,FinTech,Data Analyst,Medium (201–1 000),5,$100k–$150k,In-person,Was already remote,5.9,6.0,4.1,8.9,10.0,5.2,8.6,4.0,2.2,5.2,8.7,ADHD,Not sure / undiagnosed,1,Difficult,No,0,No,None,Yes,1
2731,41,Male,South Africa,FinTech,Software Engineer,Large (1 001–5 000),1,$100k–$150k,Remote,Yes,7.8,6.8,0.0,6.0,4.3,5.5,5.6,6.9,3.4,6.8,4.9,Anxiety,Formally diagnosed,1,Difficult,Don't know,0,Yes,None,Partially,1
2732,44,Male,UK,E-commerce,Backend Developer,Small (51–200),2,$50k–$75k,In-person,Was already remote,6.3,7.5,2.3,8.3,8.8,5.0,8.3,8.2,6.9,6.1,6.0,Anxiety & Burnout,Self-reported,1,Difficult,No,0,Yes,1–2 weeks,No,1
2733,36,Male,Sweden,AI/ML startup,Data Analyst,Large (1 001–5 000),11,$150k–$200k,Remote,No,8.7,6.0,1.0,7.7,4.0,5.4,5.9,7.0,4.7,6.0,5.8,Anxiety,Formally diagnosed,1,Easy,No,0,Yes,4–7 days,Partially,1
2734,25,Male,USA,FinTech,Engineering Manager,Large (1 001–5 000),7,$50k–$75k,Hybrid,No,6.1,6.8,1.8,7.7,4.1,6.4,4.8,6.7,1.0,6.2,3.2,None,N/A,1,Moderate,Yes,0,Yes,None,N/A,0
2735,46,Female,Germany,Gaming,Data Analyst,Large (1 001–5 000),0,$75k–$100k,Hybrid,Yes,7.7,6.2,1.1,6.1,7.1,6.3,6.2,6.0,2.3,4.5,6.3,Anxiety & Depression,Self-reported,0,Easy,No,0,Yes,1–3 days,No,1
2736,28,Female,USA,AI/ML startup,Mobile Developer,Medium (201–1 000),3,$150k–$200k,Hybrid,Was already remote,6.4,6.7,0.3,7.3,6.3,6.9,10.0,7.2,4.0,6.1,6.1,ADHD,Formally diagnosed,0,Easy,No,0,No,None,No,1
2737,29,Male,UK,Consulting/Agency,Software Engineer,Large (1 001–5 000),0,>$200k,Remote,Yes,6.1,5.0,1.4,5.5,4.0,8.0,10.0,5.8,1.0,7.4,3.5,Anxiety,Formally diagnosed,1,Moderate,Yes,1,No,1–2 weeks,Yes,1
2738,34,Male,Mexico,Big Tech,Data Analyst,Startup (1–50),17,$100k–$150k,Remote,Was already remote,8.2,6.3,1.6,5.0,4.2,3.0,8.0,7.0,4.5,7.8,5.7,Anxiety & Depression,Self-reported,1,Easy,Yes,0,Yes,None,No,1
2739,43,Male,USA,Consulting/Agency,Engineering Manager,Small (51–200),1,$100k–$150k,Remote,Yes,6.1,6.6,0.9,6.7,5.1,8.5,10.0,9.2,1.4,3.2,6.1,None,N/A,0,Moderate,Yes,0,No,None,N/A,0
2740,38,Female,India,AI/ML startup,QA/Test Engineer,Large (1 001–5 000),14,$100k–$150k,Remote,No,6.3,6.9,0.3,7.7,8.1,5.8,7.7,8.7,1.7,5.2,5.7,None,N/A,0,No access,Yes,0,Yes,None,N/A,0
2741,35,Female,India,HealthTech,Security Engineer,Enterprise (5 000+),9,$150k–$200k,Hybrid,Yes,4.7,6.3,0.8,6.5,6.5,7.7,9.1,6.8,2.6,4.7,7.9,None,N/A,0,Difficult,Don't know,0,No,None,N/A,0
2742,35,Female,USA,SaaS/Software,Engineering Manager,Startup (1–50),4,>$200k,In-person,No,6.1,7.1,0.5,3.8,7.0,5.4,7.6,4.4,2.9,3.6,7.9,Anxiety & Burnout,Formally diagnosed,1,Easy,Don't know,0,No,None,Partially,1
2743,32,Female,UK,Government/Public sector,Software Engineer,Medium (201–1 000),2,$100k–$150k,Remote,No,1.2,8.5,3.1,5.8,4.8,10.0,8.6,6.1,1.0,3.1,10.0,None,N/A,0,Easy,Yes,0,No,None,N/A,0
2744,36,Male,Germany,AI/ML startup,Backend Developer,Enterprise (5 000+),10,$75k–$100k,Remote,No,5.2,9.5,0.8,6.9,6.8,9.0,6.6,7.3,2.2,5.5,5.4,Burnout,Self-reported,1,Difficult,Yes,1,No,None,No,1
2745,18,Male,USA,Cybersecurity,Engineering Manager,Enterprise (5 000+),0,$75k–$100k,Remote,Yes,6.6,5.9,4.0,9.4,3.1,7.8,8.5,7.4,3.4,6.7,5.3,None,N/A,0,Easy,Yes,0,No,None,N/A,0
2746,29,Male,Sweden,FinTech,Product Manager,Startup (1–50),1,$50k–$75k,Hybrid,Was already remote,5.7,5.6,1.2,8.1,4.2,8.3,5.6,8.5,3.0,3.3,6.8,None,N/A,0,Moderate,Yes,0,Yes,None,N/A,0
2747,33,Male,New Zealand,SaaS/Software,ML/AI Engineer,Medium (201–1 000),1,$150k–$200k,Remote,Yes,5.6,6.9,9.6,8.5,7.8,5.2,7.1,4.3,4.3,6.2,6.5,Depression,Formally diagnosed,0,Easy,Yes,0,No,1–3 days,No,1
2748,23,Female,USA,Government/Public sector,Product Manager,Startup (1–50),5,>$200k,Remote,Was already remote,7.0,6.9,0.0,2.0,6.5,9.2,8.6,8.4,2.4,8.0,4.8,Depression & Burnout,Formally diagnosed,1,Difficult,Don't know,0,Yes,None,Partially,1
2749,34,Male,USA,E-commerce,CTO/VP Engineering,Large (1 001–5 000),2,$100k–$150k,Remote,No,8.8,6.1,0.2,9.8,9.5,5.2,9.1,7.7,4.0,6.0,6.0,None,N/A,0,Moderate,Yes,0,Yes,None,N/A,0
2750,30,Male,Canada,E-commerce,Mobile Developer,Small (51–200),24,>$200k,In-person,Yes,5.3,6.9,4.6,7.3,7.2,4.5,9.6,8.8,2.2,6.9,6.8,Burnout,Not sure / undiagnosed,1,Moderate,Yes,1,Yes,1–2 weeks,Yes,1
2751,45,Male,France,Cybersecurity,Software Engineer,Large (1 001–5 000),1,$75k–$100k,Remote,No,7.6,5.6,3.3,4.2,3.4,4.0,5.7,4.2,3.5,6.4,7.1,Depression,Self-reported,0,No access,Yes,0,No,None,No,1
2752,43,Prefer not to say,USA,Gaming,Software Engineer,Enterprise (5 000+),9,$100k–$150k,Hybrid,No,6.0,4.9,1.6,4.0,7.5,5.4,8.0,10.0,3.9,7.6,5.5,Burnout,Formally diagnosed,1,Easy,Don't know,0,Yes,None,Partially,1
2753,28,Male,USA,Consulting/Agency,Security Engineer,Enterprise (5 000+),0,$100k–$150k,Hybrid,No,6.9,7.7,6.6,5.1,3.3,2.2,6.2,4.7,2.6,5.8,5.8,Burnout,Self-reported,1,Moderate,No,0,No,4–7 days,No,1
2754,30,Female,Germany,Big Tech,Engineering Manager,Enterprise (5 000+),2,$100k–$150k,Remote,Yes,9.6,7.6,0.0,4.8,7.3,4.9,6.1,5.4,3.4,7.7,6.8,ADHD,Self-reported,1,Easy,No,0,Yes,None,No,1
2755,31,Male,Poland,Consulting/Agency,DevOps/SRE,Small (51–200),1,$100k–$150k,Remote,Was already remote,7.7,5.4,1.7,6.9,5.4,5.9,8.6,5.2,2.2,7.7,4.4,None,N/A,0,Moderate,Yes,0,Yes,None,N/A,0
2756,28,Male,UK,Government/Public sector,Full-Stack Developer,Small (51–200),20,$75k–$100k,Hybrid,No,8.3,5.4,0.0,5.1,4.5,5.9,5.0,7.6,4.0,7.6,5.1,None,N/A,0,Difficult,No,0,No,None,N/A,0
2757,33,Male,UK,AI/ML startup,Engineering Manager,Large (1 001–5 000),0,$100k–$150k,Hybrid,Yes,5.3,5.0,1.6,6.9,5.9,5.4,7.7,7.0,2.6,5.8,5.4,Anxiety,Self-reported,1,Moderate,No,0,No,None,No,1
2758,26,Female,New Zealand,Consulting/Agency,Full-Stack Developer,Medium (201–1 000),7,$100k–$150k,In-person,No,5.8,6.2,4.0,6.1,3.5,3.8,4.2,6.0,2.2,6.8,4.0,Other,Formally diagnosed,0,Moderate,Yes,0,Yes,None,Partially,1
2759,23,Male,Australia,HealthTech,Software Engineer,Startup (1–50),1,$150k–$200k,Remote,Yes,4.1,7.4,0.6,8.3,5.3,7.2,8.0,9.2,3.1,4.9,7.1,Anxiety,Formally diagnosed,0,Moderate,Don't know,1,Yes,4–7 days,No,1
2760,36,Female,France,Consulting/Agency,ML/AI Engineer,Medium (201–1 000),9,$150k–$200k,Remote,Yes,4.9,6.1,0.2,6.2,1.8,7.9,8.4,7.9,2.3,3.9,7.9,None,N/A,0,Difficult,Yes,0,No,None,N/A,0
2761,36,Male,Germany,FinTech,Mobile Developer,Enterprise (5 000+),2,$75k–$100k,Hybrid,Yes,6.4,7.3,1.5,3.3,8.1,6.1,6.2,5.6,6.7,3.7,4.4,Burnout,Formally diagnosed,1,Easy,Don't know,0,No,1–3 days,Partially,1
2762,25,Male,New Zealand,Consulting/Agency,Security Engineer,Enterprise (5 000+),1,$100k–$150k,Hybrid,Was already remote,4.7,5.8,1.2,4.3,6.5,3.5,5.5,4.6,5.0,4.7,4.6,Anxiety,Formally diagnosed,1,No access,Don't know,0,Yes,1–3 days,Partially,1
2763,38,Non-binary,Australia,Cybersecurity,DevOps/SRE,Small (51–200),6,$50k–$75k,Hybrid,Yes,6.4,7.2,4.1,7.5,5.6,6.8,6.5,8.5,1.0,5.3,3.8,Other,Self-reported,0,No access,No,0,Yes,1–3 days,Partially,1
2764,27,Male,Ireland,E-commerce,Data Scientist,Medium (201–1 000),1,$75k–$100k,Remote,No,5.2,7.1,0.2,9.2,6.9,8.8,6.0,4.8,1.0,6.3,6.9,Depression,Formally diagnosed,1,Difficult,Don't know,0,Yes,None,No,1
2765,33,Female,Australia,FinTech,Frontend Developer,Medium (201–1 000),3,$100k–$150k,Hybrid,Yes,6.3,6.1,11.5,7.2,3.6,7.2,10.0,7.7,2.2,3.4,6.6,None,N/A,0,Difficult,Yes,0,Yes,None,N/A,0
2766,38,Female,France,Government/Public sector,ML/AI Engineer,Enterprise (5 000+),0,$50k–$75k,Hybrid,Yes,7.2,6.0,2.8,10.0,5.4,7.2,6.9,2.2,4.6,3.9,4.5,None,N/A,1,Difficult,Yes,0,No,None,N/A,0
2767,31,Male,USA,HealthTech,Software Engineer,Medium (201–1 000),7,$100k–$150k,Remote,Yes,7.1,7.1,1.9,2.6,7.1,7.6,8.8,6.4,1.0,8.3,5.8,Depression,Self-reported,1,Difficult,Don't know,0,No,4–7 days,No,1
2768,35,Female,USA,Gaming,Software Engineer,Enterprise (5 000+),2,$75k–$100k,Hybrid,Was already remote,6.8,9.4,1.4,6.7,4.2,5.6,5.8,9.3,1.0,5.7,6.7,None,N/A,0,Difficult,Yes,0,Yes,None,N/A,0
2769,28,Male,Sweden,Consulting/Agency,ML/AI Engineer,Large (1 001–5 000),0,<$50k,Hybrid,Yes,8.4,5.9,3.9,3.5,8.3,4.9,5.2,7.4,5.2,6.4,5.3,Depression,Formally diagnosed,0,Easy,No,0,No,4–7 days,Yes,1
2770,30,Male,USA,AI/ML startup,QA/Test Engineer,Enterprise (5 000+),7,$100k–$150k,Remote,Yes,2.7,8.4,2.2,7.6,5.5,8.4,7.3,9.5,3.0,3.1,6.4,Depression,Self-reported,1,Difficult,Yes,1,No,>2 weeks,Yes,1
2771,30,Male,Germany,HealthTech,DevOps/SRE,Large (1 001–5 000),0,$75k–$100k,Remote,Yes,5.9,8.4,5.0,8.9,2.3,6.9,8.1,5.6,1.2,4.1,4.8,Burnout,Formally diagnosed,1,Easy,Yes,1,No,1–3 days,Yes,1
2772,26,Female,USA,E-commerce,Software Engineer,Enterprise (5 000+),4,<$50k,Remote,Yes,7.4,5.5,3.7,3.7,6.4,7.0,5.8,7.0,3.7,6.0,2.2,Depression,Not sure / undiagnosed,1,Moderate,Don't know,0,Yes,1–3 days,No,1
2773,30,Male,Brazil,FinTech,Frontend Developer,Large (1 001–5 000),5,$75k–$100k,Hybrid,Was already remote,2.3,6.4,3.6,8.4,5.3,6.2,9.5,6.2,1.0,4.4,9.6,None,N/A,0,No access,No,0,Yes,None,N/A,0
2774,20,Female,USA,Big Tech,Data Scientist,Small (51–200),14,$75k–$100k,In-person,Was already remote,9.1,5.9,6.5,10.0,9.9,4.1,6.3,6.6,5.6,6.9,5.4,None,N/A,0,Moderate,Yes,0,No,None,N/A,0
2775,28,Non-binary,Brazil,Cybersecurity,Security Engineer,Small (51–200),0,$75k–$100k,In-person,Yes,5.5,6.9,1.4,4.7,5.3,6.1,8.6,4.8,5.2,6.4,6.0,None,N/A,0,Moderate,Yes,0,No,None,N/A,0
2776,29,Male,India,HealthTech,Product Manager,Enterprise (5 000+),5,$75k–$100k,Remote,Yes,4.8,7.4,0.3,9.7,7.6,7.3,7.3,6.6,1.0,3.4,7.0,None,N/A,1,Difficult,No,0,Yes,None,N/A,0
2777,30,Female,USA,Gaming,Backend Developer,Startup (1–50),2,$100k–$150k,Hybrid,Was already remote,7.4,5.4,1.0,4.8,5.1,2.9,6.5,6.0,2.9,8.4,5.2,Anxiety,Self-reported,0,No access,Yes,0,Yes,1–3 days,Yes,1
2778,30,Male,Germany,Gaming,Frontend Developer,Medium (201–1 000),2,$50k–$75k,Remote,Yes,4.6,7.7,7.4,6.8,2.7,9.0,10.0,5.6,1.6,3.7,6.6,Burnout,Formally diagnosed,1,Moderate,Yes,1,No,None,Yes,1
2779,31,Male,USA,SaaS/Software,Cloud Architect,Large (1 001–5 000),3,<$50k,Remote,Was already remote,8.4,4.8,0.0,10.0,6.5,8.2,4.8,5.5,4.0,8.0,4.9,Anxiety & Depression,Formally diagnosed,0,Easy,Yes,0,Yes,4–7 days,Partially,1
2780,35,Male,UK,Gaming,Security Engineer,Large (1 001–5 000),1,$150k–$200k,Remote,Yes,6.0,6.6,4.8,5.5,6.5,5.9,7.8,5.8,6.0,7.3,7.1,Anxiety,Self-reported,1,Moderate,Yes,0,Yes,1–3 days,No,1
2781,38,Female,UK,Cybersecurity,Backend Developer,Startup (1–50),3,$75k–$100k,Remote,No,8.6,6.4,5.1,5.8,7.8,4.9,6.7,8.2,3.3,8.2,4.6,None,N/A,0,Moderate,Yes,0,Yes,None,N/A,0
2782,27,Prefer not to say,USA,Government/Public sector,Mobile Developer,Medium (201–1 000),6,$100k–$150k,Hybrid,Yes,8.2,4.6,1.1,6.3,2.5,4.3,6.0,6.9,4.8,7.5,5.0,Burnout,Not sure / undiagnosed,0,No access,Yes,0,No,1–3 days,Yes,1
2783,22,Non-binary,Italy,Government/Public sector,Data Analyst,Medium (201–1 000),3,$75k–$100k,Remote,Was already remote,6.2,7.0,0.4,5.6,6.9,6.1,5.4,6.1,1.3,5.2,6.3,None,N/A,0,No access,No,0,Yes,None,N/A,0
2784,24,Female,USA,FinTech,Engineering Manager,Small (51–200),0,>$200k,Remote,Yes,4.8,6.6,1.6,9.9,6.8,6.8,6.9,7.3,1.7,3.6,7.9,None,N/A,0,Moderate,No,0,No,None,N/A,0
2785,28,Female,Australia,HealthTech,Cloud Architect,Enterprise (5 000+),1,$75k–$100k,In-person,Yes,9.1,5.4,0.6,6.7,6.6,3.4,5.6,7.2,5.1,7.0,6.3,None,N/A,0,Easy,Yes,0,No,None,N/A,0
2786,29,Male,UK,Government/Public sector,QA/Test Engineer,Large (1 001–5 000),2,$100k–$150k,In-person,No,3.3,7.5,9.9,9.9,1.0,8.9,8.3,6.2,1.5,4.1,4.8,None,N/A,0,Moderate,Don't know,0,Yes,None,N/A,0
2787,26,Female,India,Gaming,Frontend Developer,Enterprise (5 000+),2,$75k–$100k,Remote,Yes,5.4,5.1,1.1,8.3,7.9,7.1,6.5,4.4,2.9,4.9,7.1,None,N/A,0,No access,Don't know,0,No,None,N/A,0
2788,22,Female,UK,HealthTech,Full-Stack Developer,Startup (1–50),0,$100k–$150k,Remote,Yes,7.6,6.7,11.9,4.2,3.7,7.1,6.5,2.2,6.1,7.6,1.6,None,N/A,0,Moderate,Don't know,0,Yes,None,N/A,0
2789,28,Male,Australia,Gaming,QA/Test Engineer,Medium (201–1 000),3,$100k–$150k,Remote,Yes,3.4,5.8,0.9,8.2,7.7,8.7,9.3,9.6,5.2,4.0,8.2,None,N/A,0,Easy,Yes,0,No,None,N/A,0
2790,33,Prefer not to say,France,Gaming,Full-Stack Developer,Large (1 001–5 000),6,$50k–$75k,Hybrid,Was already remote,3.8,7.5,13.1,6.2,9.3,8.3,6.7,6.2,2.8,3.4,4.8,None,N/A,0,Difficult,Don't know,0,No,None,N/A,0
2791,36,Male,Australia,Big Tech,CTO/VP Engineering,Medium (201–1 000),0,$50k–$75k,Hybrid,Yes,5.7,6.8,0.7,6.5,7.5,7.0,7.7,4.9,4.7,5.2,4.5,None,N/A,0,Difficult,Yes,0,No,None,N/A,0
2792,27,Female,USA,Government/Public sector,Mobile Developer,Small (51–200),7,>$200k,Hybrid,Yes,6.5,8.1,0.2,10.0,6.4,5.5,7.4,5.1,4.6,5.3,6.3,Anxiety,Self-reported,0,Moderate,Yes,1,No,1–3 days,No,1
2793,28,Female,Australia,Consulting/Agency,Security Engineer,Enterprise (5 000+),17,>$200k,Remote,Was already remote,2.6,9.0,1.1,5.5,5.5,7.5,9.0,8.1,5.2,3.5,6.1,None,N/A,0,No access,No,0,Yes,None,N/A,0
2794,25,Non-binary,USA,Big Tech,Data Scientist,Enterprise (5 000+),0,$100k–$150k,In-person,Was already remote,8.0,7.0,0.5,6.3,6.2,5.8,8.4,10.0,2.7,5.0,5.4,Depression,Self-reported,1,Easy,Yes,1,Yes,1–2 weeks,Partially,1
2795,31,Male,USA,HealthTech,Mobile Developer,Medium (201–1 000),1,$150k–$200k,Hybrid,No,5.7,6.6,3.2,9.6,3.9,7.5,9.5,8.3,1.0,4.5,7.4,Depression,Not sure / undiagnosed,0,No access,Yes,0,Yes,4–7 days,Yes,1
2796,25,Female,UK,SaaS/Software,Data Scientist,Medium (201–1 000),4,$50k–$75k,Remote,No,7.3,6.3,3.2,6.1,6.8,4.0,7.9,5.0,4.4,7.0,5.0,Anxiety,Formally diagnosed,1,Difficult,Yes,1,No,None,Yes,1
2797,36,Male,Canada,HealthTech,Engineering Manager,Startup (1–50),1,$150k–$200k,Hybrid,Was already remote,4.7,5.6,1.7,7.0,5.6,8.2,9.6,9.5,4.2,3.9,5.7,None,N/A,0,No access,No,0,Yes,None,N/A,0
2798,18,Male,Canada,SaaS/Software,Data Scientist,Enterprise (5 000+),7,$75k–$100k,In-person,Yes,5.3,4.8,0.8,5.8,3.6,8.8,8.8,9.8,2.8,5.2,5.3,None,N/A,0,Moderate,No,0,Yes,None,N/A,0
2799,29,Female,Australia,Consulting/Agency,QA/Test Engineer,Large (1 001–5 000),2,$100k–$150k,In-person,No,6.5,7.6,18.1,5.9,4.0,4.5,8.1,2.9,3.5,6.7,2.9,Anxiety,Self-reported,0,Moderate,No,0,Yes,>2 weeks,No,1
2800,34,Female,USA,HealthTech,Data Scientist,Startup (1–50),1,$150k–$200k,Hybrid,Yes,6.3,6.0,0.7,5.2,5.8,5.8,6.1,9.5,4.3,6.9,5.3,None,N/A,0,Moderate,Yes,0,Yes,None,N/A,0
2801,33,Female,UK,Big Tech,ML/AI Engineer,Small (51–200),0,<$50k,In-person,Yes,7.2,5.3,1.0,3.9,3.3,6.4,7.1,4.9,3.1,6.7,5.3,None,N/A,0,Difficult,Yes,0,Yes,None,N/A,0
2802,52,Male,USA,Cybersecurity,Mobile Developer,Large (1 001–5 000),1,$100k–$150k,Hybrid,Yes,7.3,4.3,1.7,5.2,6.0,3.8,9.2,7.0,1.6,6.3,5.9,Anxiety & Depression,Not sure / undiagnosed,1,Difficult,Yes,0,Yes,4–7 days,No,1
2803,34,Male,Australia,HealthTech,Backend Developer,Startup (1–50),1,$100k–$150k,Hybrid,No,3.9,7.2,5.0,7.0,8.4,7.2,8.1,9.8,1.0,3.2,8.6,None,N/A,0,Easy,Yes,0,Yes,None,N/A,0
2804,24,Female,Germany,Consulting/Agency,Backend Developer,Enterprise (5 000+),2,$100k–$150k,In-person,Was already remote,6.3,6.2,0.2,4.6,6.3,5.7,7.4,4.9,1.0,7.6,4.6,None,N/A,0,Easy,Don't know,0,No,None,N/A,0
2805,31,Male,UK,Big Tech,Cloud Architect,Enterprise (5 000+),0,>$200k,Remote,No,5.7,5.9,0.9,5.9,5.5,4.2,9.5,7.9,2.4,7.1,7.1,Burnout,Formally diagnosed,1,Moderate,Don't know,0,No,None,Yes,1
2806,18,Male,Australia,HealthTech,Security Engineer,Enterprise (5 000+),4,$150k–$200k,Hybrid,Yes,6.7,5.6,19.7,8.4,4.3,3.7,7.3,8.2,2.8,5.3,6.0,Depression,Self-reported,1,Moderate,No,0,No,4–7 days,Yes,1
2807,31,Prefer not to say,Germany,AI/ML startup,DevOps/SRE,Large (1 001–5 000),1,<$50k,Remote,No,5.4,7.0,6.0,6.5,6.7,9.6,7.9,7.2,2.0,3.8,8.3,Anxiety,Formally diagnosed,1,Difficult,Yes,1,No,None,No,1
2808,25,Male,Canada,Gaming,Full-Stack Developer,Medium (201–1 000),9,$100k–$150k,Remote,No,6.1,6.6,1.7,10.0,2.9,7.1,7.7,4.4,1.0,6.8,3.1,Anxiety,Self-reported,1,No access,Yes,1,No,None,Partially,1
2809,38,Female,Germany,FinTech,Backend Developer,Startup (1–50),1,$100k–$150k,In-person,No,9.5,3.9,0.0,7.6,5.7,4.6,5.6,6.8,3.3,6.8,4.5,Anxiety,Self-reported,1,Moderate,Don't know,0,Yes,1–2 weeks,Partially,1
2810,27,Male,India,Big Tech,Software Engineer,Large (1 001–5 000),1,$50k–$75k,Hybrid,No,3.9,6.1,7.4,2.9,6.2,8.8,9.1,5.0,2.3,8.7,4.1,None,N/A,0,Easy,Yes,0,Yes,None,N/A,0
2811,31,Male,Australia,SaaS/Software,Backend Developer,Medium (201–1 000),0,$150k–$200k,Hybrid,Yes,5.2,7.7,5.3,4.5,4.6,8.4,7.4,7.8,4.4,5.5,7.8,Anxiety & Depression,Self-reported,1,Difficult,Yes,0,Yes,None,Partially,1
2812,27,Male,USA,E-commerce,Software Engineer,Medium (201–1 000),7,$50k–$75k,Hybrid,No,1.8,6.7,3.9,1.8,6.5,5.5,8.7,8.9,2.7,5.1,6.1,None,N/A,1,Difficult,No,0,Yes,None,N/A,0
2813,45,Male,USA,E-commerce,CTO/VP Engineering,Small (51–200),3,<$50k,Hybrid,Yes,5.0,7.8,1.8,6.0,9.8,5.5,9.1,9.2,2.4,6.6,3.6,Burnout,Self-reported,1,Easy,Yes,1,No,None,No,1
2814,29,Female,USA,Government/Public sector,DevOps/SRE,Small (51–200),0,$50k–$75k,Hybrid,No,4.0,7.0,9.9,9.0,6.9,6.2,7.3,8.7,1.6,3.8,7.3,Burnout,Self-reported,1,Moderate,Yes,1,No,None,Partially,1
2815,45,Female,India,Gaming,Data Analyst,Small (51–200),1,$75k–$100k,In-person,Was already remote,9.5,5.3,0.0,6.8,8.3,4.9,8.4,3.2,2.2,9.0,1.5,Depression,Self-reported,1,Difficult,Yes,1,No,None,No,1
2816,38,Male,Singapore,E-commerce,QA/Test Engineer,Large (1 001–5 000),35,<$50k,Remote,Yes,5.4,6.3,1.2,5.0,7.6,5.6,5.6,4.2,3.3,6.8,4.7,None,N/A,0,No access,No,0,No,None,N/A,0
2817,35,Male,UK,SaaS/Software,Frontend Developer,Medium (201–1 000),9,$100k–$150k,In-person,Yes,5.3,7.4,7.2,9.5,8.9,8.6,4.9,3.9,3.3,4.8,6.0,None,N/A,1,Moderate,Yes,1,Yes,None,N/A,0
2818,34,Male,USA,AI/ML startup,Data Analyst,Small (51–200),2,$100k–$150k,Hybrid,Was already remote,7.2,5.3,2.8,4.8,5.0,2.7,6.6,6.0,3.8,8.2,3.5,Anxiety & Depression,Formally diagnosed,1,Easy,Yes,1,Yes,4–7 days,No,1
2819,34,Male,Netherlands,Government/Public sector,Mobile Developer,Medium (201–1 000),4,$75k–$100k,In-person,Was already remote,4.1,5.5,10.8,7.7,1.9,3.7,9.0,8.1,1.0,8.2,3.4,None,N/A,0,Moderate,Yes,0,Yes,None,N/A,0
2820,18,Male,Brazil,FinTech,DevOps/SRE,Startup (1–50),2,$50k–$75k,Hybrid,Yes,7.4,5.5,3.0,5.0,5.3,4.8,4.9,6.3,4.9,8.5,3.7,Anxiety,Not sure / undiagnosed,0,No access,Yes,0,No,4–7 days,No,1
2821,29,Non-binary,Singapore,Government/Public sector,Backend Developer,Enterprise (5 000+),0,$100k–$150k,Hybrid,Yes,7.3,4.9,0.0,7.2,4.0,5.8,7.5,5.5,4.0,5.7,6.0,None,N/A,0,No access,No,0,Yes,None,N/A,0
2822,38,Female,India,HealthTech,Backend Developer,Medium (201–1 000),8,$75k–$100k,Remote,Yes,8.8,4.8,0.0,5.5,4.8,8.9,6.5,3.4,5.3,5.8,5.7,Anxiety,Self-reported,1,Moderate,Yes,1,No,1–3 days,Partially,1
2823,31,Female,Japan,Gaming,Engineering Manager,Startup (1–50),6,$75k–$100k,Remote,Yes,7.0,5.2,0.6,4.2,4.4,6.7,8.8,8.7,3.9,7.8,5.3,Anxiety,Not sure / undiagnosed,1,Easy,Yes,0,No,None,No,1
2824,21,Male,USA,Big Tech,Engineering Manager,Small (51–200),2,$75k–$100k,In-person,Was already remote,2.7,7.5,7.7,3.4,6.9,6.8,9.1,7.7,3.2,4.5,8.1,Anxiety,Self-reported,1,Difficult,Yes,1,Yes,>2 weeks,No,1
2825,31,Non-binary,USA,Government/Public sector,Engineering Manager,Enterprise (5 000+),10,$50k–$75k,Hybrid,Yes,8.1,4.0,5.4,7.3,8.7,6.5,6.6,7.3,3.4,7.1,2.1,Depression,Not sure / undiagnosed,1,Moderate,Yes,1,No,None,Yes,1
2826,44,Female,USA,Big Tech,Full-Stack Developer,Medium (201–1 000),4,$75k–$100k,Remote,No,10.0,5.8,4.1,8.1,8.2,5.3,6.6,5.4,4.5,7.2,5.2,ADHD,Formally diagnosed,1,Moderate,Yes,0,No,None,No,1
2827,41,Female,France,FinTech,Engineering Manager,Small (51–200),0,$100k–$150k,Hybrid,Was already remote,5.9,6.5,2.6,7.5,5.7,5.7,8.2,7.2,2.0,5.2,7.0,Anxiety & Depression,Formally diagnosed,1,Difficult,Yes,0,Yes,>2 weeks,No,1
2828,31,Male,USA,Consulting/Agency,QA/Test Engineer,Medium (201–1 000),1,$50k–$75k,Hybrid,Yes,6.0,7.4,0.2,6.5,2.2,5.2,7.5,5.5,2.8,6.6,6.9,None,N/A,0,Difficult,Yes,0,Yes,None,N/A,0
2829,39,Prefer not to say,Canada,Cybersecurity,DevOps/SRE,Small (51–200),3,$75k–$100k,Remote,Yes,5.1,7.1,0.5,3.3,4.4,6.8,6.2,6.4,3.0,5.7,5.3,Burnout,Formally diagnosed,1,Moderate,Yes,0,Yes,None,No,1
2830,29,Female,Canada,Consulting/Agency,Data Scientist,Startup (1–50),0,$100k–$150k,Hybrid,Was already remote,3.1,7.5,1.0,6.6,3.0,8.8,9.6,8.0,2.8,2.1,9.0,None,N/A,0,Moderate,No,0,Yes,None,N/A,0
2831,19,Female,USA,E-commerce,CTO/VP Engineering,Large (1 001–5 000),4,>$200k,Remote,No,6.7,5.3,6.3,6.7,5.8,5.9,9.0,4.4,2.5,5.5,4.9,None,N/A,0,Difficult,No,0,No,None,N/A,0
2832,25,Male,Singapore,HealthTech,Frontend Developer,Small (51–200),0,$150k–$200k,In-person,Yes,5.0,6.3,0.5,10.0,7.4,5.4,5.9,6.7,3.2,6.5,6.1,None,N/A,0,Moderate,Don't know,0,Yes,None,N/A,0
2833,43,Male,USA,Gaming,Data Analyst,Large (1 001–5 000),1,>$200k,In-person,No,6.6,4.8,5.3,5.5,10.0,4.5,5.9,8.9,1.4,6.5,5.3,ADHD,Self-reported,1,Moderate,Don't know,0,No,1–3 days,Partially,1
2834,29,Male,UK,Gaming,ML/AI Engineer,Medium (201–1 000),12,$150k–$200k,Hybrid,Was already remote,6.7,7.7,6.1,5.7,6.1,5.5,6.4,10.0,1.0,5.9,3.8,None,N/A,0,Difficult,No,0,No,None,N/A,0
2835,30,Male,Netherlands,E-commerce,Cloud Architect,Small (51–200),35,$100k–$150k,In-person,Yes,9.4,7.3,0.0,6.8,1.5,4.9,7.3,4.4,2.1,8.9,4.8,Anxiety,Formally diagnosed,1,Moderate,No,0,No,None,No,1
2836,29,Female,USA,AI/ML startup,Mobile Developer,Large (1 001–5 000),4,$150k–$200k,In-person,Yes,5.3,7.2,8.1,6.3,2.8,4.0,8.5,6.8,2.4,6.4,7.1,None,N/A,0,Easy,Yes,0,Yes,None,N/A,0
2837,46,Male,Australia,Big Tech,Security Engineer,Medium (201–1 000),5,$100k–$150k,Hybrid,Yes,3.8,5.7,8.3,6.2,5.5,7.7,7.1,5.4,3.4,4.6,6.9,None,N/A,0,No access,No,1,No,None,N/A,0
2838,44,Male,Brazil,Gaming,ML/AI Engineer,Large (1 001–5 000),8,$75k–$100k,Remote,Was already remote,6.5,7.2,3.1,4.2,9.7,6.6,7.6,9.1,2.2,4.0,9.8,None,N/A,1,Difficult,Don't know,0,Yes,None,N/A,0
2839,48,Male,Mexico,Consulting/Agency,ML/AI Engineer,Large (1 001–5 000),6,$75k–$100k,In-person,Yes,5.8,6.1,2.3,7.2,8.0,6.3,6.9,4.5,1.0,6.2,6.2,Depression & Burnout,Self-reported,1,No access,Don't know,0,Yes,None,Yes,1
2840,30,Male,Singapore,AI/ML startup,DevOps/SRE,Enterprise (5 000+),1,$100k–$150k,Hybrid,Yes,9.4,4.0,2.4,6.1,2.4,5.8,5.6,7.7,2.9,6.4,4.9,Depression,Self-reported,1,Moderate,Don't know,0,No,None,No,1
2841,34,Male,UK,AI/ML startup,Data Scientist,Startup (1–50),2,$150k–$200k,Remote,Yes,7.5,5.8,1.1,3.9,2.9,4.9,6.0,2.8,4.9,7.9,4.6,Anxiety & Burnout,Formally diagnosed,1,Moderate,Don't know,0,No,None,No,1
2842,20,Female,India,Big Tech,Mobile Developer,Startup (1–50),4,$50k–$75k,In-person,Was already remote,5.8,7.7,2.9,5.3,1.0,4.8,6.6,7.5,2.5,3.5,5.3,None,N/A,0,Easy,Yes,0,Yes,None,N/A,0
2843,43,Female,USA,E-commerce,Mobile Developer,Medium (201–1 000),2,<$50k,Remote,Yes,7.8,5.9,11.4,4.1,7.2,4.2,4.6,8.1,3.7,5.9,5.3,None,N/A,0,Moderate,Don't know,0,No,None,N/A,0
2844,23,Male,USA,Government/Public sector,Product Manager,Small (51–200),1,$150k–$200k,Hybrid,No,8.0,6.2,0.0,6.3,4.6,4.5,7.7,5.4,5.0,7.5,4.9,Depression,Formally diagnosed,1,Difficult,No,0,No,None,Partially,1
2845,33,Male,USA,Cybersecurity,ML/AI Engineer,Medium (201–1 000),7,$100k–$150k,Remote,Yes,4.3,5.6,1.1,9.1,4.6,6.6,10.0,2.6,1.1,6.4,5.7,None,N/A,0,No access,Yes,0,No,None,N/A,0
2846,23,Male,UK,Gaming,Data Analyst,Startup (1–50),1,$150k–$200k,Remote,Was already remote,6.8,6.1,2.1,5.0,7.9,8.6,7.2,8.4,4.8,2.8,8.2,None,N/A,0,No access,Yes,0,Yes,None,N/A,0
2847,27,Male,Singapore,SaaS/Software,Product Manager,Medium (201–1 000),1,>$200k,Hybrid,Was already remote,10.0,5.4,0.0,6.2,3.9,5.6,6.5,3.0,4.1,8.1,4.2,Anxiety & Depression,Self-reported,1,No access,Yes,0,No,None,No,1
2848,25,Female,UK,Consulting/Agency,Security Engineer,Startup (1–50),1,$75k–$100k,In-person,Yes,3.3,6.0,17.7,6.4,4.0,4.5,9.4,3.1,1.0,5.7,7.2,Depression,Formally diagnosed,0,Moderate,Yes,0,Yes,1–3 days,Partially,1
2849,27,Female,Germany,FinTech,Mobile Developer,Large (1 001–5 000),0,$50k–$75k,Hybrid,Yes,4.6,7.1,4.6,9.0,6.3,4.7,9.0,7.3,2.9,6.6,5.8,None,N/A,0,Moderate,Yes,1,Yes,None,N/A,0
2850,27,Female,Canada,Cybersecurity,Frontend Developer,Large (1 001–5 000),10,$75k–$100k,Hybrid,Yes,5.6,6.3,1.8,6.4,5.6,9.3,6.4,8.0,3.6,5.6,5.9,Burnout,Self-reported,1,No access,Don't know,0,Yes,None,Partially,1
2851,27,Female,Canada,Big Tech,Full-Stack Developer,Startup (1–50),5,$150k–$200k,Remote,Yes,6.9,7.0,7.6,4.1,7.7,6.6,6.9,6.7,4.2,5.4,5.2,None,N/A,0,Easy,Yes,0,No,None,N/A,0
2852,38,Male,New Zealand,HealthTech,Data Scientist,Large (1 001–5 000),9,<$50k,Remote,Was already remote,6.6,5.9,0.1,10.0,3.8,4.0,6.9,3.2,5.5,4.8,7.0,None,N/A,0,Moderate,Yes,0,Yes,None,N/A,0
2853,23,Non-binary,USA,Gaming,Full-Stack Developer,Small (51–200),3,<$50k,Remote,Yes,6.4,6.6,0.8,8.4,6.5,5.3,8.5,3.2,3.8,4.6,6.8,Anxiety & Burnout,Self-reported,1,No access,Yes,1,No,1–3 days,Partially,1
2854,33,Female,India,AI/ML startup,Data Analyst,Medium (201–1 000),4,$75k–$100k,Hybrid,No,5.6,5.8,10.7,1.9,5.0,3.8,8.1,6.3,1.9,4.3,7.9,None,N/A,0,Easy,Don't know,0,Yes,None,N/A,0
2855,41,Non-binary,UK,E-commerce,QA/Test Engineer,Small (51–200),5,$75k–$100k,Remote,Yes,6.6,4.7,2.4,6.9,5.5,6.1,8.9,9.2,3.3,4.8,4.7,Depression,Formally diagnosed,1,Moderate,Don't know,0,Yes,None,No,1
2856,28,Male,USA,Gaming,Security Engineer,Large (1 001–5 000),2,$75k–$100k,Hybrid,Yes,8.5,7.2,7.9,8.4,5.5,5.3,7.0,9.0,4.4,9.0,5.5,None,N/A,0,Easy,Yes,0,Yes,None,N/A,0
2857,26,Non-binary,Canada,SaaS/Software,QA/Test Engineer,Medium (201–1 000),3,$150k–$200k,Remote,Yes,9.1,5.4,13.4,6.5,4.8,7.3,8.1,6.6,4.3,9.9,5.4,Depression,Self-reported,1,Easy,Yes,0,No,1–3 days,No,1
2858,30,Female,Brazil,E-commerce,Cloud Architect,Startup (1–50),4,$100k–$150k,Remote,Yes,8.0,5.1,0.7,7.1,7.6,4.1,8.1,5.8,2.2,6.1,5.1,Anxiety & Depression,Self-reported,0,Easy,Yes,0,Yes,1–3 days,No,1
2859,40,Female,USA,AI/ML startup,ML/AI Engineer,Enterprise (5 000+),16,$150k–$200k,Remote,Yes,8.2,6.7,2.1,6.3,6.2,5.0,6.7,3.0,2.4,6.6,3.5,Depression,Formally diagnosed,1,Easy,Yes,1,No,1–2 weeks,Yes,1
2860,33,Male,USA,Government/Public sector,Engineering Manager,Small (51–200),11,$75k–$100k,In-person,No,6.2,6.5,6.2,5.5,3.3,5.7,5.4,5.7,1.2,7.8,4.4,None,N/A,0,Difficult,No,0,No,None,N/A,0
2861,28,Female,USA,AI/ML startup,Data Analyst,Enterprise (5 000+),0,$100k–$150k,Remote,Yes,10.0,4.2,0.0,4.0,6.3,6.2,6.8,4.9,5.2,7.3,4.0,Other,Formally diagnosed,0,Difficult,Yes,0,No,None,Yes,1
2862,35,Non-binary,Netherlands,Government/Public sector,Mobile Developer,Small (51–200),0,$100k–$150k,Remote,Was already remote,3.4,6.9,2.5,5.6,5.1,8.9,10.0,8.7,1.2,6.8,5.1,None,N/A,0,Easy,Yes,0,No,None,N/A,0
2863,23,Female,France,Government/Public sector,Full-Stack Developer,Large (1 001–5 000),6,$100k–$150k,Hybrid,Was already remote,6.5,4.6,0.2,1.9,4.9,3.2,7.6,6.5,2.7,9.4,4.4,Depression,Self-reported,0,Difficult,Don't know,0,No,None,Yes,1
2864,37,Female,Germany,E-commerce,DevOps/SRE,Large (1 001–5 000),0,$75k–$100k,Remote,Was already remote,7.4,5.5,3.0,9.8,7.2,6.3,7.0,5.5,1.9,6.2,5.8,None,N/A,0,Easy,No,0,Yes,None,N/A,0
2865,35,Non-binary,Canada,Cybersecurity,Product Manager,Enterprise (5 000+),0,$100k–$150k,Hybrid,Was already remote,6.1,8.0,0.0,6.4,5.3,6.5,7.4,6.0,1.4,5.8,5.8,None,N/A,0,Moderate,Yes,0,Yes,None,N/A,0
2866,29,Male,Ireland,Gaming,ML/AI Engineer,Enterprise (5 000+),0,$100k–$150k,In-person,Was already remote,8.0,5.0,1.2,3.9,6.2,5.8,6.6,6.3,4.5,8.9,4.0,Depression,Self-reported,1,Easy,Yes,0,No,4–7 days,No,1
2867,25,Female,Netherlands,SaaS/Software,Product Manager,Enterprise (5 000+),2,$50k–$75k,Remote,Yes,5.7,5.8,9.1,6.5,7.2,6.5,7.8,7.3,2.6,5.7,4.7,None,N/A,0,Easy,Yes,0,No,None,N/A,0
2868,25,Male,Sweden,Big Tech,Backend Developer,Medium (201–1 000),3,<$50k,Hybrid,Yes,8.3,6.3,7.0,8.8,5.8,5.8,8.2,9.2,4.0,4.5,7.0,None,N/A,1,Moderate,Don't know,0,No,None,N/A,0
2869,36,Non-binary,Brazil,AI/ML startup,Backend Developer,Large (1 001–5 000),4,<$50k,In-person,No,6.2,5.3,5.4,7.7,1.2,7.2,7.1,4.7,1.8,5.3,6.3,Anxiety & Depression,Formally diagnosed,1,No access,No,0,No,None,Yes,1
2870,41,Male,India,Gaming,Engineering Manager,Large (1 001–5 000),26,$50k–$75k,In-person,Yes,5.3,5.9,0.4,4.4,7.9,5.3,8.8,3.2,3.2,7.9,5.0,Anxiety & Depression,Self-reported,0,Moderate,Yes,0,No,1–3 days,Yes,1
2871,27,Male,Canada,Government/Public sector,Backend Developer,Startup (1–50),2,$75k–$100k,Remote,Was already remote,5.1,7.9,2.5,5.7,2.0,7.0,8.9,4.5,2.9,4.6,9.0,Burnout,Formally diagnosed,1,No access,Yes,1,No,None,Partially,1
2872,35,Female,Singapore,Government/Public sector,QA/Test Engineer,Enterprise (5 000+),1,$75k–$100k,Remote,Yes,6.5,5.4,4.0,8.0,3.6,6.2,7.8,6.0,3.3,6.7,7.4,ADHD,Formally diagnosed,0,Easy,Don't know,0,No,None,No,1
2873,18,Female,Spain,AI/ML startup,CTO/VP Engineering,Medium (201–1 000),4,$50k–$75k,Hybrid,No,4.9,6.5,0.4,5.0,5.1,5.7,10.0,5.6,2.8,5.3,8.4,Depression,Formally diagnosed,1,Moderate,Yes,1,No,None,No,1
2874,27,Female,USA,Government/Public sector,CTO/VP Engineering,Startup (1–50),1,$100k–$150k,Remote,No,1.0,6.9,1.7,7.1,5.8,6.2,8.1,4.4,1.0,5.1,6.6,None,N/A,1,Easy,Yes,1,No,None,N/A,0
2875,31,Non-binary,USA,HealthTech,Software Engineer,Medium (201–1 000),15,>$200k,In-person,Was already remote,2.6,6.7,0.8,5.3,2.6,5.9,7.2,10.0,2.6,5.0,7.0,None,N/A,0,Moderate,Yes,0,Yes,None,N/A,0
2876,25,Non-binary,South Africa,Big Tech,Cloud Architect,Large (1 001–5 000),1,$50k–$75k,Hybrid,No,5.1,6.9,1.3,6.2,6.3,7.1,7.0,8.5,3.6,6.6,7.7,None,N/A,0,Easy,No,0,Yes,None,N/A,0
2877,24,Male,USA,Gaming,Data Analyst,Medium (201–1 000),25,$75k–$100k,Remote,Yes,5.4,6.7,7.2,8.6,7.7,7.6,7.3,5.1,2.3,4.7,6.7,None,N/A,0,Moderate,Yes,0,No,None,N/A,0
2878,26,Male,Singapore,FinTech,Security Engineer,Medium (201–1 000),2,$100k–$150k,Hybrid,Yes,8.3,5.4,1.6,5.2,5.4,5.1,7.5,6.5,3.4,8.5,3.5,ADHD,Self-reported,0,Moderate,Don't know,0,Yes,4–7 days,Yes,1
2879,34,Male,UK,FinTech,QA/Test Engineer,Small (51–200),9,$100k–$150k,Remote,Was already remote,6.6,6.3,6.3,3.2,5.2,6.3,7.0,8.0,5.6,5.6,6.3,Depression & Burnout,Formally diagnosed,1,Moderate,Yes,1,No,1–3 days,No,1
2880,30,Male,USA,E-commerce,Security Engineer,Large (1 001–5 000),5,$100k–$150k,Remote,Was already remote,6.2,7.5,0.0,10.0,8.2,3.9,6.8,7.5,2.9,6.7,6.1,None,N/A,0,Moderate,No,0,Yes,None,N/A,0
2881,18,Female,USA,AI/ML startup,Cloud Architect,Enterprise (5 000+),14,$100k–$150k,Hybrid,Was already remote,4.7,6.8,0.3,5.8,4.9,7.8,10.0,6.9,3.1,5.8,6.9,Anxiety & Depression,Self-reported,0,Moderate,Yes,0,No,1–3 days,Partially,1
2882,18,Non-binary,USA,Government/Public sector,Data Analyst,Medium (201–1 000),5,$150k–$200k,Remote,No,10.0,5.7,4.3,7.0,1.0,2.4,5.6,4.9,4.4,10.0,3.7,Depression & Burnout,Formally diagnosed,1,Easy,Yes,1,Yes,1–3 days,Yes,1
2883,27,Female,USA,E-commerce,Frontend Developer,Large (1 001–5 000),4,$150k–$200k,Hybrid,Yes,6.0,5.8,2.1,10.0,6.4,4.0,8.1,7.7,1.4,5.8,7.7,None,N/A,0,Easy,No,0,No,None,N/A,0
2884,35,Male,Canada,Consulting/Agency,Engineering Manager,Small (51–200),5,>$200k,Hybrid,No,7.7,6.8,1.5,7.5,4.8,5.3,6.7,7.6,4.3,6.3,8.4,Anxiety,Self-reported,1,Moderate,Yes,0,No,1–3 days,Partially,1
2885,18,Male,Australia,FinTech,Full-Stack Developer,Startup (1–50),8,$100k–$150k,In-person,Was already remote,6.0,5.5,2.0,6.2,4.5,6.1,10.0,6.6,2.3,4.1,10.0,None,N/A,0,Easy,Yes,0,Yes,None,N/A,0
2886,28,Female,Italy,Cybersecurity,Security Engineer,Medium (201–1 000),12,>$200k,In-person,Yes,7.1,7.8,1.1,6.5,9.1,7.0,7.9,5.6,4.1,7.2,5.0,None,N/A,0,Moderate,Don't know,0,Yes,None,N/A,0
2887,28,Female,Canada,E-commerce,Backend Developer,Startup (1–50),1,$150k–$200k,Remote,No,3.4,7.0,8.0,10.0,3.9,8.7,9.9,6.5,1.0,1.6,9.1,None,N/A,0,No access,Yes,0,No,None,N/A,0
2888,42,Male,Germany,Cybersecurity,Cloud Architect,Large (1 001–5 000),1,$100k–$150k,Hybrid,Yes,6.7,6.1,2.1,8.1,4.6,6.7,6.7,6.5,3.9,2.4,10.0,Burnout,Not sure / undiagnosed,1,Easy,Yes,1,No,1–2 weeks,Partially,1
2889,29,Female,Germany,Government/Public sector,Security Engineer,Large (1 001–5 000),0,$100k–$150k,Hybrid,No,6.2,7.8,12.4,5.5,4.0,6.4,10.0,2.2,3.3,5.7,6.7,Anxiety & Depression,Formally diagnosed,1,Moderate,Yes,1,No,4–7 days,Partially,1
2890,34,Non-binary,Germany,Consulting/Agency,Backend Developer,Medium (201–1 000),2,>$200k,Remote,No,6.2,7.3,6.2,8.1,7.2,2.6,8.6,4.7,3.0,5.7,6.4,None,N/A,0,Difficult,Yes,0,No,None,N/A,0
2891,33,Male,Germany,Government/Public sector,CTO/VP Engineering,Medium (201–1 000),10,>$200k,Remote,No,8.0,7.7,3.9,5.3,7.8,6.5,5.5,5.4,5.8,7.6,3.2,Burnout,Formally diagnosed,1,Easy,Don't know,0,Yes,4–7 days,No,1
2892,18,Female,USA,Consulting/Agency,Frontend Developer,Enterprise (5 000+),0,$50k–$75k,In-person,Yes,3.1,8.2,4.1,6.9,7.2,7.7,9.3,5.5,1.6,5.0,8.5,Anxiety,Not sure / undiagnosed,0,Moderate,Yes,0,No,None,No,1
2893,37,Male,USA,Consulting/Agency,Data Scientist,Startup (1–50),4,$100k–$150k,Remote,Yes,5.2,6.1,6.3,7.7,6.3,4.6,10.0,4.1,2.4,3.1,7.4,None,N/A,1,Easy,Yes,1,Yes,None,N/A,0
2894,33,Female,USA,Consulting/Agency,Software Engineer,Medium (201–1 000),6,>$200k,Hybrid,Was already remote,2.3,6.8,8.2,5.0,6.6,7.3,10.0,3.7,1.4,5.2,9.0,Depression,Formally diagnosed,0,Difficult,Yes,0,Yes,4–7 days,Partially,1
2895,35,Male,USA,HealthTech,CTO/VP Engineering,Enterprise (5 000+),9,$75k–$100k,Hybrid,Was already remote,5.5,6.9,0.4,5.5,6.9,3.8,4.6,6.5,4.5,4.8,5.4,None,N/A,0,Easy,Don't know,0,Yes,None,N/A,0
2896,61,Male,Australia,Consulting/Agency,Data Scientist,Enterprise (5 000+),4,$75k–$100k,Remote,Yes,8.0,5.8,0.7,5.4,8.1,6.9,6.5,8.2,2.5,7.0,6.3,Burnout,Formally diagnosed,1,Difficult,No,0,No,1–3 days,No,1
2897,18,Non-binary,USA,HealthTech,CTO/VP Engineering,Medium (201–1 000),1,$50k–$75k,In-person,Yes,7.8,7.2,5.0,4.1,10.0,3.4,6.7,5.1,3.6,9.9,2.8,Burnout,Formally diagnosed,1,Moderate,No,0,Yes,1–2 weeks,Partially,1
2898,44,Male,Ireland,Government/Public sector,QA/Test Engineer,Medium (201–1 000),18,$100k–$150k,Remote,No,5.6,5.6,0.7,6.5,6.8,9.9,7.8,7.8,3.7,4.4,5.7,None,N/A,0,Easy,No,0,Yes,None,N/A,0
2899,29,Female,Mexico,HealthTech,Mobile Developer,Startup (1–50),0,$100k–$150k,Remote,Yes,6.4,6.3,2.7,6.3,4.6,7.6,5.8,6.0,4.9,6.4,6.6,None,N/A,0,Moderate,Yes,0,Yes,None,N/A,0
2900,34,Male,New Zealand,Gaming,Data Scientist,Small (51–200),8,$50k–$75k,Hybrid,Yes,5.3,6.3,5.2,6.9,1.7,6.3,8.2,8.5,3.3,5.7,6.3,Anxiety & Burnout,Not sure / undiagnosed,1,No access,Yes,1,Yes,None,Partially,1
2901,31,Male,Mexico,Cybersecurity,Data Analyst,Large (1 001–5 000),0,$100k–$150k,Remote,No,6.1,6.1,0.6,7.1,7.8,6.5,6.7,7.1,2.1,5.2,4.5,None,N/A,1,Difficult,Yes,0,Yes,None,N/A,0
2902,28,Male,USA,Consulting/Agency,DevOps/SRE,Startup (1–50),0,>$200k,In-person,No,8.0,6.1,1.0,5.4,8.4,5.7,8.8,5.8,3.4,6.6,6.3,None,N/A,0,No access,Yes,0,No,None,N/A,0
2903,27,Male,Canada,SaaS/Software,CTO/VP Engineering,Enterprise (5 000+),12,$75k–$100k,In-person,Yes,9.1,5.4,7.5,8.0,4.8,5.3,5.9,10.0,3.4,6.0,4.0,Depression,Self-reported,0,Moderate,Yes,0,No,None,Partially,1
2904,34,Female,USA,Big Tech,Data Analyst,Medium (201–1 000),7,$50k–$75k,In-person,Was already remote,7.3,5.9,0.9,6.6,6.1,5.3,4.5,5.7,3.9,6.2,5.4,None,N/A,0,No access,Yes,0,Yes,None,N/A,0
2905,20,Male,Sweden,E-commerce,ML/AI Engineer,Startup (1–50),2,$150k–$200k,Remote,Yes,5.9,5.4,3.0,3.6,7.4,5.0,9.5,6.8,2.0,8.1,5.4,Anxiety,Not sure / undiagnosed,0,Moderate,Yes,0,No,1–2 weeks,No,1
2906,37,Female,Ireland,Government/Public sector,QA/Test Engineer,Small (51–200),5,>$200k,Hybrid,Yes,9.2,5.8,0.8,7.0,2.8,6.0,4.7,8.0,3.3,7.8,4.0,None,N/A,0,Moderate,Don't know,0,Yes,None,N/A,0
2907,28,Female,Japan,AI/ML startup,Security Engineer,Medium (201–1 000),3,$75k–$100k,Hybrid,Yes,7.1,5.6,6.8,5.2,1.8,4.8,8.6,5.0,3.2,7.4,6.7,None,N/A,0,Difficult,Yes,0,No,None,N/A,0
2908,23,Female,Canada,Cybersecurity,Security Engineer,Startup (1–50),0,$150k–$200k,In-person,No,5.5,5.9,1.8,1.3,5.0,3.3,5.7,4.2,5.6,9.5,4.3,Anxiety,Self-reported,1,No access,No,0,No,>2 weeks,Partially,1
2909,28,Male,Netherlands,Cybersecurity,Mobile Developer,Large (1 001–5 000),7,$100k–$150k,Remote,Was already remote,5.8,6.5,1.3,9.8,4.3,6.4,6.0,7.0,3.4,6.9,3.9,None,N/A,0,Difficult,Yes,0,Yes,None,N/A,0
2910,41,Non-binary,USA,AI/ML startup,Engineering Manager,Enterprise (5 000+),7,$75k–$100k,Hybrid,Yes,5.2,7.0,0.6,2.8,8.9,5.6,5.5,7.1,2.5,6.0,5.4,Anxiety & Depression,Not sure / undiagnosed,0,Difficult,No,0,Yes,1–3 days,Partially,1
2911,27,Male,USA,E-commerce,Backend Developer,Enterprise (5 000+),11,$150k–$200k,Hybrid,Yes,7.3,8.2,0.8,4.6,6.0,5.8,7.3,5.4,4.3,4.5,7.4,None,N/A,0,Moderate,Yes,0,Yes,None,N/A,0
2912,34,Male,Netherlands,Cybersecurity,Cloud Architect,Large (1 001–5 000),4,$100k–$150k,Hybrid,Yes,6.6,5.7,3.4,5.9,7.7,5.3,9.7,7.2,4.2,5.7,6.1,None,N/A,0,Moderate,No,0,No,None,N/A,0
2913,26,Male,UK,HealthTech,QA/Test Engineer,Enterprise (5 000+),6,$100k–$150k,Remote,Yes,6.4,7.3,0.3,6.7,1.7,5.5,5.0,7.6,1.0,3.8,6.6,Burnout,Self-reported,1,Difficult,Yes,1,No,4–7 days,Partially,1
2914,37,Male,Argentina,Gaming,Data Scientist,Large (1 001–5 000),3,$75k–$100k,Remote,No,5.0,6.5,4.3,6.8,5.5,7.5,6.8,4.8,1.4,4.6,6.8,Anxiety & Burnout,Not sure / undiagnosed,0,Moderate,Yes,0,Yes,4–7 days,No,1
2915,37,Male,USA,FinTech,Product Manager,Medium (201–1 000),2,$150k–$200k,Remote,No,9.6,7.4,0.0,5.7,5.0,6.1,8.0,8.2,8.4,9.2,4.6,None,N/A,0,Easy,Don't know,0,Yes,None,N/A,0
2916,45,Female,Japan,HealthTech,Cloud Architect,Large (1 001–5 000),2,$75k–$100k,Remote,Yes,5.8,8.8,1.4,3.3,6.3,4.2,10.0,4.7,4.4,4.5,9.4,None,N/A,0,Moderate,Yes,0,No,None,N/A,0
2917,30,Male,Canada,Consulting/Agency,Mobile Developer,Small (51–200),13,$75k–$100k,Remote,Was already remote,8.1,5.0,1.3,7.2,7.5,5.4,7.2,7.9,5.7,7.6,1.5,None,N/A,1,Difficult,Yes,1,Yes,None,N/A,0
2918,37,Male,Brazil,Cybersecurity,QA/Test Engineer,Startup (1–50),0,$75k–$100k,Hybrid,No,4.2,7.1,0.6,4.4,5.2,6.7,7.7,9.5,3.2,4.0,7.6,Anxiety & Depression,Formally diagnosed,1,Moderate,Don't know,0,No,4–7 days,Partially,1
2919,32,Female,Brazil,HealthTech,Full-Stack Developer,Large (1 001–5 000),1,$50k–$75k,Hybrid,Yes,7.0,6.7,3.5,7.4,8.0,4.3,8.0,7.1,3.2,6.1,5.7,None,N/A,0,Difficult,No,0,Yes,None,N/A,0
2920,41,Male,Spain,FinTech,QA/Test Engineer,Enterprise (5 000+),5,$150k–$200k,Remote,Yes,4.9,8.4,0.4,7.5,5.8,7.5,8.2,5.5,1.4,5.5,6.1,Anxiety,Formally diagnosed,0,Moderate,Yes,0,No,>2 weeks,No,1
2921,26,Male,USA,Gaming,Data Analyst,Medium (201–1 000),0,$50k–$75k,In-person,No,7.0,5.3,0.0,6.5,4.5,5.0,8.3,8.6,5.9,4.4,7.1,None,N/A,0,Difficult,Yes,0,Yes,None,N/A,0
2922,37,Male,Poland,Government/Public sector,Product Manager,Medium (201–1 000),12,$100k–$150k,Remote,No,4.6,8.0,1.7,4.4,5.3,6.7,8.3,6.6,3.5,5.8,7.5,None,N/A,0,Moderate,Yes,0,Yes,None,N/A,0
2923,30,Female,USA,Gaming,Software Engineer,Medium (201–1 000),0,$150k–$200k,Hybrid,No,3.9,7.1,5.0,5.5,1.4,5.6,7.8,6.8,3.1,5.0,5.6,None,N/A,0,Moderate,Yes,1,No,None,N/A,0
2924,31,Male,USA,SaaS/Software,Data Analyst,Medium (201–1 000),7,$100k–$150k,Remote,No,4.3,4.9,11.8,9.9,8.1,6.5,6.9,8.6,3.9,4.5,9.4,None,N/A,0,Moderate,Yes,0,Yes,None,N/A,0
2925,32,Male,Canada,HealthTech,Product Manager,Medium (201–1 000),2,$75k–$100k,Remote,Yes,3.2,7.1,5.8,6.1,5.7,8.9,7.7,10.0,1.3,3.2,7.0,None,N/A,0,Difficult,Yes,0,No,None,N/A,0
2926,33,Male,Brazil,AI/ML startup,Product Manager,Enterprise (5 000+),0,$150k–$200k,Remote,Yes,4.7,7.6,2.3,3.4,7.0,8.8,8.6,7.9,2.7,4.9,6.0,None,N/A,0,Difficult,Don't know,0,Yes,None,N/A,0
2927,31,Female,Canada,Consulting/Agency,QA/Test Engineer,Medium (201–1 000),10,$100k–$150k,Hybrid,Was already remote,7.5,7.8,0.4,7.7,8.3,4.3,5.6,7.4,4.5,7.6,4.9,Anxiety,Formally diagnosed,1,Difficult,Yes,0,No,1–3 days,Partially,1
2928,33,Female,Brazil,Gaming,Frontend Developer,Startup (1–50),5,$50k–$75k,In-person,Was already remote,4.6,7.1,1.4,5.1,2.3,5.5,9.8,5.2,1.8,5.2,7.1,None,N/A,0,Difficult,Yes,0,Yes,None,N/A,0
2929,43,Female,France,E-commerce,Mobile Developer,Large (1 001–5 000),0,$75k–$100k,In-person,Was already remote,4.8,6.8,1.2,8.6,1.0,4.3,6.8,6.8,1.0,6.1,7.1,None,N/A,0,Moderate,No,0,No,None,N/A,0
2930,39,Male,USA,HealthTech,Mobile Developer,Medium (201–1 000),1,$100k–$150k,Hybrid,Was already remote,6.6,4.5,0.7,1.9,8.9,5.6,7.1,8.2,4.9,8.9,5.1,Anxiety,Formally diagnosed,1,Moderate,No,0,No,1–2 weeks,No,1
2931,38,Male,Poland,Government/Public sector,DevOps/SRE,Large (1 001–5 000),2,$100k–$150k,Hybrid,Yes,2.6,7.7,0.9,7.0,4.0,7.3,5.4,6.8,2.4,3.6,6.6,None,N/A,0,Moderate,Yes,0,Yes,None,N/A,0
2932,28,Male,USA,Consulting/Agency,Frontend Developer,Medium (201–1 000),2,$100k–$150k,In-person,Yes,7.2,5.6,0.2,10.0,5.9,5.0,7.2,9.6,1.6,4.5,6.4,Depression,Formally diagnosed,1,Difficult,Yes,0,Yes,4–7 days,No,1
2933,25,Male,Ireland,AI/ML startup,Product Manager,Large (1 001–5 000),3,$75k–$100k,Hybrid,Was already remote,5.9,6.3,0.2,7.9,4.9,2.2,8.5,10.0,2.7,7.6,3.8,Depression,Formally diagnosed,0,Easy,Yes,0,Yes,None,Partially,1
2934,39,Male,USA,AI/ML startup,QA/Test Engineer,Startup (1–50),4,$100k–$150k,Remote,Was already remote,6.8,7.4,0.0,7.7,6.0,7.9,8.5,9.4,3.0,7.6,7.8,Anxiety & Depression,Self-reported,0,Easy,No,0,No,4–7 days,No,1
2935,38,Male,Canada,Big Tech,DevOps/SRE,Startup (1–50),2,$75k–$100k,Remote,Yes,5.8,7.2,0.9,4.9,8.0,5.9,8.0,8.0,2.6,6.2,7.6,Anxiety & Depression,Not sure / undiagnosed,0,Difficult,Don't know,0,No,None,No,1
2936,43,Male,UK,Government/Public sector,Security Engineer,Medium (201–1 000),2,$75k–$100k,Hybrid,Yes,5.5,7.2,1.4,4.5,3.6,4.3,8.0,5.1,3.3,5.7,5.5,Burnout,Self-reported,0,Easy,No,0,Yes,None,No,1
2937,27,Female,USA,SaaS/Software,Backend Developer,Large (1 001–5 000),3,>$200k,Hybrid,Yes,7.6,5.2,8.4,5.5,9.3,4.2,7.0,5.3,6.0,6.8,4.2,Anxiety,Formally diagnosed,1,Moderate,Don't know,0,No,1–2 weeks,No,1
2938,30,Male,UK,E-commerce,Full-Stack Developer,Small (51–200),0,$75k–$100k,Remote,Was already remote,6.0,5.0,18.2,7.5,5.3,8.0,6.8,6.3,2.6,4.6,6.2,Depression,Formally diagnosed,0,Moderate,Don't know,0,No,None,Partially,1
2939,19,Female,USA,Gaming,Data Scientist,Medium (201–1 000),5,$75k–$100k,Hybrid,No,7.1,5.6,2.4,5.9,9.2,6.5,7.6,4.6,6.7,5.7,6.2,Anxiety & Depression,Formally diagnosed,1,No access,Yes,1,No,None,Yes,1
2940,29,Male,USA,Gaming,Security Engineer,Enterprise (5 000+),5,>$200k,Remote,Was already remote,7.8,4.8,7.3,3.4,1.3,5.8,9.5,6.4,4.2,6.4,6.7,None,N/A,1,Moderate,No,0,No,None,N/A,0
2941,39,Male,USA,SaaS/Software,Cloud Architect,Small (51–200),1,$50k–$75k,Hybrid,Yes,3.9,8.2,3.7,7.7,4.3,6.5,10.0,5.6,1.0,5.6,6.2,None,N/A,0,Difficult,Yes,0,Yes,None,N/A,0
2942,28,Female,Canada,HealthTech,DevOps/SRE,Large (1 001–5 000),1,$100k–$150k,Remote,Yes,4.7,7.1,2.5,6.5,3.4,5.1,8.9,7.3,5.5,6.0,6.6,None,N/A,1,Difficult,Yes,1,Yes,None,N/A,0
2943,36,Male,Sweden,FinTech,Cloud Architect,Large (1 001–5 000),0,$150k–$200k,Remote,Yes,4.5,8.9,0.3,7.1,3.3,8.4,8.3,5.9,1.0,1.8,9.5,None,N/A,0,Difficult,Yes,0,No,None,N/A,0
2944,30,Male,Germany,AI/ML startup,Backend Developer,Enterprise (5 000+),4,$75k–$100k,In-person,Yes,5.4,7.2,0.1,5.7,8.4,6.8,8.1,7.8,1.0,5.9,3.7,None,N/A,0,Difficult,Yes,0,No,None,N/A,0
2945,34,Male,Ireland,Gaming,Backend Developer,Enterprise (5 000+),4,$150k–$200k,Hybrid,Was already remote,6.3,8.1,0.0,6.5,3.9,7.6,9.2,4.6,4.2,3.5,10.0,None,N/A,1,Moderate,No,0,Yes,None,N/A,0
2946,23,Non-binary,India,HealthTech,CTO/VP Engineering,Medium (201–1 000),4,$150k–$200k,Hybrid,Yes,4.4,7.4,0.7,7.5,7.9,6.7,9.8,4.0,5.8,4.9,7.0,None,N/A,0,No access,Don't know,0,No,None,N/A,0
2947,32,Female,Australia,Big Tech,Full-Stack Developer,Large (1 001–5 000),23,$100k–$150k,Hybrid,Yes,4.5,8.1,0.4,5.6,7.4,8.0,9.8,6.0,1.8,4.9,8.8,ADHD,Formally diagnosed,0,No access,Yes,0,Yes,4–7 days,No,1
2948,18,Male,Australia,SaaS/Software,ML/AI Engineer,Large (1 001–5 000),4,$50k–$75k,In-person,Was already remote,5.4,6.7,0.7,4.6,8.1,4.2,10.0,8.1,3.1,7.3,8.5,Anxiety & Burnout,Self-reported,0,Moderate,No,0,Yes,1–3 days,No,1
2949,30,Female,Canada,SaaS/Software,Software Engineer,Small (51–200),7,>$200k,In-person,Yes,7.6,7.6,1.8,3.8,2.5,4.9,8.0,7.3,2.8,7.9,4.0,Burnout,Formally diagnosed,1,Moderate,No,0,No,>2 weeks,No,1
2950,19,Female,Australia,Cybersecurity,Full-Stack Developer,Small (51–200),0,$100k–$150k,Remote,Was already remote,5.1,7.7,2.4,6.3,7.2,8.1,10.0,6.6,2.4,5.4,8.0,None,N/A,0,Moderate,Don't know,0,No,None,N/A,0
2951,41,Female,USA,SaaS/Software,Software Engineer,Small (51–200),1,$100k–$150k,Remote,Yes,6.2,5.0,1.1,6.8,8.5,7.4,10.0,8.2,1.6,7.0,6.0,Anxiety & Burnout,Formally diagnosed,0,Difficult,Yes,0,Yes,1–3 days,No,1
2952,37,Female,Japan,E-commerce,ML/AI Engineer,Small (51–200),1,$150k–$200k,In-person,Was already remote,5.5,7.7,3.7,8.0,7.9,7.7,5.6,7.7,3.7,5.4,6.1,Depression,Not sure / undiagnosed,0,Difficult,Yes,0,Yes,None,Yes,1
2953,35,Male,Netherlands,Cybersecurity,ML/AI Engineer,Large (1 001–5 000),4,$100k–$150k,Hybrid,Was already remote,5.8,7.4,1.5,7.8,5.8,5.1,7.9,9.4,4.4,5.7,5.6,None,N/A,0,Easy,Yes,0,No,None,N/A,0
2954,43,Male,USA,SaaS/Software,Full-Stack Developer,Enterprise (5 000+),2,$100k–$150k,Hybrid,Yes,4.8,4.7,0.9,6.4,2.5,7.5,7.1,6.0,1.0,4.3,7.8,None,N/A,0,Difficult,No,0,Yes,None,N/A,0
2955,24,Male,Netherlands,Consulting/Agency,CTO/VP Engineering,Enterprise (5 000+),5,$150k–$200k,Remote,Yes,1.6,7.4,5.1,6.8,6.0,6.2,9.6,7.6,3.1,3.1,7.5,None,N/A,0,Easy,Yes,0,No,None,N/A,0
2956,45,Female,USA,E-commerce,Software Engineer,Small (51–200),6,$75k–$100k,Hybrid,Yes,4.8,8.0,13.8,9.7,7.0,3.7,10.0,8.3,1.0,4.6,8.2,None,N/A,0,Moderate,No,0,Yes,None,N/A,0
2957,38,Female,USA,Consulting/Agency,Frontend Developer,Startup (1–50),0,$150k–$200k,Hybrid,No,6.4,4.1,5.4,7.6,4.9,6.3,9.9,5.6,3.3,6.0,5.3,ADHD,Self-reported,1,Easy,Yes,1,Yes,None,No,1
2958,30,Female,USA,Consulting/Agency,Data Scientist,Large (1 001–5 000),5,$75k–$100k,Remote,No,6.1,7.3,1.6,6.9,5.7,8.9,8.2,7.5,4.2,6.4,5.4,Burnout,Not sure / undiagnosed,0,Difficult,Yes,0,Yes,None,No,1
2959,40,Non-binary,Netherlands,Cybersecurity,Frontend Developer,Medium (201–1 000),0,$100k–$150k,Hybrid,Was already remote,7.3,6.7,1.0,4.5,7.8,7.5,7.8,8.6,3.4,6.8,5.1,Anxiety,Formally diagnosed,1,Difficult,Don't know,0,Yes,None,Partially,1
2960,23,Non-binary,Netherlands,AI/ML startup,CTO/VP Engineering,Large (1 001–5 000),3,$100k–$150k,In-person,Yes,3.3,7.2,0.6,5.5,6.3,4.9,8.0,7.3,1.0,4.0,5.2,None,N/A,0,Difficult,Yes,0,Yes,None,N/A,0
2961,25,Female,Brazil,SaaS/Software,CTO/VP Engineering,Large (1 001–5 000),7,$50k–$75k,Hybrid,Yes,6.7,9.9,3.3,3.4,8.9,5.7,9.3,4.2,2.3,6.3,7.2,Depression,Not sure / undiagnosed,0,Moderate,Yes,0,No,None,Yes,1
2962,27,Female,USA,Gaming,Software Engineer,Large (1 001–5 000),6,$50k–$75k,Remote,Yes,5.0,7.6,0.9,6.9,6.4,5.2,7.4,8.1,3.8,6.3,6.1,None,N/A,1,Easy,Don't know,0,No,None,N/A,0
2963,28,Non-binary,Canada,HealthTech,Mobile Developer,Small (51–200),1,$100k–$150k,In-person,No,4.6,6.3,4.1,5.0,5.5,5.9,9.4,8.0,4.3,5.2,6.6,Anxiety,Formally diagnosed,1,Moderate,Yes,1,Yes,>2 weeks,Partially,1
2964,24,Male,Australia,Government/Public sector,Data Analyst,Startup (1–50),1,$150k–$200k,Remote,Was already remote,6.9,6.1,4.5,4.4,7.8,7.1,6.4,3.6,1.2,6.7,5.4,Depression,Self-reported,1,Difficult,No,0,No,1–2 weeks,No,1
2965,41,Male,USA,Government/Public sector,Data Analyst,Small (51–200),3,$100k–$150k,Hybrid,Yes,7.4,7.3,6.7,7.0,7.4,4.9,6.1,7.0,5.4,5.2,7.7,Anxiety,Self-reported,1,Difficult,Yes,1,No,4–7 days,Yes,1
2966,30,Male,India,Cybersecurity,Backend Developer,Medium (201–1 000),1,$150k–$200k,Remote,Yes,8.1,6.8,1.9,8.4,5.6,6.2,8.4,7.8,2.0,6.1,6.8,Anxiety,Formally diagnosed,0,Easy,Yes,0,No,None,No,1
2967,34,Female,USA,E-commerce,Data Analyst,Enterprise (5 000+),20,$75k–$100k,In-person,Yes,7.0,6.1,5.6,5.1,8.4,4.0,6.8,8.4,2.6,6.8,4.5,Depression,Self-reported,1,Moderate,Yes,0,No,1–3 days,Yes,1
2968,27,Male,USA,Consulting/Agency,Mobile Developer,Startup (1–50),2,$150k–$200k,Hybrid,Yes,5.8,7.7,4.3,5.8,3.4,5.1,8.2,6.1,3.6,4.9,8.3,ADHD,Formally diagnosed,1,Difficult,Yes,1,Yes,None,No,1
2969,18,Female,Canada,AI/ML startup,Data Analyst,Small (51–200),14,<$50k,In-person,No,3.4,6.0,2.0,5.8,5.3,4.8,8.4,6.9,1.0,6.7,6.4,Burnout,Formally diagnosed,0,Difficult,Don't know,0,No,None,Yes,1
2970,34,Male,India,E-commerce,Data Scientist,Large (1 001–5 000),13,$75k–$100k,In-person,Yes,8.2,7.1,0.0,9.1,10.0,3.3,7.2,3.1,3.5,8.0,3.9,Other,Formally diagnosed,1,Easy,Yes,0,Yes,1–2 weeks,No,1
2971,18,Male,USA,Cybersecurity,ML/AI Engineer,Small (51–200),2,$50k–$75k,Remote,Was already remote,6.4,6.0,0.6,4.2,8.6,8.8,7.6,8.3,3.2,6.0,6.4,Anxiety,Self-reported,1,Easy,Yes,0,No,None,Yes,1
2972,31,Female,USA,FinTech,Engineering Manager,Enterprise (5 000+),1,>$200k,Remote,Yes,4.3,7.7,6.7,1.6,7.8,7.8,8.8,5.3,4.1,3.6,8.5,ADHD,Self-reported,1,Moderate,No,0,No,None,Partially,1
2973,21,Male,USA,HealthTech,Backend Developer,Startup (1–50),8,$100k–$150k,Hybrid,Was already remote,6.4,8.5,2.3,7.2,4.0,3.2,8.1,7.5,2.6,8.1,3.8,None,N/A,0,No access,Yes,0,No,None,N/A,0
2974,46,Male,USA,AI/ML startup,ML/AI Engineer,Enterprise (5 000+),1,$75k–$100k,Hybrid,Yes,3.4,5.1,4.3,1.4,2.0,7.3,10.0,4.5,4.5,5.3,8.2,ADHD,Formally diagnosed,1,Easy,Yes,1,No,None,No,1
2975,38,Male,USA,E-commerce,Software Engineer,Enterprise (5 000+),4,$100k–$150k,Hybrid,Was already remote,8.4,5.7,4.8,4.4,5.4,5.8,5.8,7.5,2.8,7.2,3.4,None,N/A,0,Easy,Yes,0,No,None,N/A,0
2976,32,Male,UK,Government/Public sector,Full-Stack Developer,Enterprise (5 000+),0,$100k–$150k,In-person,Was already remote,5.3,4.3,3.8,10.0,6.8,8.1,10.0,6.9,2.8,7.2,4.1,Depression,Self-reported,1,Moderate,Yes,0,No,4–7 days,Partially,1
2977,41,Female,India,AI/ML startup,Backend Developer,Small (51–200),2,$150k–$200k,Remote,Was already remote,4.0,7.7,7.1,6.3,8.3,5.4,8.0,6.2,1.8,5.6,5.4,None,N/A,0,Difficult,Don't know,0,Yes,None,N/A,0
2978,25,Male,Canada,Consulting/Agency,CTO/VP Engineering,Small (51–200),0,$100k–$150k,Remote,Was already remote,8.3,7.3,0.0,7.1,3.7,6.5,5.7,1.2,1.0,5.9,5.3,None,N/A,1,Moderate,No,0,No,None,N/A,0
2979,36,Female,Netherlands,Gaming,DevOps/SRE,Large (1 001–5 000),1,$100k–$150k,Remote,Yes,3.6,6.4,8.6,8.1,6.3,7.1,8.6,4.7,1.0,3.7,9.6,None,N/A,0,No access,No,0,No,None,N/A,0
2980,33,Male,France,SaaS/Software,Backend Developer,Large (1 001–5 000),6,>$200k,Hybrid,Yes,6.0,7.1,5.6,3.6,5.3,6.3,8.7,7.0,3.6,5.0,5.2,Anxiety,Formally diagnosed,0,No access,Don't know,0,No,1–2 weeks,Partially,1
2981,33,Female,USA,Gaming,Engineering Manager,Large (1 001–5 000),26,>$200k,In-person,No,6.2,6.9,7.8,6.9,6.2,6.2,6.1,4.4,2.7,6.1,6.1,Anxiety,Self-reported,0,No access,Yes,0,Yes,1–2 weeks,No,1
2982,41,Male,USA,Cybersecurity,Product Manager,Medium (201–1 000),1,<$50k,In-person,Was already remote,3.6,7.5,5.0,3.0,6.8,3.0,10.0,6.2,1.8,8.5,4.0,Depression,Formally diagnosed,0,Moderate,Don't know,0,No,None,Partially,1
2983,37,Female,Singapore,FinTech,ML/AI Engineer,Small (51–200),3,$100k–$150k,Hybrid,Yes,5.3,7.5,1.0,4.9,5.3,6.9,7.8,5.3,1.6,5.2,4.4,Depression & Burnout,Self-reported,0,Moderate,Don't know,0,No,4–7 days,No,1
2984,34,Female,USA,Big Tech,Software Engineer,Enterprise (5 000+),3,$75k–$100k,In-person,Was already remote,2.6,7.9,1.1,6.2,4.7,7.2,5.8,8.4,1.7,2.6,7.6,Depression & Burnout,Formally diagnosed,1,Difficult,Yes,1,No,>2 weeks,No,1
2985,19,Male,USA,FinTech,Mobile Developer,Startup (1–50),1,$100k–$150k,Hybrid,No,5.2,6.3,0.4,4.6,5.6,6.5,9.6,3.4,5.2,4.7,5.4,None,N/A,0,No access,No,0,No,None,N/A,0
2986,24,Female,USA,Consulting/Agency,Data Analyst,Startup (1–50),5,$100k–$150k,Remote,Yes,2.6,6.9,3.1,6.2,7.0,6.1,8.8,5.6,1.5,3.7,8.0,None,N/A,0,Moderate,Yes,0,No,None,N/A,0
2987,31,Female,India,FinTech,Product Manager,Startup (1–50),7,$75k–$100k,Hybrid,Yes,7.6,4.6,1.0,8.0,7.0,5.2,6.2,6.2,1.2,7.8,5.1,Burnout,Formally diagnosed,0,Moderate,Don't know,0,No,1–2 weeks,No,1
2988,32,Male,Germany,HealthTech,Cloud Architect,Large (1 001–5 000),0,>$200k,Hybrid,Yes,4.9,4.5,3.8,4.8,3.8,8.2,9.4,8.7,6.8,5.9,5.6,None,N/A,0,Moderate,Yes,1,No,None,N/A,0
2989,23,Male,Italy,Big Tech,QA/Test Engineer,Startup (1–50),7,$75k–$100k,Remote,Yes,3.8,7.0,2.8,7.4,3.4,7.1,8.6,7.4,1.0,4.5,9.3,None,N/A,0,Easy,Don't know,0,Yes,None,N/A,0
2990,50,Non-binary,Ireland,Cybersecurity,DevOps/SRE,Medium (201–1 000),6,$100k–$150k,In-person,No,6.4,8.4,0.1,4.5,7.9,6.3,6.4,8.2,6.0,7.0,4.2,None,N/A,0,No access,Yes,0,Yes,None,N/A,0
2991,43,Female,UK,SaaS/Software,Frontend Developer,Medium (201–1 000),1,$150k–$200k,Hybrid,Yes,2.8,6.2,0.6,8.6,3.2,7.6,8.3,5.8,1.5,5.2,7.1,Anxiety & Depression,Formally diagnosed,0,Difficult,No,0,Yes,None,No,1
2992,36,Male,UK,E-commerce,ML/AI Engineer,Startup (1–50),5,$50k–$75k,In-person,No,4.7,6.2,0.6,7.7,4.6,7.3,6.4,6.4,1.7,4.4,6.5,None,N/A,0,Easy,Yes,0,Yes,None,N/A,0
2993,32,Male,USA,Gaming,Frontend Developer,Large (1 001–5 000),2,$75k–$100k,Remote,No,7.3,6.4,0.0,7.7,5.5,8.3,7.4,6.3,2.4,5.1,5.8,None,N/A,0,Moderate,Yes,0,No,None,N/A,0
2994,30,Female,USA,HealthTech,Engineering Manager,Startup (1–50),6,$50k–$75k,Hybrid,Was already remote,3.5,6.8,4.9,8.0,6.0,3.8,10.0,6.8,1.3,6.4,5.0,None,N/A,0,Easy,Yes,0,Yes,None,N/A,0
2995,24,Female,USA,SaaS/Software,Software Engineer,Small (51–200),3,$150k–$200k,In-person,No,5.5,6.7,1.0,10.0,5.8,4.5,10.0,8.0,1.7,6.9,6.9,None,N/A,0,Difficult,Yes,0,Yes,None,N/A,0
2996,32,Female,USA,HealthTech,Frontend Developer,Medium (201–1 000),0,$150k–$200k,In-person,No,4.5,7.3,0.5,6.8,7.2,5.8,6.1,7.6,4.9,4.7,5.6,Depression,Not sure / undiagnosed,0,Difficult,Yes,0,Yes,4–7 days,No,1
2997,33,Male,USA,Consulting/Agency,Software Engineer,Medium (201–1 000),8,$75k–$100k,Remote,Was already remote,2.2,7.6,5.7,4.7,9.0,10.0,9.8,9.7,1.0,1.0,10.0,None,N/A,0,Difficult,Yes,0,No,None,N/A,0
2998,22,Female,USA,FinTech,Mobile Developer,Small (51–200),4,<$50k,Remote,Yes,3.9,6.0,10.2,7.6,5.8,8.7,8.1,8.3,1.6,5.4,7.1,None,N/A,0,Difficult,No,0,No,None,N/A,0
2999,34,Male,USA,SaaS/Software,Cloud Architect,Enterprise (5 000+),7,$100k–$150k,Hybrid,Yes,4.7,5.7,0.4,6.7,4.0,7.1,9.0,6.7,2.1,4.8,6.8,None,N/A,0,Moderate,Yes,0,Yes,None,N/A,0
3000,30,Male,South Africa,AI/ML startup,Software Engineer,Enterprise (5 000+),0,$100k–$150k,In-person,Was already remote,6.4,6.7,11.1,6.8,6.5,5.9,7.7,5.2,2.8,4.4,6.1,Anxiety,Self-reported,1,No access,Don't know,0,Yes,1–3 days,Partially,1
3001,18,Female,Germany,AI/ML startup,Data Scientist,Medium (201–1 000),7,$100k–$150k,Hybrid,Yes,8.5,4.5,9.5,7.0,5.3,3.7,4.8,7.5,6.3,8.9,4.3,Anxiety,Not sure / undiagnosed,0,Moderate,Yes,0,No,1–2 weeks,No,1
3002,25,Prefer not to say,Italy,Gaming,Data Scientist,Medium (201–1 000),2,$100k–$150k,Hybrid,Yes,6.0,7.8,2.3,3.2,5.0,6.7,7.2,3.4,3.1,7.2,4.7,Depression & Burnout,Formally diagnosed,0,No access,Yes,0,No,4–7 days,No,1
3003,28,Male,UK,FinTech,DevOps/SRE,Small (51–200),8,$75k–$100k,Hybrid,Yes,6.2,6.9,0.9,4.6,7.4,3.6,8.1,5.2,1.9,7.6,5.0,None,N/A,0,Difficult,Yes,0,Yes,None,N/A,0
3004,46,Male,Canada,SaaS/Software,Mobile Developer,Enterprise (5 000+),5,$100k–$150k,Remote,Yes,7.4,7.5,0.0,3.7,3.5,6.3,6.7,6.8,6.9,7.4,4.7,Anxiety,Self-reported,0,Difficult,Yes,0,No,1–3 days,No,1
3005,36,Female,UK,Gaming,Software Engineer,Medium (201–1 000),2,<$50k,Remote,No,6.8,7.0,5.6,10.0,4.8,6.9,4.7,8.6,1.5,6.7,4.1,None,N/A,0,No access,Yes,0,Yes,None,N/A,0
3006,21,Female,USA,Government/Public sector,DevOps/SRE,Startup (1–50),1,$50k–$75k,Remote,Yes,4.8,6.8,3.3,10.0,5.5,8.2,7.8,6.1,1.8,3.7,6.1,None,N/A,0,Easy,Don't know,0,No,None,N/A,0
3007,35,Female,USA,E-commerce,Data Scientist,Enterprise (5 000+),9,$50k–$75k,Remote,No,5.0,7.9,3.7,10.0,7.5,4.8,9.2,7.1,1.0,6.5,5.0,None,N/A,0,Moderate,No,0,No,None,N/A,0
3008,20,Female,Mexico,Consulting/Agency,DevOps/SRE,Medium (201–1 000),4,$100k–$150k,Hybrid,Was already remote,7.0,6.3,6.3,9.7,7.1,5.1,8.5,5.6,2.0,5.7,6.1,ADHD,Formally diagnosed,0,No access,Don't know,0,Yes,None,Partially,1
3009,40,Male,Italy,Gaming,DevOps/SRE,Medium (201–1 000),24,$75k–$100k,Hybrid,No,6.9,5.9,1.5,6.2,7.9,3.9,8.8,10.0,4.2,5.5,7.7,Anxiety,Formally diagnosed,0,Moderate,Yes,0,Yes,1–3 days,Yes,1
3010,28,Prefer not to say,USA,Government/Public sector,Full-Stack Developer,Small (51–200),2,$100k–$150k,In-person,No,6.4,4.7,1.2,4.2,4.5,7.0,7.4,8.3,3.7,6.8,5.9,Anxiety,Self-reported,0,Difficult,Don't know,0,No,None,No,1
3011,31,Female,USA,FinTech,Full-Stack Developer,Startup (1–50),6,$100k–$150k,Remote,Yes,4.9,6.7,5.1,6.6,9.3,9.3,7.4,6.9,1.7,3.4,8.4,None,N/A,0,No access,Yes,0,Yes,None,N/A,0
3012,41,Female,UK,E-commerce,Software Engineer,Enterprise (5 000+),5,$150k–$200k,Remote,Yes,8.9,5.1,0.1,9.9,5.3,6.8,7.0,7.9,3.4,6.5,7.8,Depression,Not sure / undiagnosed,1,Difficult,Yes,0,No,4–7 days,Partially,1
3013,22,Female,USA,Consulting/Agency,Product Manager,Large (1 001–5 000),5,$100k–$150k,Remote,Yes,4.6,6.1,1.5,7.0,7.1,5.2,8.2,5.7,4.4,4.0,5.0,None,N/A,0,Moderate,Yes,0,No,None,N/A,0
3014,21,Female,UK,Big Tech,Frontend Developer,Startup (1–50),7,$50k–$75k,Hybrid,No,5.8,6.1,1.5,6.6,6.3,5.9,5.8,5.8,1.5,5.0,7.0,Burnout,Not sure / undiagnosed,0,Moderate,Don't know,0,No,4–7 days,Yes,1
3015,27,Male,USA,HealthTech,DevOps/SRE,Medium (201–1 000),0,>$200k,Remote,No,8.5,6.6,5.8,6.7,4.4,6.5,5.1,8.3,4.7,7.3,5.1,Anxiety,Not sure / undiagnosed,1,Easy,Don't know,0,No,1–3 days,Yes,1
3016,39,Male,Canada,Big Tech,Security Engineer,Medium (201–1 000),4,$50k–$75k,Hybrid,No,6.2,5.4,4.9,6.5,5.3,6.2,8.6,7.8,1.0,7.0,6.1,None,N/A,0,Moderate,No,0,No,None,N/A,0
3017,20,Female,USA,FinTech,Product Manager,Small (51–200),3,$75k–$100k,Hybrid,Was already remote,5.9,5.2,1.0,6.3,7.1,6.7,7.4,7.6,1.5,5.9,7.1,None,N/A,0,Easy,Yes,0,No,None,N/A,0
3018,18,Male,UK,HealthTech,Data Scientist,Medium (201–1 000),2,>$200k,Hybrid,Yes,6.5,4.5,0.1,5.7,7.0,6.0,6.0,4.3,3.4,5.5,5.3,Depression & Burnout,Not sure / undiagnosed,1,Difficult,Don't know,0,Yes,4–7 days,No,1
3019,28,Male,USA,Gaming,ML/AI Engineer,Large (1 001–5 000),3,$100k–$150k,In-person,Yes,4.8,7.3,1.8,9.0,6.6,6.0,7.1,7.7,1.3,5.9,6.3,None,N/A,0,Easy,No,0,No,None,N/A,0
3020,36,Female,Canada,Government/Public sector,Frontend Developer,Small (51–200),4,$100k–$150k,Hybrid,No,5.8,7.4,3.2,4.6,8.2,4.5,8.4,8.1,5.6,8.0,7.4,None,N/A,0,Easy,Yes,0,No,None,N/A,0
3021,41,Female,Italy,Government/Public sector,Data Analyst,Small (51–200),2,$75k–$100k,Hybrid,No,7.3,5.7,3.3,6.7,8.5,6.7,4.4,7.9,4.5,5.0,6.6,None,N/A,1,Difficult,Don't know,0,No,None,N/A,0
3022,28,Male,UK,Big Tech,Mobile Developer,Startup (1–50),1,$50k–$75k,Remote,Yes,7.7,5.7,0.0,5.6,5.5,3.5,6.9,8.3,5.0,7.0,5.8,Depression & Burnout,Formally diagnosed,1,Moderate,Yes,1,Yes,4–7 days,No,1
3023,28,Female,Singapore,SaaS/Software,CTO/VP Engineering,Medium (201–1 000),7,$75k–$100k,Remote,Yes,8.9,6.9,0.0,4.3,4.3,6.9,7.2,7.2,7.3,6.4,5.1,None,N/A,0,Difficult,Yes,0,Yes,None,N/A,0
3024,40,Female,Brazil,E-commerce,Frontend Developer,Medium (201–1 000),0,$75k–$100k,Hybrid,Was already remote,4.7,6.7,9.4,5.3,3.6,3.0,9.8,9.3,1.4,4.8,8.9,None,N/A,0,Moderate,Don't know,0,Yes,None,N/A,0
3025,18,Male,Poland,SaaS/Software,DevOps/SRE,Startup (1–50),2,$75k–$100k,Remote,No,8.4,6.5,0.8,4.7,6.8,7.4,6.7,8.8,2.6,5.6,5.8,None,N/A,0,Moderate,Yes,0,No,None,N/A,0
3026,29,Female,Sweden,SaaS/Software,Security Engineer,Large (1 001–5 000),5,$75k–$100k,Remote,Yes,7.1,6.6,0.7,4.1,8.7,6.1,4.4,6.8,4.2,6.4,5.7,Burnout,Self-reported,1,Moderate,Yes,1,No,1–2 weeks,Yes,1
3027,33,Male,Australia,Gaming,Software Engineer,Medium (201–1 000),1,$75k–$100k,Remote,Was already remote,7.9,5.1,3.3,7.0,6.4,5.3,7.7,4.6,3.6,7.4,5.6,Anxiety,Self-reported,1,No access,No,1,Yes,>2 weeks,Partially,1
3028,35,Male,Japan,Cybersecurity,Software Engineer,Large (1 001–5 000),4,$100k–$150k,Remote,Yes,3.6,7.6,2.6,9.1,5.6,8.9,9.4,7.1,1.7,5.7,6.1,Burnout,Not sure / undiagnosed,0,Difficult,Yes,0,Yes,4–7 days,Partially,1
3029,28,Male,USA,SaaS/Software,DevOps/SRE,Small (51–200),1,>$200k,Remote,Was already remote,4.6,7.1,1.1,4.6,8.0,7.9,10.0,6.4,2.1,3.7,6.7,None,N/A,0,Moderate,No,0,No,None,N/A,0
3030,32,Male,Canada,Cybersecurity,DevOps/SRE,Medium (201–1 000),10,$100k–$150k,Hybrid,Yes,6.4,5.9,1.4,5.4,4.2,5.1,9.8,8.5,1.9,4.8,7.1,None,N/A,0,Easy,Don't know,0,Yes,None,N/A,0
3031,18,Female,Italy,Gaming,QA/Test Engineer,Large (1 001–5 000),2,$150k–$200k,In-person,No,7.3,5.9,0.0,5.9,5.7,7.1,7.3,5.3,3.1,3.7,7.4,Burnout,Self-reported,1,Easy,Yes,1,Yes,1–2 weeks,No,1
3032,27,Female,Netherlands,E-commerce,Frontend Developer,Large (1 001–5 000),1,$75k–$100k,Hybrid,No,5.2,5.2,1.1,6.9,3.8,6.1,6.7,4.0,1.6,6.2,3.3,ADHD,Not sure / undiagnosed,1,No access,Yes,1,No,None,No,1
3033,35,Female,South Africa,Government/Public sector,Full-Stack Developer,Large (1 001–5 000),4,$50k–$75k,Remote,No,5.3,7.6,1.8,6.9,7.2,6.7,8.9,3.0,4.1,6.1,7.4,Anxiety,Not sure / undiagnosed,1,Moderate,Yes,1,No,4–7 days,No,1
3034,24,Female,Netherlands,Gaming,Full-Stack Developer,Startup (1–50),0,$75k–$100k,Remote,Yes,4.1,7.2,2.8,7.6,3.6,7.5,10.0,8.8,1.9,3.8,7.5,None,N/A,0,Difficult,No,0,No,None,N/A,0
3035,32,Female,Singapore,Big Tech,Data Analyst,Enterprise (5 000+),8,$75k–$100k,Remote,No,5.1,6.9,4.7,4.2,7.9,7.2,8.3,8.9,4.6,5.3,8.9,ADHD,Self-reported,0,No access,Don't know,0,No,4–7 days,No,1
3036,35,Male,Australia,Consulting/Agency,Security Engineer,Large (1 001–5 000),6,$100k–$150k,Hybrid,Yes,5.3,6.8,1.6,3.3,5.1,6.3,7.8,10.0,1.8,4.5,9.8,Anxiety,Self-reported,1,Difficult,No,0,No,None,No,1
3037,29,Male,Netherlands,FinTech,CTO/VP Engineering,Medium (201–1 000),8,>$200k,Remote,Yes,5.3,7.2,2.7,4.7,9.8,7.9,10.0,10.0,3.1,4.7,7.6,Anxiety & Depression,Self-reported,1,Moderate,Yes,0,No,None,Partially,1
3038,33,Female,Germany,Cybersecurity,Security Engineer,Enterprise (5 000+),2,$150k–$200k,Hybrid,Yes,4.4,5.3,10.7,5.1,1.4,6.0,7.2,9.5,1.5,5.9,4.0,None,N/A,0,Moderate,No,0,No,None,N/A,0
3039,24,Male,Spain,HealthTech,Product Manager,Medium (201–1 000),9,$75k–$100k,Remote,No,9.5,8.8,4.7,5.5,6.4,6.6,5.5,8.0,3.8,9.7,4.0,None,N/A,1,Easy,Yes,1,Yes,None,N/A,0
3040,30,Male,Brazil,FinTech,Data Analyst,Startup (1–50),3,$150k–$200k,Hybrid,Yes,7.8,7.0,0.2,4.3,6.7,4.0,7.6,5.8,5.3,5.8,4.7,None,N/A,0,Easy,Yes,0,Yes,None,N/A,0
3041,36,Female,Japan,SaaS/Software,Cloud Architect,Large (1 001–5 000),0,$75k–$100k,Hybrid,Yes,7.2,6.7,0.2,6.4,5.0,5.7,6.8,5.4,5.5,4.8,5.1,None,N/A,0,Moderate,Yes,0,Yes,None,N/A,0
3042,33,Male,Australia,E-commerce,ML/AI Engineer,Enterprise (5 000+),1,$50k–$75k,Remote,Yes,8.1,8.2,2.9,7.0,10.0,6.4,7.3,6.6,5.4,4.6,5.6,None,N/A,0,Difficult,Yes,0,Yes,None,N/A,0
3043,27,Female,USA,Big Tech,ML/AI Engineer,Small (51–200),6,$100k–$150k,Hybrid,Yes,7.0,6.7,2.6,8.0,9.0,4.6,8.8,8.4,1.5,6.0,8.6,ADHD,Formally diagnosed,1,Difficult,Yes,1,No,1–3 days,Yes,1
3044,33,Male,USA,HealthTech,CTO/VP Engineering,Large (1 001–5 000),12,$100k–$150k,In-person,No,10.0,7.8,1.4,4.9,7.2,3.7,4.2,4.7,5.7,9.9,2.3,ADHD,Self-reported,0,Easy,Don't know,0,No,1–3 days,No,1
3045,37,Male,Mexico,Gaming,QA/Test Engineer,Large (1 001–5 000),0,$150k–$200k,Hybrid,No,4.6,9.2,0.7,6.5,4.9,7.2,7.6,4.6,1.0,4.0,6.8,Burnout,Self-reported,1,No access,Yes,1,Yes,4–7 days,No,1
3046,18,Male,India,Government/Public sector,Software Engineer,Enterprise (5 000+),10,$75k–$100k,Hybrid,Yes,1.9,9.0,2.4,8.3,5.0,6.0,10.0,7.5,2.2,3.8,8.5,None,N/A,0,Moderate,Don't know,0,Yes,None,N/A,0
3047,40,Female,USA,Gaming,Frontend Developer,Small (51–200),8,$50k–$75k,Remote,Was already remote,4.4,6.9,5.2,3.2,4.1,8.1,8.8,4.7,1.2,3.0,6.8,None,N/A,0,Moderate,Don't know,0,No,None,N/A,0
3048,29,Male,USA,Gaming,ML/AI Engineer,Startup (1–50),2,$50k–$75k,Hybrid,No,2.6,7.2,5.2,5.2,6.9,7.7,9.1,3.6,2.4,2.3,8.5,None,N/A,0,Moderate,No,0,No,None,N/A,0
3049,35,Female,Brazil,Consulting/Agency,Product Manager,Small (51–200),6,$50k–$75k,Remote,Was already remote,3.8,6.7,1.0,3.9,2.5,7.0,8.1,6.3,1.2,4.5,8.7,Anxiety,Formally diagnosed,1,Easy,No,0,No,None,No,1
3050,40,Female,Brazil,Big Tech,Frontend Developer,Medium (201–1 000),1,>$200k,Remote,No,4.9,7.7,2.0,7.0,6.1,6.2,9.4,7.9,3.8,8.2,4.5,None,N/A,1,Difficult,Don't know,0,No,None,N/A,0
3051,21,Non-binary,Brazil,Big Tech,Frontend Developer,Enterprise (5 000+),9,>$200k,Remote,Yes,5.7,5.5,1.8,9.9,6.2,5.4,6.6,5.2,1.0,3.5,6.7,None,N/A,1,No access,Yes,0,Yes,None,N/A,0
3052,26,Male,India,SaaS/Software,Full-Stack Developer,Medium (201–1 000),5,>$200k,Remote,No,7.9,6.0,1.7,5.1,3.7,8.3,8.3,4.3,4.4,7.7,6.2,None,N/A,0,Easy,No,0,Yes,None,N/A,0
3053,29,Male,UK,SaaS/Software,Software Engineer,Enterprise (5 000+),3,$75k–$100k,Remote,Yes,9.0,3.5,1.0,8.9,6.9,5.0,5.7,4.3,4.4,7.1,5.0,Anxiety,Self-reported,1,Moderate,Don't know,0,No,None,No,1
3054,26,Female,USA,FinTech,ML/AI Engineer,Large (1 001–5 000),10,$50k–$75k,In-person,No,6.5,5.3,2.0,8.3,5.1,3.1,6.2,6.7,1.8,5.0,6.4,None,N/A,0,Easy,Don't know,1,Yes,None,N/A,0
3055,45,Non-binary,USA,Big Tech,Full-Stack Developer,Medium (201–1 000),0,>$200k,In-person,Was already remote,3.8,7.2,6.2,6.5,6.0,4.3,7.0,6.3,1.4,3.5,8.3,None,N/A,0,Difficult,No,0,No,None,N/A,0
3056,25,Prefer not to say,Brazil,Government/Public sector,Backend Developer,Startup (1–50),10,>$200k,Hybrid,Yes,5.1,7.4,1.7,5.6,5.7,6.5,8.0,5.5,3.1,7.3,5.3,None,N/A,0,No access,Yes,1,Yes,None,N/A,0
3057,27,Male,USA,SaaS/Software,Data Scientist,Small (51–200),0,$50k–$75k,Hybrid,Yes,5.5,7.8,2.7,5.4,4.9,5.2,8.0,5.8,4.2,5.1,5.7,None,N/A,0,Easy,No,0,No,None,N/A,0
3058,33,Female,India,E-commerce,Backend Developer,Startup (1–50),7,$150k–$200k,Hybrid,Yes,5.2,6.8,3.2,9.6,5.3,4.1,6.7,7.2,4.4,5.5,5.2,None,N/A,0,Moderate,Don't know,0,No,None,N/A,0
3059,22,Male,Canada,Consulting/Agency,Backend Developer,Small (51–200),4,$75k–$100k,Remote,No,3.6,6.5,10.4,5.0,7.0,5.9,7.8,6.6,3.6,6.6,2.9,ADHD,Not sure / undiagnosed,1,No access,Yes,1,Yes,None,Partially,1
3060,29,Male,Germany,FinTech,Data Scientist,Startup (1–50),6,>$200k,Remote,No,8.3,5.4,2.8,7.2,8.1,7.3,3.7,5.4,5.1,6.6,6.4,Depression & Burnout,Self-reported,0,Easy,No,0,Yes,1–3 days,No,1
3061,34,Male,Spain,HealthTech,Backend Developer,Small (51–200),2,$50k–$75k,Hybrid,Yes,3.2,6.5,1.0,4.9,7.5,8.0,8.4,8.6,2.9,5.4,4.8,Other,Self-reported,1,Moderate,Yes,1,Yes,None,No,1
3062,29,Male,USA,Cybersecurity,ML/AI Engineer,Medium (201–1 000),10,$150k–$200k,In-person,Yes,5.0,9.0,3.0,3.3,7.9,3.5,10.0,8.8,2.9,5.9,7.8,Anxiety & Burnout,Formally diagnosed,0,Difficult,Don't know,0,No,4–7 days,Partially,1
3063,31,Male,Netherlands,Government/Public sector,Frontend Developer,Medium (201–1 000),2,<$50k,In-person,No,6.2,6.1,3.4,4.8,2.9,2.1,4.4,4.9,3.9,6.4,5.1,Depression & Burnout,Formally diagnosed,0,No access,Yes,1,No,4–7 days,No,1
3064,28,Male,USA,HealthTech,Mobile Developer,Small (51–200),1,$100k–$150k,Remote,No,6.3,6.9,0.0,9.3,4.2,8.6,8.1,4.3,2.4,4.0,7.3,None,N/A,0,Difficult,Yes,1,Yes,None,N/A,0
3065,20,Female,USA,E-commerce,Full-Stack Developer,Large (1 001–5 000),1,$75k–$100k,Remote,No,5.3,6.5,0.2,8.8,3.9,4.8,8.7,6.4,2.9,7.2,7.9,Depression & Burnout,Self-reported,1,Difficult,No,0,No,>2 weeks,Yes,1
3066,34,Male,Canada,Consulting/Agency,DevOps/SRE,Medium (201–1 000),8,$100k–$150k,Hybrid,Yes,6.6,7.1,0.0,5.5,3.6,5.0,6.9,7.3,1.0,6.8,5.5,Burnout,Self-reported,1,No access,Yes,1,Yes,4–7 days,Partially,1
3067,45,Female,USA,Consulting/Agency,CTO/VP Engineering,Large (1 001–5 000),3,$100k–$150k,Hybrid,No,4.1,5.9,0.4,10.0,5.1,6.5,8.8,6.5,3.7,4.7,6.7,None,N/A,0,Easy,Yes,0,Yes,None,N/A,0
3068,32,Male,Sweden,Government/Public sector,Cloud Architect,Large (1 001–5 000),4,$100k–$150k,In-person,Yes,5.8,6.0,0.1,9.1,3.5,3.1,6.7,10.0,5.2,4.1,8.0,Anxiety,Self-reported,1,Difficult,Yes,0,Yes,None,Yes,1
3069,33,Male,Germany,Gaming,QA/Test Engineer,Large (1 001–5 000),9,<$50k,Hybrid,Yes,3.7,7.6,11.5,5.1,5.2,7.1,7.8,6.9,1.0,5.6,5.0,Anxiety,Self-reported,1,Difficult,No,0,No,>2 weeks,No,1
3070,37,Male,USA,AI/ML startup,Full-Stack Developer,Enterprise (5 000+),9,$100k–$150k,In-person,No,4.4,6.2,1.0,5.9,4.6,3.9,9.4,6.9,3.8,8.7,4.7,Burnout,Self-reported,1,Difficult,Yes,1,No,1–3 days,No,1
3071,22,Male,USA,Consulting/Agency,Cloud Architect,Small (51–200),0,<$50k,Hybrid,No,7.8,6.9,0.0,5.9,8.5,4.5,3.3,7.5,5.2,7.6,4.1,Anxiety,Formally diagnosed,1,Easy,Yes,1,Yes,None,Partially,1
3072,44,Female,India,Big Tech,Cloud Architect,Small (51–200),4,$50k–$75k,In-person,Yes,5.6,7.3,6.7,5.1,5.6,8.3,7.2,6.9,3.2,4.5,7.6,None,N/A,0,Difficult,Yes,0,No,None,N/A,0
3073,33,Male,Sweden,AI/ML startup,Product Manager,Startup (1–50),0,$100k–$150k,In-person,Yes,5.7,6.7,4.7,7.5,9.3,4.9,8.4,6.8,1.0,6.6,6.7,Anxiety & Depression,Not sure / undiagnosed,1,Difficult,Don't know,0,No,None,No,1
3074,44,Male,Canada,Big Tech,Security Engineer,Medium (201–1 000),11,$50k–$75k,Remote,Was already remote,5.1,6.5,3.9,7.0,9.0,6.6,7.8,3.9,2.0,6.8,5.1,None,N/A,1,Easy,Don't know,0,Yes,None,N/A,0
3075,26,Male,Germany,Gaming,Software Engineer,Medium (201–1 000),9,>$200k,Hybrid,Yes,4.8,6.6,2.0,7.4,5.5,4.4,10.0,5.9,1.2,3.7,7.2,None,N/A,0,Moderate,Don't know,0,Yes,None,N/A,0
3076,45,Female,Sweden,Gaming,ML/AI Engineer,Medium (201–1 000),10,$150k–$200k,Remote,Was already remote,6.0,7.5,0.0,7.5,5.7,3.1,7.9,6.1,4.9,4.9,7.4,None,N/A,0,Moderate,No,0,No,None,N/A,0
3077,37,Female,India,Gaming,Cloud Architect,Small (51–200),6,$100k–$150k,Hybrid,Was already remote,10.0,6.3,4.7,7.0,7.4,6.0,6.2,7.5,4.1,6.6,5.3,None,N/A,0,Moderate,Yes,0,No,None,N/A,0
3078,36,Male,USA,SaaS/Software,CTO/VP Engineering,Large (1 001–5 000),3,$75k–$100k,Remote,No,3.5,8.9,7.3,4.7,3.0,8.6,9.4,8.9,2.8,4.3,8.3,Burnout,Self-reported,0,Difficult,Don't know,0,Yes,>2 weeks,No,1
3079,33,Male,India,Cybersecurity,Full-Stack Developer,Large (1 001–5 000),2,<$50k,Remote,No,4.2,5.6,2.5,6.1,7.5,7.6,7.1,6.9,3.5,3.7,9.5,None,N/A,0,Easy,Yes,1,Yes,None,N/A,0
3080,30,Male,India,Gaming,ML/AI Engineer,Small (51–200),2,>$200k,Hybrid,No,4.3,5.4,3.8,6.4,8.9,6.3,9.2,5.5,2.0,5.4,3.2,Anxiety,Formally diagnosed,1,Easy,Yes,1,No,1–3 days,Yes,1
3081,41,Female,France,Big Tech,Cloud Architect,Medium (201–1 000),0,$50k–$75k,In-person,Yes,2.0,7.1,3.1,6.0,4.3,6.8,10.0,3.9,1.0,1.0,9.5,None,N/A,0,Moderate,Yes,0,Yes,None,N/A,0
3082,33,Male,India,Big Tech,Cloud Architect,Enterprise (5 000+),16,$150k–$200k,Remote,No,5.8,6.4,1.0,7.8,6.1,8.7,5.0,9.7,3.8,4.8,5.4,None,N/A,0,No access,Don't know,0,Yes,None,N/A,0
3083,18,Male,New Zealand,FinTech,Data Analyst,Large (1 001–5 000),3,$50k–$75k,Hybrid,Was already remote,5.6,6.6,2.6,6.4,4.8,7.1,6.5,5.8,3.1,6.5,5.6,Depression,Not sure / undiagnosed,0,Easy,No,0,No,>2 weeks,Partially,1
3084,23,Male,USA,Cybersecurity,Data Scientist,Small (51–200),14,$75k–$100k,In-person,Was already remote,4.9,8.5,4.1,9.2,7.9,6.8,8.8,8.1,1.5,4.6,6.1,None,N/A,0,Difficult,Yes,0,Yes,None,N/A,0
3085,30,Non-binary,Poland,Government/Public sector,DevOps/SRE,Enterprise (5 000+),11,$100k–$150k,Remote,Was already remote,7.2,6.7,0.0,6.1,9.3,6.3,6.8,7.1,2.5,7.9,4.2,Anxiety,Self-reported,0,Moderate,Don't know,0,No,4–7 days,No,1
3086,34,Female,Germany,Government/Public sector,Product Manager,Startup (1–50),9,>$200k,In-person,Was already remote,5.2,7.0,2.6,9.3,3.2,3.8,8.0,8.7,1.0,5.5,6.7,None,N/A,0,Difficult,Yes,0,Yes,None,N/A,0
3087,31,Female,Australia,Cybersecurity,Frontend Developer,Medium (201–1 000),4,<$50k,In-person,Yes,5.7,6.0,5.0,6.1,6.1,4.4,8.2,3.6,4.8,7.0,4.3,None,N/A,1,Moderate,No,0,Yes,None,N/A,0
3088,41,Male,USA,HealthTech,Frontend Developer,Startup (1–50),0,$75k–$100k,Remote,No,6.3,6.4,1.9,6.9,6.6,1.8,5.7,4.5,4.4,7.0,6.3,Burnout,Self-reported,1,Easy,Don't know,0,Yes,1–2 weeks,No,1
3089,18,Non-binary,UK,SaaS/Software,Full-Stack Developer,Enterprise (5 000+),2,$150k–$200k,Hybrid,No,5.3,6.9,0.5,7.0,7.3,5.5,6.9,5.0,5.4,7.9,5.1,Depression,Formally diagnosed,0,Moderate,Don't know,0,Yes,1–2 weeks,No,1
3090,33,Female,Netherlands,AI/ML startup,Mobile Developer,Startup (1–50),5,$50k–$75k,Remote,Was already remote,9.1,5.7,6.0,3.7,4.6,3.9,6.8,10.0,6.5,7.7,3.8,Depression & Burnout,Formally diagnosed,0,Moderate,No,0,Yes,4–7 days,No,1
3091,18,Male,Australia,Government/Public sector,Backend Developer,Small (51–200),0,$50k–$75k,Remote,Yes,5.3,6.9,3.8,3.6,4.9,9.5,7.2,4.7,4.6,1.8,9.2,Depression & Burnout,Self-reported,0,Difficult,No,0,Yes,None,No,1
3092,37,Female,USA,Gaming,Mobile Developer,Enterprise (5 000+),0,<$50k,Remote,No,7.2,6.8,2.9,6.8,8.9,6.4,5.1,5.6,3.7,4.7,6.4,None,N/A,0,Difficult,No,0,Yes,None,N/A,0
3093,31,Male,Germany,Government/Public sector,CTO/VP Engineering,Medium (201–1 000),6,$100k–$150k,Remote,Yes,5.9,7.6,3.4,4.2,2.8,9.1,7.0,5.8,2.2,6.0,7.4,Depression,Self-reported,1,Easy,Yes,1,Yes,4–7 days,No,1
3094,35,Female,USA,Gaming,Data Scientist,Large (1 001–5 000),12,$150k–$200k,In-person,Yes,6.0,7.6,0.7,7.4,6.2,3.9,8.1,8.2,3.7,7.1,4.4,Other,Formally diagnosed,1,Difficult,Yes,1,No,None,No,1
3095,25,Female,Argentina,Big Tech,Security Engineer,Startup (1–50),10,>$200k,Hybrid,Yes,7.6,6.6,1.7,9.4,4.8,7.0,9.5,10.0,2.8,5.2,6.1,None,N/A,0,Easy,Yes,0,No,None,N/A,0
3096,41,Male,Ireland,Gaming,Backend Developer,Medium (201–1 000),1,$75k–$100k,Remote,Was already remote,5.4,8.1,1.3,4.8,5.2,7.3,7.5,8.2,5.1,3.3,7.9,None,N/A,0,Easy,Don't know,0,No,None,N/A,0
3097,39,Female,USA,Gaming,Backend Developer,Enterprise (5 000+),13,$50k–$75k,Remote,No,5.9,7.0,6.0,5.8,9.4,7.9,8.0,6.4,3.1,5.7,7.6,None,N/A,0,Easy,Yes,1,Yes,None,N/A,0
3098,36,Male,Japan,SaaS/Software,Product Manager,Medium (201–1 000),6,$75k–$100k,Hybrid,No,6.4,5.6,2.7,1.9,6.0,5.4,5.9,3.5,3.9,6.1,5.9,Burnout,Not sure / undiagnosed,1,Easy,No,0,Yes,None,No,1
3099,31,Male,Spain,FinTech,CTO/VP Engineering,Large (1 001–5 000),6,<$50k,Remote,Yes,4.9,5.0,4.4,2.6,8.9,6.7,5.1,8.0,1.9,6.1,3.1,Anxiety & Depression,Self-reported,1,Moderate,No,0,No,None,Partially,1
3100,36,Male,UK,Gaming,Mobile Developer,Enterprise (5 000+),1,$75k–$100k,In-person,No,6.9,7.9,3.3,7.5,8.7,5.8,5.7,7.1,4.9,5.6,7.0,None,N/A,0,No access,No,0,Yes,None,N/A,0
3101,26,Female,France,AI/ML startup,ML/AI Engineer,Large (1 001–5 000),6,$100k–$150k,Remote,Was already remote,8.7,5.4,1.3,6.4,8.1,5.8,6.3,7.1,2.5,7.0,4.2,Other,Self-reported,0,Moderate,Yes,0,Yes,1–3 days,No,1
3102,38,Male,Canada,HealthTech,Full-Stack Developer,Small (51–200),6,$50k–$75k,Remote,Yes,4.5,7.9,5.9,4.9,3.0,6.3,9.4,7.0,3.6,5.8,5.7,ADHD,Formally diagnosed,1,Easy,Don't know,0,Yes,None,Yes,1
3103,44,Male,India,SaaS/Software,Security Engineer,Small (51–200),4,$100k–$150k,Remote,Was already remote,4.8,8.5,3.4,1.2,5.9,4.9,7.2,7.3,5.5,3.3,8.0,Anxiety,Formally diagnosed,0,Difficult,Yes,0,No,None,No,1
3104,40,Female,UK,FinTech,Frontend Developer,Startup (1–50),2,>$200k,Remote,Yes,4.1,6.0,1.1,5.5,8.2,9.2,8.5,9.5,2.4,4.7,5.5,Anxiety,Self-reported,0,Moderate,Yes,0,Yes,1–3 days,Partially,1
3105,26,Male,UK,HealthTech,Software Engineer,Medium (201–1 000),9,$150k–$200k,In-person,Was already remote,9.3,4.9,0.0,6.6,8.4,1.8,6.9,3.5,4.4,8.5,2.1,Depression,Formally diagnosed,0,Easy,Yes,0,No,None,Yes,1
3106,34,Male,UK,Consulting/Agency,Backend Developer,Enterprise (5 000+),15,$75k–$100k,Remote,No,7.1,7.4,5.6,8.9,6.2,6.7,3.9,7.7,1.0,6.8,6.2,None,N/A,0,Moderate,Yes,0,No,None,N/A,0
3107,22,Male,USA,Big Tech,Data Analyst,Medium (201–1 000),11,$100k–$150k,Remote,Yes,3.7,7.6,10.3,5.8,6.4,7.4,10.0,7.2,1.0,4.2,6.9,None,N/A,1,Difficult,No,0,No,None,N/A,0
3108,36,Male,Brazil,E-commerce,Mobile Developer,Enterprise (5 000+),1,$75k–$100k,In-person,Yes,3.3,6.9,3.3,10.0,4.0,2.5,7.7,7.4,1.0,5.7,5.9,None,N/A,0,Easy,Yes,0,Yes,None,N/A,0
3109,35,Male,UK,Big Tech,Product Manager,Large (1 001–5 000),3,$150k–$200k,Hybrid,Yes,7.1,6.7,1.1,5.5,1.0,5.8,8.2,4.5,4.7,6.7,5.3,Anxiety,Formally diagnosed,1,No access,Yes,1,No,>2 weeks,Yes,1
3110,18,Male,UK,Consulting/Agency,QA/Test Engineer,Enterprise (5 000+),2,>$200k,Hybrid,Yes,10.0,6.5,2.0,4.2,4.3,4.6,6.8,4.5,3.2,7.3,5.3,Anxiety & Burnout,Self-reported,0,Difficult,Yes,0,Yes,1–3 days,Partially,1
3111,23,Prefer not to say,Ireland,HealthTech,Full-Stack Developer,Enterprise (5 000+),6,$150k–$200k,Remote,No,5.9,7.5,2.1,9.5,9.4,6.6,9.6,6.1,3.5,4.6,6.2,Burnout,Formally diagnosed,1,Easy,No,0,No,None,No,1
3112,29,Female,Canada,Cybersecurity,Data Analyst,Large (1 001–5 000),9,$100k–$150k,Remote,Yes,3.3,8.8,6.9,9.1,3.5,8.1,9.3,7.3,1.0,4.5,8.2,None,N/A,0,Moderate,Yes,0,Yes,None,N/A,0
3113,29,Male,Germany,Big Tech,CTO/VP Engineering,Enterprise (5 000+),1,$50k–$75k,Hybrid,Was already remote,3.0,6.5,6.8,9.0,6.5,4.7,9.7,7.7,1.1,3.5,5.6,None,N/A,0,Moderate,Yes,0,No,None,N/A,0
3114,22,Male,Poland,Government/Public sector,Engineering Manager,Large (1 001–5 000),16,>$200k,In-person,Was already remote,5.4,8.0,2.0,9.8,7.4,6.5,9.9,7.5,1.0,5.1,7.7,None,N/A,0,Moderate,Yes,0,No,None,N/A,0
3115,34,Male,Ireland,AI/ML startup,Backend Developer,Large (1 001–5 000),6,$150k–$200k,Hybrid,Was already remote,3.5,9.3,6.1,7.6,4.6,5.6,7.5,9.1,1.2,3.7,7.3,None,N/A,0,Easy,Don't know,0,Yes,None,N/A,0
3116,33,Female,USA,Consulting/Agency,Engineering Manager,Large (1 001–5 000),1,$150k–$200k,Remote,No,5.5,7.3,0.6,5.1,5.1,6.0,8.2,7.1,4.9,5.6,5.9,Anxiety & Burnout,Self-reported,1,Easy,Yes,1,Yes,1–3 days,Yes,1
3117,30,Male,Canada,AI/ML startup,Cloud Architect,Large (1 001–5 000),2,$75k–$100k,Remote,No,6.9,8.1,1.1,2.8,5.2,6.1,7.3,5.9,1.0,6.6,6.2,None,N/A,0,Difficult,Yes,0,Yes,None,N/A,0
3118,26,Male,New Zealand,SaaS/Software,Engineering Manager,Medium (201–1 000),0,$100k–$150k,Hybrid,Yes,6.5,6.3,0.0,6.1,5.8,7.5,9.7,10.0,5.3,4.1,8.1,None,N/A,0,Moderate,Yes,0,Yes,None,N/A,0
3119,39,Female,UK,Consulting/Agency,Engineering Manager,Medium (201–1 000),4,$50k–$75k,Hybrid,No,6.8,6.6,5.3,4.6,7.0,5.5,6.6,7.0,4.2,8.4,1.0,Anxiety,Formally diagnosed,1,No access,Yes,1,No,1–3 days,Partially,1
3120,44,Male,UK,Gaming,ML/AI Engineer,Small (51–200),1,>$200k,Remote,No,6.5,7.1,12.5,6.1,7.1,5.1,9.0,7.1,1.3,6.7,4.2,Anxiety,Self-reported,1,Easy,Yes,0,No,None,No,1
3121,28,Male,USA,Cybersecurity,Mobile Developer,Startup (1–50),6,>$200k,Hybrid,Was already remote,7.3,6.5,2.4,2.3,3.9,7.3,7.2,5.6,5.3,6.3,5.0,Depression,Self-reported,0,Easy,Don't know,0,Yes,4–7 days,Yes,1
3122,27,Female,USA,FinTech,Product Manager,Medium (201–1 000),7,$75k–$100k,Remote,Yes,5.5,5.9,4.9,3.2,8.6,5.1,7.0,6.3,2.5,5.7,6.0,Anxiety,Formally diagnosed,1,Easy,Yes,1,No,None,No,1
3123,35,Female,France,FinTech,DevOps/SRE,Enterprise (5 000+),3,$100k–$150k,Hybrid,No,6.2,5.3,1.5,7.2,5.8,5.1,9.4,6.3,2.4,8.1,4.7,None,N/A,0,Difficult,Yes,0,No,None,N/A,0
3124,29,Male,Netherlands,E-commerce,Engineering Manager,Large (1 001–5 000),0,$50k–$75k,In-person,No,8.3,7.1,1.9,7.0,1.2,6.4,6.2,8.4,5.7,9.9,4.4,Other,Formally diagnosed,1,Difficult,Yes,1,Yes,None,Yes,1
3125,30,Female,New Zealand,E-commerce,Software Engineer,Startup (1–50),5,$75k–$100k,In-person,No,7.4,7.3,0.8,5.5,3.6,5.6,6.0,7.0,1.6,5.2,7.7,Anxiety & Burnout,Formally diagnosed,1,Easy,Yes,1,Yes,None,No,1
3126,37,Male,Netherlands,Gaming,Product Manager,Large (1 001–5 000),2,$75k–$100k,Hybrid,Yes,3.7,5.2,4.5,3.4,5.2,5.7,7.5,7.5,2.5,5.5,7.6,Anxiety,Formally diagnosed,0,Moderate,No,0,Yes,None,No,1
3127,18,Female,USA,AI/ML startup,Data Analyst,Enterprise (5 000+),16,$75k–$100k,Remote,No,4.6,7.7,1.1,6.7,4.5,5.5,9.9,4.7,3.4,5.3,5.1,None,N/A,1,No access,Yes,1,Yes,None,N/A,0
3128,41,Male,USA,SaaS/Software,Frontend Developer,Large (1 001–5 000),3,$75k–$100k,Remote,Was already remote,3.7,7.5,0.9,5.5,3.6,8.1,9.3,6.1,1.1,4.1,7.8,Anxiety,Self-reported,1,Easy,Yes,1,Yes,1–2 weeks,Yes,1
3129,32,Female,Italy,Government/Public sector,Software Engineer,Large (1 001–5 000),0,$75k–$100k,In-person,Was already remote,5.6,6.1,7.8,5.4,5.6,3.5,6.6,9.7,1.0,7.2,4.5,None,N/A,0,Moderate,Yes,0,No,None,N/A,0
3130,28,Non-binary,UK,E-commerce,DevOps/SRE,Small (51–200),5,$150k–$200k,Remote,No,1.0,8.1,8.1,8.6,8.5,9.9,10.0,7.4,1.0,1.3,10.0,None,N/A,0,Easy,No,0,Yes,None,N/A,0
3131,31,Non-binary,USA,Consulting/Agency,QA/Test Engineer,Small (51–200),8,$75k–$100k,In-person,Was already remote,7.1,5.3,5.7,9.1,7.1,5.3,7.4,6.0,3.4,6.9,4.4,None,N/A,0,No access,Don't know,0,Yes,None,N/A,0
3132,31,Non-binary,Ireland,Big Tech,Cloud Architect,Medium (201–1 000),0,$150k–$200k,In-person,Was already remote,4.3,6.5,6.2,7.3,4.0,4.7,9.7,6.2,1.0,4.5,5.5,None,N/A,0,Easy,Yes,0,No,None,N/A,0
3133,19,Male,India,HealthTech,Security Engineer,Startup (1–50),3,$100k–$150k,Remote,No,2.8,6.4,5.2,7.1,9.4,8.3,10.0,3.3,1.0,3.2,7.6,Other,Formally diagnosed,1,Easy,Yes,1,No,1–3 days,Yes,1
3134,43,Male,USA,Cybersecurity,Full-Stack Developer,Startup (1–50),7,$150k–$200k,Hybrid,No,9.9,6.7,5.9,9.0,7.6,7.6,4.9,6.1,4.3,5.6,9.6,Anxiety,Self-reported,0,Moderate,Don't know,0,Yes,1–3 days,Yes,1
3135,32,Male,Ireland,Consulting/Agency,Cloud Architect,Enterprise (5 000+),0,>$200k,Remote,No,4.7,6.5,0.9,6.2,3.8,7.8,6.7,8.5,1.0,5.0,8.3,Anxiety & Burnout,Self-reported,0,Easy,No,0,No,4–7 days,No,1
3136,35,Female,Argentina,Big Tech,Backend Developer,Large (1 001–5 000),0,$50k–$75k,Remote,Yes,2.9,6.7,7.7,5.3,4.0,7.1,10.0,4.3,3.5,5.9,7.2,None,N/A,0,Easy,Yes,0,Yes,None,N/A,0
3137,39,Female,USA,AI/ML startup,Data Scientist,Small (51–200),6,$75k–$100k,Hybrid,No,5.0,6.0,8.8,6.4,5.7,7.0,8.3,8.0,3.2,4.0,7.1,None,N/A,0,Moderate,Yes,0,No,None,N/A,0
3138,24,Male,Japan,AI/ML startup,Cloud Architect,Small (51–200),7,<$50k,In-person,No,8.8,6.8,3.3,8.0,6.9,7.0,7.2,8.1,2.9,5.8,5.0,None,N/A,0,Moderate,No,0,No,None,N/A,0
3139,35,Non-binary,UK,SaaS/Software,ML/AI Engineer,Medium (201–1 000),10,$75k–$100k,Remote,Yes,1.0,8.4,4.3,6.9,8.1,9.8,9.5,6.4,2.1,1.2,7.2,None,N/A,0,Moderate,No,0,No,None,N/A,0
3140,29,Female,Germany,Gaming,Data Analyst,Startup (1–50),2,$75k–$100k,Remote,Was already remote,7.8,5.8,0.2,2.2,2.9,5.8,6.5,6.9,4.5,10.0,2.1,Other,Formally diagnosed,1,Moderate,Don't know,0,Yes,>2 weeks,Partially,1
3141,38,Prefer not to say,Spain,AI/ML startup,Mobile Developer,Large (1 001–5 000),2,$100k–$150k,Hybrid,Yes,2.8,7.8,7.7,8.4,5.8,7.0,7.5,9.0,1.2,4.6,6.4,None,N/A,0,Moderate,No,0,No,None,N/A,0
3142,18,Female,New Zealand,FinTech,Product Manager,Small (51–200),4,$150k–$200k,Remote,Yes,6.8,3.2,2.5,7.2,6.4,7.0,8.9,4.0,3.4,4.6,8.6,None,N/A,0,Difficult,Yes,0,Yes,None,N/A,0
3143,31,Male,USA,Cybersecurity,Cloud Architect,Large (1 001–5 000),7,$100k–$150k,Hybrid,No,4.0,6.1,3.6,7.1,6.4,6.5,8.8,7.8,1.5,5.6,6.7,Burnout,Formally diagnosed,1,No access,Yes,1,Yes,None,No,1
3144,27,Male,USA,FinTech,Frontend Developer,Large (1 001–5 000),5,$75k–$100k,Hybrid,No,6.1,7.9,3.0,8.0,4.9,5.0,8.9,4.5,3.0,8.1,4.2,Anxiety & Depression,Not sure / undiagnosed,0,Easy,Yes,0,No,None,No,1
3145,35,Male,USA,HealthTech,ML/AI Engineer,Large (1 001–5 000),2,$50k–$75k,Remote,Yes,5.1,6.5,7.0,6.0,6.5,8.3,9.0,8.1,1.0,3.3,7.5,None,N/A,0,Difficult,Yes,1,Yes,None,N/A,0
3146,35,Male,Germany,SaaS/Software,Security Engineer,Large (1 001–5 000),2,<$50k,Hybrid,Yes,6.6,5.2,0.1,6.9,7.2,6.4,6.9,4.6,6.3,7.1,6.4,None,N/A,0,Difficult,Don't know,0,Yes,None,N/A,0
3147,26,Female,USA,HealthTech,Frontend Developer,Small (51–200),7,$100k–$150k,Remote,Yes,7.0,8.3,0.0,8.0,2.6,7.7,8.5,8.8,4.5,4.6,7.2,None,N/A,0,Difficult,Don't know,0,Yes,None,N/A,0
3148,26,Female,UK,AI/ML startup,Product Manager,Medium (201–1 000),4,<$50k,In-person,Yes,6.9,4.6,0.4,7.5,5.9,3.3,8.0,5.8,3.5,6.3,5.7,Depression & Burnout,Not sure / undiagnosed,0,Moderate,Yes,0,Yes,None,No,1
3149,31,Female,USA,Gaming,Data Analyst,Large (1 001–5 000),0,>$200k,Remote,Yes,4.7,5.5,2.5,4.7,1.7,6.7,9.2,3.6,4.4,5.4,7.7,None,N/A,0,Easy,Yes,0,No,None,N/A,0
3150,25,Female,UK,E-commerce,QA/Test Engineer,Large (1 001–5 000),0,$100k–$150k,Remote,No,6.5,5.5,1.8,5.9,3.0,5.8,5.3,6.1,4.8,7.3,5.5,Other,Not sure / undiagnosed,1,Easy,Yes,0,No,>2 weeks,No,1
3151,38,Male,USA,Big Tech,QA/Test Engineer,Startup (1–50),10,$75k–$100k,Hybrid,Yes,7.7,5.4,1.8,5.3,3.1,4.6,3.9,4.8,3.6,5.9,4.7,ADHD,Self-reported,0,Easy,Don't know,0,No,None,Yes,1
3152,29,Male,Brazil,Big Tech,Cloud Architect,Small (51–200),35,<$50k,Hybrid,Yes,5.6,8.2,0.3,6.1,3.9,5.7,5.5,8.4,1.5,6.7,5.3,Anxiety,Formally diagnosed,0,Difficult,Yes,0,No,None,Yes,1
3153,18,Male,USA,SaaS/Software,Cloud Architect,Small (51–200),2,$75k–$100k,In-person,No,6.3,6.3,5.1,8.8,6.8,3.9,10.0,9.1,1.0,7.2,5.8,None,N/A,0,Difficult,Don't know,0,No,None,N/A,0
3154,29,Male,UK,Consulting/Agency,Engineering Manager,Medium (201–1 000),2,$150k–$200k,Remote,Yes,4.0,9.6,1.6,8.4,4.9,9.1,7.9,5.4,2.9,3.8,7.2,None,N/A,0,Moderate,Don't know,0,Yes,None,N/A,0
3155,24,Male,Singapore,Consulting/Agency,Security Engineer,Large (1 001–5 000),0,>$200k,Hybrid,Yes,6.5,4.3,8.1,8.0,7.7,5.0,5.9,7.3,4.9,7.5,3.1,None,N/A,0,Moderate,Don't know,0,No,None,N/A,0
3156,19,Male,France,FinTech,DevOps/SRE,Medium (201–1 000),1,$50k–$75k,Remote,Yes,4.8,7.9,6.5,4.0,6.2,6.3,10.0,7.2,2.1,5.5,8.2,Depression,Formally diagnosed,1,Moderate,Yes,1,No,None,No,1
3157,22,Male,USA,FinTech,Security Engineer,Large (1 001–5 000),3,$150k–$200k,In-person,Yes,5.6,6.2,0.1,5.6,6.3,5.5,8.6,5.6,3.4,7.9,5.8,None,N/A,1,Moderate,Yes,0,Yes,None,N/A,0
3158,32,Male,USA,Big Tech,Backend Developer,Startup (1–50),1,$75k–$100k,Remote,Was already remote,6.0,6.2,0.0,1.5,7.9,8.0,6.5,6.4,5.5,4.0,6.8,Depression & Burnout,Not sure / undiagnosed,1,Easy,Yes,1,Yes,4–7 days,No,1
3159,41,Female,France,Cybersecurity,Full-Stack Developer,Enterprise (5 000+),6,$75k–$100k,Hybrid,Yes,6.4,6.0,3.1,6.5,3.6,3.1,4.9,5.6,4.1,5.9,3.3,Depression,Self-reported,0,No access,Yes,0,No,None,Yes,1
3160,34,Male,UK,HealthTech,Data Scientist,Medium (201–1 000),4,$100k–$150k,Remote,Was already remote,5.3,6.4,0.2,5.9,6.3,7.5,8.2,5.6,3.6,4.5,8.4,None,N/A,0,Easy,Yes,0,No,None,N/A,0
3161,27,Male,Netherlands,FinTech,Full-Stack Developer,Startup (1–50),9,>$200k,Remote,Yes,9.0,6.9,1.9,5.8,6.0,4.3,5.5,8.0,7.5,7.2,3.1,Depression,Self-reported,1,Moderate,No,0,No,None,Yes,1
3162,35,Male,Canada,Gaming,Cloud Architect,Large (1 001–5 000),7,$50k–$75k,In-person,No,4.3,6.2,0.5,8.6,5.6,4.2,9.5,6.5,1.2,3.8,7.2,None,N/A,0,Difficult,Don't know,0,No,None,N/A,0
3163,28,Non-binary,UK,Big Tech,Security Engineer,Medium (201–1 000),0,$50k–$75k,Hybrid,Was already remote,3.1,7.2,2.8,5.2,8.4,5.8,10.0,8.0,2.0,4.5,7.0,Depression,Not sure / undiagnosed,0,Moderate,Yes,0,No,1–2 weeks,Partially,1
3164,26,Male,Canada,Cybersecurity,DevOps/SRE,Small (51–200),0,$100k–$150k,Remote,Was already remote,3.7,8.3,2.3,7.3,6.9,6.1,10.0,9.3,1.0,4.9,7.0,None,N/A,0,Moderate,Yes,0,No,None,N/A,0
3165,23,Male,France,HealthTech,QA/Test Engineer,Large (1 001–5 000),12,$150k–$200k,Hybrid,Yes,4.2,4.7,3.4,9.2,4.7,7.0,7.9,6.9,1.0,4.6,6.1,None,N/A,0,No access,No,0,No,None,N/A,0
3166,18,Female,Ireland,Consulting/Agency,Engineering Manager,Enterprise (5 000+),9,$100k–$150k,Remote,Yes,6.0,8.8,1.3,6.7,4.3,3.2,7.6,4.7,3.1,5.0,6.6,ADHD,Not sure / undiagnosed,0,Easy,Yes,0,Yes,4–7 days,No,1
3167,29,Female,USA,Big Tech,Frontend Developer,Small (51–200),3,$75k–$100k,Hybrid,No,9.2,7.2,0.0,8.4,5.6,3.5,7.8,7.2,1.8,6.9,6.6,Anxiety,Formally diagnosed,0,Moderate,Yes,0,Yes,None,Yes,1
3168,33,Non-binary,Germany,Government/Public sector,DevOps/SRE,Medium (201–1 000),0,>$200k,Hybrid,No,6.7,7.0,6.0,7.7,8.0,7.2,6.6,7.1,1.0,4.9,6.0,None,N/A,0,Moderate,No,0,No,None,N/A,0
3169,31,Male,USA,Cybersecurity,Backend Developer,Startup (1–50),12,>$200k,Hybrid,Was already remote,5.5,7.1,1.1,5.2,7.1,7.8,7.7,5.8,2.2,5.4,6.5,None,N/A,0,Difficult,No,0,No,None,N/A,0
3170,28,Male,Canada,SaaS/Software,Mobile Developer,Enterprise (5 000+),1,$150k–$200k,Hybrid,Yes,4.7,7.1,0.3,7.1,6.5,5.5,10.0,7.8,1.9,6.1,6.6,Anxiety,Self-reported,0,Moderate,No,0,No,1–3 days,Yes,1
3171,24,Male,Singapore,FinTech,Engineering Manager,Small (51–200),0,$150k–$200k,Remote,Yes,8.1,5.5,1.6,9.7,4.4,4.3,5.4,5.8,4.6,4.9,6.9,None,N/A,0,Moderate,Don't know,0,Yes,None,N/A,0
3172,36,Female,UK,E-commerce,Data Analyst,Small (51–200),14,$150k–$200k,Hybrid,No,4.0,8.0,7.6,6.1,5.1,5.6,9.7,5.9,1.0,5.0,7.4,None,N/A,0,Easy,Yes,0,Yes,None,N/A,0
3173,22,Male,Mexico,FinTech,Backend Developer,Medium (201–1 000),9,$75k–$100k,In-person,Yes,3.1,7.0,1.7,5.9,1.4,6.6,9.1,5.4,1.0,3.0,8.3,None,N/A,1,Difficult,No,0,No,None,N/A,0
3174,37,Male,India,HealthTech,Software Engineer,Startup (1–50),6,$50k–$75k,In-person,Yes,4.4,5.9,2.3,6.6,7.5,6.7,8.3,6.9,1.3,5.2,5.7,None,N/A,0,Easy,Yes,0,Yes,None,N/A,0
3175,24,Female,Mexico,Big Tech,Backend Developer,Small (51–200),0,$100k–$150k,Remote,Yes,5.0,8.2,1.8,10.0,6.9,6.9,8.1,6.9,1.2,7.3,4.9,Anxiety,Not sure / undiagnosed,1,Moderate,Don't know,0,Yes,1–3 days,No,1
3176,26,Female,Netherlands,Consulting/Agency,Data Analyst,Startup (1–50),4,>$200k,Hybrid,Yes,7.0,5.4,0.0,5.4,10.0,6.1,4.6,7.0,1.4,5.5,5.5,Burnout,Self-reported,0,Moderate,Yes,0,Yes,>2 weeks,Yes,1
3177,20,Male,USA,Cybersecurity,Engineering Manager,Startup (1–50),5,$150k–$200k,In-person,Was already remote,7.4,7.3,6.4,5.9,6.4,5.5,8.1,7.9,3.6,5.7,6.7,None,N/A,0,Easy,No,0,No,None,N/A,0
3178,28,Female,USA,E-commerce,Security Engineer,Startup (1–50),7,$50k–$75k,Remote,Yes,6.9,6.2,4.4,6.2,8.2,6.2,6.1,6.9,3.7,6.5,4.7,None,N/A,0,Easy,Yes,0,Yes,None,N/A,0
3179,39,Female,UK,FinTech,ML/AI Engineer,Enterprise (5 000+),3,<$50k,Hybrid,Was already remote,2.0,8.1,1.2,5.5,6.8,7.6,9.7,5.3,1.0,4.8,5.4,None,N/A,1,Difficult,Yes,1,Yes,None,N/A,0
3180,35,Male,USA,AI/ML startup,Product Manager,Enterprise (5 000+),16,$150k–$200k,Remote,No,6.0,5.5,0.2,6.4,5.9,9.9,6.9,6.6,3.7,5.8,7.0,Depression,Self-reported,1,No access,No,0,No,None,No,1
3181,39,Male,Canada,Government/Public sector,Engineering Manager,Medium (201–1 000),1,$100k–$150k,In-person,Was already remote,6.1,5.5,0.0,3.6,6.8,4.4,7.2,4.5,4.4,8.7,3.7,Anxiety,Formally diagnosed,0,Difficult,No,0,No,4–7 days,Yes,1
3182,35,Female,Canada,AI/ML startup,Data Analyst,Large (1 001–5 000),0,$75k–$100k,Hybrid,No,6.7,7.3,14.4,5.0,6.9,3.7,6.4,8.9,1.4,5.3,6.4,ADHD,Self-reported,1,Easy,Yes,1,No,4–7 days,Yes,1
3183,23,Male,Poland,Government/Public sector,Backend Developer,Large (1 001–5 000),2,$100k–$150k,Hybrid,Was already remote,3.2,8.9,2.4,4.8,5.9,9.4,8.6,3.6,4.1,2.9,9.2,None,N/A,0,Moderate,No,0,No,None,N/A,0
3184,29,Male,Canada,Consulting/Agency,Cloud Architect,Medium (201–1 000),5,$75k–$100k,Remote,No,5.2,8.1,9.3,4.3,7.0,9.3,6.1,6.6,4.4,4.2,8.6,Anxiety & Depression,Self-reported,0,Difficult,No,0,Yes,None,No,1
3185,26,Male,Sweden,Gaming,QA/Test Engineer,Medium (201–1 000),7,>$200k,Hybrid,Yes,5.2,7.1,1.9,7.9,8.9,8.8,10.0,7.0,1.3,4.9,7.0,None,N/A,0,Moderate,Yes,0,Yes,None,N/A,0
3186,41,Female,Mexico,Government/Public sector,DevOps/SRE,Large (1 001–5 000),7,$150k–$200k,In-person,Yes,7.6,5.0,0.0,8.1,6.2,4.1,6.7,8.4,1.8,5.9,5.4,Burnout,Self-reported,0,Difficult,Yes,0,Yes,None,Partially,1
3187,23,Non-binary,Singapore,E-commerce,CTO/VP Engineering,Medium (201–1 000),0,>$200k,Remote,Was already remote,6.0,4.2,1.2,7.6,8.2,7.5,10.0,5.3,1.0,7.0,4.1,None,N/A,0,Easy,Don't know,0,No,None,N/A,0
3188,38,Female,USA,Government/Public sector,DevOps/SRE,Medium (201–1 000),11,$50k–$75k,Hybrid,No,4.7,8.9,2.0,5.9,8.3,7.1,7.7,7.3,1.0,4.6,6.2,Depression,Self-reported,0,No access,Yes,0,No,1–3 days,No,1
3189,38,Male,Canada,Cybersecurity,Security Engineer,Medium (201–1 000),1,$150k–$200k,Hybrid,Yes,2.7,6.7,1.3,5.0,6.7,4.4,8.9,3.3,1.1,5.0,8.9,None,N/A,0,Difficult,Yes,0,Yes,None,N/A,0
3190,45,Male,UK,FinTech,DevOps/SRE,Medium (201–1 000),1,$100k–$150k,Hybrid,No,3.5,8.6,0.6,6.9,7.8,6.0,7.4,7.5,1.6,3.1,6.8,None,N/A,0,No access,No,0,No,None,N/A,0
3191,28,Female,UK,FinTech,QA/Test Engineer,Large (1 001–5 000),5,$75k–$100k,Hybrid,Yes,7.0,7.0,0.8,5.6,2.1,4.6,8.6,6.9,3.9,7.9,5.4,ADHD,Formally diagnosed,0,Easy,Yes,0,Yes,1–2 weeks,No,1
3192,37,Male,UK,Consulting/Agency,Frontend Developer,Large (1 001–5 000),1,$100k–$150k,Hybrid,Was already remote,2.0,5.2,3.6,3.9,5.1,6.5,8.2,5.2,3.2,5.0,7.5,Anxiety,Self-reported,0,Moderate,Yes,0,No,1–3 days,Yes,1
3193,49,Prefer not to say,Brazil,AI/ML startup,Mobile Developer,Enterprise (5 000+),3,>$200k,In-person,No,2.4,7.2,1.7,9.6,5.8,7.6,7.8,5.9,1.0,1.7,7.4,None,N/A,0,Moderate,No,0,Yes,None,N/A,0
3194,27,Non-binary,Canada,AI/ML startup,Product Manager,Large (1 001–5 000),2,$100k–$150k,In-person,Yes,7.3,6.8,10.5,2.6,6.2,3.7,7.2,7.1,4.0,7.6,3.2,None,N/A,1,Moderate,Yes,1,No,None,N/A,0
3195,20,Male,Germany,Gaming,Data Analyst,Startup (1–50),1,$75k–$100k,Hybrid,Yes,7.1,4.5,1.7,9.0,7.5,5.2,7.2,6.6,3.5,6.8,4.3,Anxiety,Formally diagnosed,0,Difficult,Yes,1,No,None,No,1
3196,18,Non-binary,Italy,AI/ML startup,Engineering Manager,Large (1 001–5 000),1,>$200k,Hybrid,No,3.5,6.7,0.9,4.5,4.6,7.7,7.8,6.8,3.4,5.8,6.6,None,N/A,0,Moderate,No,0,Yes,None,N/A,0
3197,37,Male,USA,Consulting/Agency,Backend Developer,Large (1 001–5 000),3,$75k–$100k,In-person,Was already remote,5.5,5.5,1.7,5.5,3.2,4.1,8.6,6.5,1.9,6.5,5.6,Anxiety & Depression,Formally diagnosed,0,Moderate,Yes,0,No,None,Yes,1
3198,18,Female,Canada,Government/Public sector,Frontend Developer,Large (1 001–5 000),2,$150k–$200k,In-person,No,8.6,7.6,3.3,6.7,5.9,3.0,3.4,6.6,4.4,8.1,3.4,Anxiety & Burnout,Not sure / undiagnosed,1,Difficult,Don't know,0,No,None,Yes,1
3199,29,Male,Netherlands,Gaming,Backend Developer,Medium (201–1 000),2,$150k–$200k,Hybrid,Was already remote,6.0,5.7,2.0,9.1,3.6,5.0,6.8,8.6,3.1,5.5,5.9,None,N/A,0,No access,No,0,Yes,None,N/A,0
3200,35,Male,USA,Consulting/Agency,CTO/VP Engineering,Startup (1–50),7,$150k–$200k,Hybrid,No,6.6,6.9,1.0,5.7,4.8,5.7,5.4,7.9,5.4,4.7,7.3,None,N/A,0,Moderate,No,0,Yes,None,N/A,0
3201,33,Female,India,SaaS/Software,DevOps/SRE,Enterprise (5 000+),1,$100k–$150k,Hybrid,Yes,8.7,5.1,0.0,5.2,3.3,6.1,6.2,7.0,3.9,6.6,3.9,Depression & Burnout,Formally diagnosed,0,Moderate,Yes,0,Yes,1–2 weeks,No,1
3202,35,Female,USA,HealthTech,Backend Developer,Enterprise (5 000+),5,$50k–$75k,Remote,Was already remote,9.3,5.1,1.0,10.0,8.8,5.6,8.4,6.9,3.0,8.4,6.6,None,N/A,0,Difficult,No,0,No,None,N/A,0
3203,33,Male,Singapore,AI/ML startup,Mobile Developer,Medium (201–1 000),6,>$200k,In-person,No,6.0,6.4,0.1,8.1,6.2,1.8,4.7,6.0,1.4,8.2,4.0,Burnout,Formally diagnosed,1,Moderate,Yes,1,No,4–7 days,Yes,1
3204,41,Female,UK,E-commerce,QA/Test Engineer,Small (51–200),8,$50k–$75k,Hybrid,Yes,8.5,6.1,0.6,8.7,4.9,4.8,7.2,9.4,1.8,5.5,7.9,None,N/A,0,Moderate,Don't know,0,Yes,None,N/A,0
3205,24,Male,UK,FinTech,ML/AI Engineer,Large (1 001–5 000),10,$100k–$150k,Remote,Yes,7.6,6.3,0.0,10.0,4.2,6.1,6.4,5.4,2.0,4.0,5.9,Anxiety,Formally diagnosed,1,Moderate,Yes,1,Yes,1–3 days,No,1
3206,26,Male,India,HealthTech,Mobile Developer,Medium (201–1 000),0,$75k–$100k,Hybrid,No,5.1,4.9,3.9,7.3,4.9,5.4,7.1,3.9,1.0,5.0,6.2,Anxiety,Not sure / undiagnosed,0,Moderate,Yes,0,No,None,No,1
3207,26,Male,USA,AI/ML startup,Backend Developer,Medium (201–1 000),0,$50k–$75k,Remote,Yes,6.7,7.4,4.7,7.4,8.9,6.1,8.6,4.6,2.1,3.9,9.0,None,N/A,0,Easy,Yes,0,Yes,None,N/A,0
3208,38,Male,USA,Big Tech,Mobile Developer,Large (1 001–5 000),5,$100k–$150k,Hybrid,Yes,2.7,9.0,1.6,6.8,2.9,5.4,6.2,3.1,1.0,8.2,3.8,Anxiety,Formally diagnosed,0,Easy,No,0,No,None,No,1
3209,38,Male,UK,Consulting/Agency,Frontend Developer,Large (1 001–5 000),7,$150k–$200k,Hybrid,No,7.0,6.6,0.0,8.9,5.3,4.0,5.9,8.1,1.0,7.1,5.9,None,N/A,0,Moderate,No,0,No,None,N/A,0
3210,35,Male,UK,Cybersecurity,Data Analyst,Startup (1–50),1,$75k–$100k,Hybrid,No,5.0,6.7,1.5,5.6,6.3,5.0,6.4,3.8,1.2,6.9,5.9,None,N/A,0,Moderate,No,1,No,None,N/A,0
3211,40,Male,Germany,Government/Public sector,Product Manager,Large (1 001–5 000),4,$50k–$75k,Hybrid,Yes,4.5,8.1,3.0,5.1,3.9,5.9,5.8,8.6,3.2,6.4,6.7,Depression,Formally diagnosed,1,Moderate,Don't know,0,No,4–7 days,No,1
3212,23,Male,India,Consulting/Agency,Cloud Architect,Large (1 001–5 000),8,$100k–$150k,Hybrid,Yes,7.8,6.8,4.3,8.0,4.0,4.3,7.5,5.5,4.0,6.0,7.0,Depression,Self-reported,0,Moderate,Yes,0,Yes,1–3 days,Yes,1
3213,44,Male,Germany,E-commerce,DevOps/SRE,Medium (201–1 000),8,$150k–$200k,Hybrid,Was already remote,4.1,7.0,2.1,6.5,3.8,7.7,8.5,3.8,2.0,2.3,6.5,None,N/A,0,Moderate,No,0,Yes,None,N/A,0
3214,43,Non-binary,India,Gaming,Software Engineer,Small (51–200),5,$75k–$100k,Hybrid,Was already remote,6.6,6.0,1.1,6.4,6.1,6.5,8.1,6.3,3.1,7.3,6.0,Anxiety & Burnout,Formally diagnosed,1,Moderate,Yes,1,No,None,Partially,1
3215,37,Male,USA,SaaS/Software,Data Analyst,Small (51–200),0,$100k–$150k,Hybrid,Yes,7.6,6.3,7.6,4.8,7.0,6.7,7.9,9.5,4.6,5.9,7.3,None,N/A,0,Difficult,No,0,No,None,N/A,0
3216,45,Non-binary,USA,Consulting/Agency,ML/AI Engineer,Startup (1–50),0,$50k–$75k,Hybrid,Yes,5.1,4.8,2.1,3.1,7.8,6.2,9.6,5.8,2.6,7.6,6.4,Anxiety & Depression,Formally diagnosed,1,Easy,Yes,0,Yes,1–2 weeks,No,1
3217,19,Female,Netherlands,Consulting/Agency,Data Scientist,Startup (1–50),2,$75k–$100k,Hybrid,Yes,6.3,6.8,1.7,3.3,5.2,4.9,8.1,10.0,3.8,4.0,6.5,Depression,Not sure / undiagnosed,1,Easy,Don't know,0,Yes,1–3 days,No,1
3218,28,Female,Japan,Consulting/Agency,Backend Developer,Small (51–200),0,$100k–$150k,Remote,Yes,4.6,8.5,2.0,8.1,6.9,6.6,7.7,3.9,1.0,3.7,5.9,None,N/A,0,Difficult,Yes,0,Yes,None,N/A,0
3219,26,Female,USA,HealthTech,Engineering Manager,Medium (201–1 000),12,$150k–$200k,Hybrid,Yes,4.3,4.7,1.8,4.0,8.0,6.3,9.2,6.9,3.3,5.4,8.0,None,N/A,0,Easy,Yes,0,No,None,N/A,0
3220,37,Female,UK,Government/Public sector,Backend Developer,Small (51–200),0,$75k–$100k,Hybrid,No,5.5,4.2,4.4,8.2,6.6,6.9,7.5,7.4,2.0,6.0,3.5,None,N/A,0,No access,Yes,0,Yes,None,N/A,0
3221,24,Male,Canada,Government/Public sector,Security Engineer,Small (51–200),0,$100k–$150k,Hybrid,No,10.0,6.6,0.0,10.0,6.0,4.1,7.4,8.0,3.9,6.9,6.4,Anxiety,Formally diagnosed,1,Moderate,Don't know,0,No,None,Partially,1
3222,37,Male,Germany,Government/Public sector,Product Manager,Medium (201–1 000),0,$100k–$150k,Remote,No,9.2,8.3,0.5,8.7,4.6,5.1,7.8,8.1,3.0,6.9,7.7,Anxiety,Self-reported,1,Moderate,Yes,0,No,4–7 days,Yes,1
3223,42,Female,Australia,Big Tech,Engineering Manager,Small (51–200),5,$100k–$150k,Remote,Yes,5.0,9.0,1.2,7.1,4.3,6.1,6.9,6.6,4.4,4.3,6.0,None,N/A,0,Moderate,Don't know,0,No,None,N/A,0
3224,37,Female,USA,HealthTech,Product Manager,Large (1 001–5 000),4,$100k–$150k,Remote,No,5.7,6.4,2.8,7.0,8.7,7.4,5.5,8.7,4.5,7.8,3.3,Anxiety & Depression,Not sure / undiagnosed,1,Moderate,Yes,1,No,None,No,1
3225,34,Female,France,Cybersecurity,CTO/VP Engineering,Medium (201–1 000),5,$75k–$100k,In-person,Yes,5.2,7.5,11.2,4.2,5.4,8.6,6.9,5.4,4.9,5.6,5.1,None,N/A,0,Moderate,Yes,0,No,None,N/A,0
3226,24,Male,USA,Gaming,Cloud Architect,Startup (1–50),12,$100k–$150k,In-person,Yes,3.6,8.5,2.1,8.1,5.7,7.2,10.0,5.5,1.0,6.4,7.9,Depression,Self-reported,1,Difficult,Yes,1,No,4–7 days,Partially,1
3227,25,Female,Canada,Big Tech,DevOps/SRE,Small (51–200),3,$150k–$200k,Hybrid,Was already remote,4.6,5.3,12.2,10.0,10.0,6.1,10.0,6.1,2.2,5.6,6.4,Anxiety,Formally diagnosed,1,Difficult,No,0,Yes,1–3 days,No,1
3228,41,Female,Brazil,HealthTech,Software Engineer,Large (1 001–5 000),0,$50k–$75k,Hybrid,Yes,5.1,4.8,3.7,3.8,5.4,7.0,5.6,6.0,5.5,6.6,4.6,Anxiety,Not sure / undiagnosed,1,Easy,No,0,Yes,1–3 days,No,1
3229,37,Male,Canada,SaaS/Software,Software Engineer,Small (51–200),7,$75k–$100k,In-person,Yes,1.5,7.4,6.5,7.0,5.2,4.0,10.0,6.9,1.2,3.0,8.7,Burnout,Not sure / undiagnosed,0,Moderate,No,0,Yes,None,Yes,1
3230,31,Male,USA,Consulting/Agency,Mobile Developer,Enterprise (5 000+),9,$100k–$150k,Hybrid,No,5.4,5.7,1.3,6.1,6.3,6.1,6.8,7.7,3.1,6.5,6.7,Burnout,Formally diagnosed,1,Easy,Yes,1,Yes,1–2 weeks,Partially,1
3231,28,Female,Italy,Government/Public sector,QA/Test Engineer,Large (1 001–5 000),0,$150k–$200k,Hybrid,No,7.3,6.7,0.3,7.6,2.8,5.2,6.3,6.3,3.4,6.1,6.7,Burnout,Formally diagnosed,1,Difficult,Yes,0,No,1–3 days,Partially,1
3232,18,Female,Ireland,Consulting/Agency,CTO/VP Engineering,Small (51–200),1,$150k–$200k,Remote,Yes,9.5,5.5,1.8,6.2,4.8,5.4,8.1,5.4,7.3,10.0,4.5,Anxiety,Formally diagnosed,0,Difficult,Yes,0,Yes,None,Yes,1
3233,23,Male,Netherlands,HealthTech,DevOps/SRE,Medium (201–1 000),8,$100k–$150k,Hybrid,Yes,6.9,8.4,15.9,9.7,4.6,6.7,7.9,7.8,3.5,4.9,8.3,None,N/A,0,Moderate,Yes,0,No,None,N/A,0
3234,46,Female,UK,FinTech,DevOps/SRE,Large (1 001–5 000),2,$100k–$150k,Remote,No,4.4,7.8,4.5,6.9,4.4,5.7,10.0,7.5,3.7,6.9,6.2,None,N/A,0,No access,Yes,0,No,None,N/A,0
3235,22,Male,USA,E-commerce,ML/AI Engineer,Small (51–200),3,$100k–$150k,Hybrid,Was already remote,4.2,6.8,4.2,8.1,8.6,8.3,8.0,5.2,1.8,1.0,10.0,Other,Self-reported,1,Difficult,No,0,Yes,1–3 days,Partially,1
3236,33,Male,Mexico,Big Tech,Engineering Manager,Small (51–200),9,$50k–$75k,Hybrid,Was already remote,5.8,4.4,1.9,8.4,4.3,6.9,9.5,3.9,3.3,5.5,4.7,None,N/A,0,Moderate,No,0,No,None,N/A,0
3237,39,Male,Germany,Cybersecurity,Full-Stack Developer,Medium (201–1 000),0,$50k–$75k,Hybrid,Was already remote,6.1,7.1,7.1,6.7,4.5,7.0,7.3,8.1,2.3,5.5,4.4,None,N/A,0,Easy,No,0,No,None,N/A,0
3238,22,Male,Japan,Government/Public sector,ML/AI Engineer,Enterprise (5 000+),6,>$200k,Hybrid,Yes,5.8,7.0,4.0,5.4,5.7,6.0,7.9,7.1,5.6,6.0,6.3,Anxiety & Depression,Formally diagnosed,1,Difficult,Yes,1,Yes,None,Yes,1
3239,33,Male,UK,SaaS/Software,Backend Developer,Small (51–200),1,>$200k,In-person,Yes,8.1,5.9,3.1,6.2,4.3,4.3,7.7,3.8,2.2,7.3,4.8,Depression,Formally diagnosed,1,Easy,Yes,1,Yes,None,Partially,1
3240,39,Male,UK,Big Tech,Data Scientist,Medium (201–1 000),0,$150k–$200k,Hybrid,Yes,6.8,5.8,0.7,8.0,5.3,5.5,6.9,7.7,1.0,8.3,4.7,Anxiety,Formally diagnosed,0,No access,Yes,0,No,1–3 days,No,1
3241,32,Female,Italy,Gaming,DevOps/SRE,Small (51–200),5,$75k–$100k,In-person,Yes,6.9,5.8,10.6,9.0,5.1,4.7,10.0,6.6,1.0,7.3,5.9,Burnout,Formally diagnosed,0,Moderate,No,0,No,None,No,1
3242,53,Female,Germany,Cybersecurity,Software Engineer,Medium (201–1 000),0,$100k–$150k,Hybrid,Yes,6.6,8.1,0.6,6.0,5.3,5.7,6.2,7.6,3.6,5.9,3.3,Anxiety & Depression,Self-reported,1,Moderate,Yes,0,No,None,Partially,1
3243,19,Male,USA,Gaming,Cloud Architect,Large (1 001–5 000),7,$100k–$150k,Hybrid,No,4.8,8.4,2.7,8.4,3.2,6.8,9.4,6.1,4.9,5.4,8.5,None,N/A,1,Easy,Yes,1,No,None,N/A,0
3244,39,Male,USA,Government/Public sector,Product Manager,Medium (201–1 000),1,$100k–$150k,Remote,Yes,3.0,6.9,2.0,4.9,7.3,9.2,8.4,5.2,2.2,2.9,8.3,Depression,Self-reported,0,Difficult,No,0,No,1–2 weeks,Partially,1
3245,30,Male,Canada,Gaming,Data Scientist,Large (1 001–5 000),0,$150k–$200k,Hybrid,Yes,5.8,7.1,0.5,3.1,6.6,5.1,9.1,10.0,7.0,5.8,6.6,None,N/A,0,Easy,Don't know,0,Yes,None,N/A,0
3246,37,Female,USA,HealthTech,Cloud Architect,Small (51–200),0,<$50k,In-person,No,4.8,7.4,0.6,6.5,5.2,5.9,8.6,8.4,4.5,5.0,6.1,Burnout,Self-reported,0,Moderate,No,0,No,None,Yes,1
3247,35,Male,Canada,E-commerce,Mobile Developer,Large (1 001–5 000),10,$75k–$100k,Hybrid,Yes,7.1,5.0,0.6,3.8,6.3,3.8,8.5,7.0,4.7,8.1,2.8,Depression,Not sure / undiagnosed,1,No access,Yes,1,No,None,Yes,1
3248,26,Male,UK,Gaming,Software Engineer,Small (51–200),2,$150k–$200k,Hybrid,Yes,4.9,6.1,4.1,8.2,5.0,6.7,6.8,6.0,1.0,1.9,8.8,None,N/A,0,Difficult,No,0,Yes,None,N/A,0
3249,33,Non-binary,Netherlands,FinTech,Software Engineer,Large (1 001–5 000),1,>$200k,Hybrid,No,8.1,7.6,12.0,7.8,5.7,2.9,6.9,9.2,4.5,7.6,4.7,None,N/A,0,Difficult,Yes,0,Yes,None,N/A,0
3250,18,Female,UK,Cybersecurity,Data Scientist,Large (1 001–5 000),3,$150k–$200k,Hybrid,Yes,7.2,5.3,6.1,9.9,2.1,4.3,6.8,10.0,6.1,5.8,8.5,Burnout,Self-reported,1,Easy,Don't know,0,Yes,1–3 days,No,1
3251,36,Male,Italy,FinTech,Product Manager,Large (1 001–5 000),5,$150k–$200k,In-person,Was already remote,9.0,5.4,0.0,7.7,6.9,3.9,5.3,5.2,5.2,8.8,3.8,Burnout,Formally diagnosed,1,Moderate,Don't know,0,No,>2 weeks,Partially,1
3252,34,Male,USA,E-commerce,Security Engineer,Small (51–200),0,$50k–$75k,Remote,Was already remote,8.8,5.8,0.0,9.3,3.8,3.4,5.9,6.6,4.8,8.6,4.7,Anxiety & Depression,Formally diagnosed,0,No access,Yes,0,No,None,No,1
3253,36,Male,India,SaaS/Software,CTO/VP Engineering,Large (1 001–5 000),12,$75k–$100k,Hybrid,No,7.3,6.1,3.4,10.0,5.5,4.4,6.7,6.0,1.4,6.4,4.3,Depression,Formally diagnosed,1,Moderate,No,0,No,1–2 weeks,No,1
3254,39,Female,USA,E-commerce,CTO/VP Engineering,Medium (201–1 000),17,<$50k,Hybrid,No,3.9,6.1,0.4,4.9,6.5,7.6,8.8,6.8,3.0,2.1,6.7,Anxiety & Depression,Formally diagnosed,1,Easy,Yes,0,No,4–7 days,No,1
3255,34,Male,France,AI/ML startup,Full-Stack Developer,Enterprise (5 000+),2,$100k–$150k,Remote,Yes,5.2,6.4,6.8,4.7,9.5,3.6,7.5,10.0,5.4,6.0,5.1,Depression & Burnout,Formally diagnosed,0,Moderate,Yes,0,Yes,1–3 days,No,1
3256,33,Male,Argentina,Big Tech,QA/Test Engineer,Medium (201–1 000),2,$100k–$150k,Hybrid,Was already remote,4.7,4.8,6.2,6.8,7.6,6.5,6.8,4.7,3.4,3.8,6.4,None,N/A,0,Easy,No,0,Yes,None,N/A,0
3257,25,Female,Brazil,FinTech,Security Engineer,Large (1 001–5 000),11,$100k–$150k,Hybrid,Yes,6.2,7.3,5.2,5.0,1.7,7.0,9.0,6.3,1.3,5.5,5.8,None,N/A,0,Easy,No,0,Yes,None,N/A,0
3258,26,Male,Germany,HealthTech,DevOps/SRE,Medium (201–1 000),3,>$200k,Remote,Was already remote,6.8,6.3,2.3,6.1,4.6,8.9,7.2,3.8,3.8,5.6,6.7,Anxiety & Burnout,Formally diagnosed,1,No access,Don't know,0,No,1–2 weeks,Yes,1
3259,40,Male,Canada,SaaS/Software,CTO/VP Engineering,Medium (201–1 000),10,$75k–$100k,In-person,No,5.4,5.2,12.6,3.0,5.4,4.1,7.4,8.3,3.4,6.6,4.3,Anxiety,Self-reported,0,Moderate,Don't know,0,Yes,1–3 days,No,1
3260,42,Male,Brazil,AI/ML startup,ML/AI Engineer,Startup (1–50),0,$75k–$100k,Remote,Was already remote,7.1,5.7,1.6,6.4,5.2,6.2,7.0,4.7,2.8,5.9,5.1,Anxiety & Depression,Self-reported,1,Easy,Yes,0,Yes,None,No,1
3261,30,Male,Mexico,E-commerce,Backend Developer,Small (51–200),3,$50k–$75k,Remote,Was already remote,4.8,4.5,15.1,5.4,2.5,8.7,8.4,4.9,3.5,5.0,8.0,Burnout,Self-reported,0,Easy,Don't know,0,No,1–3 days,No,1
3262,32,Male,Italy,Government/Public sector,ML/AI Engineer,Small (51–200),16,$50k–$75k,Hybrid,No,1.9,6.3,8.4,6.0,7.5,6.0,7.3,6.6,1.0,3.9,5.7,None,N/A,1,Easy,Don't know,0,Yes,None,N/A,0
3263,25,Male,UK,Big Tech,Software Engineer,Small (51–200),1,$100k–$150k,Remote,Yes,6.4,4.6,0.1,7.6,6.6,6.8,3.3,4.7,3.3,7.7,1.0,Anxiety,Not sure / undiagnosed,1,Difficult,No,0,No,1–2 weeks,Partially,1
3264,40,Male,Argentina,Gaming,DevOps/SRE,Startup (1–50),1,$150k–$200k,In-person,Was already remote,5.5,9.2,7.7,7.3,4.6,7.0,10.0,7.0,1.8,5.8,5.4,None,N/A,0,Difficult,No,0,No,None,N/A,0
3265,36,Male,USA,Consulting/Agency,Cloud Architect,Large (1 001–5 000),5,$100k–$150k,Hybrid,Was already remote,6.2,6.9,0.9,7.2,4.7,7.5,7.4,9.0,1.9,4.4,6.6,None,N/A,0,Easy,Yes,0,Yes,None,N/A,0
3266,46,Female,USA,Cybersecurity,Mobile Developer,Medium (201–1 000),14,$150k–$200k,Hybrid,No,7.4,6.3,4.4,5.3,6.0,5.3,7.3,9.1,2.2,4.7,5.9,None,N/A,0,Moderate,Don't know,0,No,None,N/A,0
3267,25,Male,USA,Government/Public sector,Product Manager,Large (1 001–5 000),1,$75k–$100k,Hybrid,Was already remote,5.6,5.7,0.0,7.3,7.6,5.8,9.3,7.9,2.1,7.7,7.1,Anxiety,Formally diagnosed,0,Easy,Don't know,0,Yes,1–3 days,No,1
3268,29,Male,USA,FinTech,Product Manager,Large (1 001–5 000),14,$100k–$150k,Remote,No,3.8,7.4,1.5,6.1,6.7,6.6,7.4,6.9,2.5,5.2,9.2,Burnout,Not sure / undiagnosed,1,Easy,Yes,1,Yes,None,No,1
3269,33,Female,Netherlands,SaaS/Software,Product Manager,Large (1 001–5 000),5,$100k–$150k,Hybrid,Was already remote,4.9,7.0,5.0,5.8,4.6,6.2,6.6,7.5,3.2,4.1,6.0,None,N/A,0,Moderate,Yes,0,Yes,None,N/A,0
3270,36,Female,Japan,SaaS/Software,Backend Developer,Medium (201–1 000),27,$75k–$100k,In-person,No,8.5,6.9,11.6,7.7,5.4,6.9,7.1,3.1,2.9,4.1,7.3,ADHD,Self-reported,1,Moderate,No,0,Yes,4–7 days,Partially,1
3271,30,Female,Netherlands,Consulting/Agency,Backend Developer,Startup (1–50),7,$75k–$100k,Remote,Yes,6.8,5.9,0.2,7.4,7.0,6.8,7.9,3.6,4.0,5.6,5.5,None,N/A,1,Easy,No,0,No,None,N/A,0
3272,25,Male,India,SaaS/Software,Security Engineer,Large (1 001–5 000),6,$100k–$150k,Remote,No,8.1,5.5,1.3,7.3,6.5,3.1,6.4,7.3,6.7,7.5,4.4,Anxiety,Self-reported,1,Moderate,No,0,No,None,No,1
3273,38,Male,Germany,HealthTech,Mobile Developer,Large (1 001–5 000),9,<$50k,Hybrid,Yes,5.1,6.1,3.1,5.6,3.6,5.8,8.3,4.0,4.5,6.2,8.1,Burnout,Self-reported,0,Moderate,No,0,No,None,Yes,1
3274,37,Female,France,FinTech,DevOps/SRE,Large (1 001–5 000),1,$150k–$200k,In-person,No,7.3,6.0,10.0,5.3,4.1,8.0,8.0,4.2,3.2,7.3,5.9,Anxiety,Formally diagnosed,1,Moderate,Yes,1,No,None,No,1
3275,25,Female,UK,E-commerce,CTO/VP Engineering,Large (1 001–5 000),16,$50k–$75k,Hybrid,Was already remote,7.7,6.4,1.3,4.3,7.9,5.8,3.7,5.8,3.9,6.5,2.5,Depression,Formally diagnosed,1,Easy,No,0,Yes,4–7 days,No,1
3276,42,Male,Brazil,SaaS/Software,Full-Stack Developer,Large (1 001–5 000),0,<$50k,Remote,Yes,3.2,8.6,10.0,8.1,7.8,6.8,8.3,8.4,3.0,3.0,6.4,None,N/A,0,Easy,No,0,Yes,None,N/A,0
3277,40,Non-binary,Australia,SaaS/Software,Software Engineer,Medium (201–1 000),0,$75k–$100k,In-person,Yes,6.5,7.9,13.0,7.6,7.0,2.2,7.4,3.9,2.9,7.6,6.4,None,N/A,0,No access,Yes,0,Yes,None,N/A,0
3278,33,Male,Australia,E-commerce,Product Manager,Large (1 001–5 000),6,$100k–$150k,Remote,Yes,6.4,6.3,9.6,7.8,7.3,8.2,4.1,9.1,3.7,4.7,5.8,Anxiety,Formally diagnosed,0,No access,Yes,0,Yes,1–3 days,Partially,1
3279,32,Prefer not to say,Germany,E-commerce,Product Manager,Large (1 001–5 000),1,$75k–$100k,In-person,Yes,3.9,9.8,5.1,3.1,3.0,9.6,8.1,4.8,2.2,4.4,7.8,Anxiety & Depression,Self-reported,1,Easy,Don't know,0,Yes,None,Partially,1
3280,36,Female,Singapore,AI/ML startup,Product Manager,Startup (1–50),7,$100k–$150k,Hybrid,No,3.9,7.6,0.8,6.5,2.2,7.9,8.2,4.8,4.4,3.7,7.7,Anxiety,Formally diagnosed,0,Difficult,Yes,0,Yes,1–2 weeks,Partially,1
3281,25,Female,USA,Big Tech,Backend Developer,Medium (201–1 000),8,$50k–$75k,Remote,No,9.7,6.4,1.9,3.5,4.6,5.3,3.6,8.1,4.8,8.3,3.8,Depression & Burnout,Self-reported,0,Moderate,No,0,No,1–2 weeks,Partially,1
3282,32,Non-binary,UK,Big Tech,Full-Stack Developer,Large (1 001–5 000),1,$75k–$100k,Remote,Was already remote,6.3,7.4,4.5,4.2,7.5,5.4,10.0,5.4,3.6,5.1,7.1,None,N/A,0,Difficult,No,1,No,None,N/A,0
3283,18,Female,Netherlands,Big Tech,ML/AI Engineer,Medium (201–1 000),0,$50k–$75k,Hybrid,Yes,8.3,7.5,9.9,9.1,5.5,5.1,6.6,8.1,4.7,7.2,4.0,Anxiety,Formally diagnosed,1,Difficult,Yes,1,No,1–2 weeks,Partially,1
3284,38,Male,Canada,Consulting/Agency,Full-Stack Developer,Enterprise (5 000+),3,$75k–$100k,Remote,No,7.3,7.4,4.6,4.5,5.3,5.7,10.0,3.9,3.3,7.5,6.3,Anxiety & Burnout,Formally diagnosed,0,Moderate,Don't know,0,No,1–3 days,Yes,1
3285,20,Male,Ireland,SaaS/Software,Mobile Developer,Startup (1–50),12,$100k–$150k,In-person,Yes,6.1,6.0,2.4,5.4,10.0,6.4,5.3,7.0,3.0,6.8,4.9,ADHD,Self-reported,0,No access,Yes,0,Yes,>2 weeks,Yes,1
3286,43,Male,UK,Consulting/Agency,Cloud Architect,Large (1 001–5 000),10,$100k–$150k,Remote,Yes,4.2,6.6,1.0,5.6,6.3,8.0,6.9,3.5,3.4,4.5,7.0,None,N/A,0,Moderate,Yes,0,Yes,None,N/A,0
3287,29,Male,UK,Government/Public sector,Backend Developer,Large (1 001–5 000),0,$75k–$100k,Hybrid,Was already remote,7.2,4.9,1.5,4.7,5.5,5.9,4.8,3.8,2.9,7.0,4.8,None,N/A,0,Easy,Don't know,0,Yes,None,N/A,0
3288,30,Female,Ireland,Big Tech,ML/AI Engineer,Large (1 001–5 000),18,$75k–$100k,Remote,Yes,6.0,7.2,3.3,4.5,5.0,7.1,8.6,7.2,2.5,5.4,8.6,Anxiety,Formally diagnosed,0,Difficult,Yes,0,Yes,None,Partially,1
3289,27,Male,Canada,SaaS/Software,Data Scientist,Medium (201–1 000),1,>$200k,Hybrid,Yes,6.3,7.6,1.0,3.0,7.1,4.6,8.4,8.3,3.1,6.1,5.8,None,N/A,1,Difficult,No,0,No,None,N/A,0
3290,29,Male,Germany,AI/ML startup,CTO/VP Engineering,Medium (201–1 000),2,$150k–$200k,Hybrid,Yes,6.5,7.6,1.7,4.2,6.7,8.1,8.4,7.0,3.3,3.4,7.0,None,N/A,0,No access,Don't know,0,Yes,None,N/A,0
3291,42,Female,UK,Consulting/Agency,DevOps/SRE,Medium (201–1 000),0,$150k–$200k,Remote,Was already remote,6.6,6.8,0.0,6.8,6.0,5.0,5.6,7.4,2.1,3.9,5.4,ADHD,Self-reported,0,No access,Yes,1,No,>2 weeks,No,1
3292,18,Female,USA,E-commerce,CTO/VP Engineering,Medium (201–1 000),2,<$50k,Remote,No,7.0,7.1,6.8,5.1,3.7,5.3,9.7,6.2,3.0,6.0,5.4,Depression,Self-reported,0,Moderate,No,0,No,4–7 days,Partially,1
3293,41,Male,India,Consulting/Agency,Mobile Developer,Enterprise (5 000+),5,<$50k,Hybrid,Was already remote,4.4,5.1,0.3,5.1,6.8,7.6,10.0,5.7,3.6,4.0,9.7,None,N/A,0,Easy,Yes,1,No,None,N/A,0
3294,34,Male,USA,SaaS/Software,Security Engineer,Startup (1–50),3,$150k–$200k,In-person,Yes,7.3,5.9,1.2,1.6,4.4,4.4,9.2,5.9,6.9,5.6,6.4,None,N/A,0,Moderate,Don't know,1,No,None,N/A,0
3295,22,Male,Singapore,Consulting/Agency,Data Scientist,Large (1 001–5 000),9,$50k–$75k,Remote,No,7.3,5.7,1.9,5.1,4.1,6.1,5.6,7.9,3.8,6.5,2.5,ADHD,Not sure / undiagnosed,1,Moderate,Don't know,0,No,None,Partially,1
3296,23,Female,Netherlands,Cybersecurity,DevOps/SRE,Startup (1–50),5,$100k–$150k,Remote,No,6.4,8.1,12.2,10.0,5.6,6.2,9.9,6.0,1.9,7.6,5.7,Anxiety,Formally diagnosed,0,Difficult,No,0,Yes,1–3 days,No,1
3297,44,Male,USA,E-commerce,Product Manager,Medium (201–1 000),1,$50k–$75k,Remote,Was already remote,7.1,6.7,9.0,5.0,6.8,7.0,8.5,6.0,2.2,4.6,7.4,Depression & Burnout,Formally diagnosed,1,Easy,No,0,Yes,None,Partially,1
3298,24,Female,Australia,Gaming,Data Scientist,Large (1 001–5 000),4,$50k–$75k,In-person,No,8.6,6.4,2.6,7.9,6.8,3.0,6.3,4.4,4.1,9.6,3.9,Anxiety,Formally diagnosed,0,Easy,No,0,No,1–2 weeks,No,1
3299,23,Male,India,AI/ML startup,Security Engineer,Small (51–200),0,$50k–$75k,In-person,Yes,7.5,4.8,2.4,4.9,10.0,5.7,5.5,8.6,4.0,6.1,5.6,None,N/A,0,Moderate,Don't know,0,Yes,None,N/A,0
3300,40,Male,USA,Government/Public sector,Backend Developer,Large (1 001–5 000),4,$100k–$150k,Hybrid,No,3.9,5.6,1.9,7.1,6.8,4.7,8.5,7.3,1.0,6.2,4.9,None,N/A,0,Easy,Yes,0,Yes,None,N/A,0
3301,34,Non-binary,USA,E-commerce,Software Engineer,Startup (1–50),2,$150k–$200k,Hybrid,Yes,5.0,6.6,0.1,9.4,5.1,9.2,10.0,8.4,1.7,2.5,7.6,None,N/A,0,Moderate,Yes,0,No,None,N/A,0
3302,24,Male,UK,Big Tech,ML/AI Engineer,Large (1 001–5 000),0,<$50k,In-person,No,5.7,7.5,0.9,6.3,4.6,4.4,8.9,5.9,2.3,7.7,4.5,Burnout,Self-reported,0,Difficult,Yes,0,Yes,None,Yes,1
3303,33,Male,Australia,HealthTech,Frontend Developer,Medium (201–1 000),2,$75k–$100k,Remote,No,4.9,5.9,6.6,5.5,5.4,6.6,7.3,8.7,1.6,5.1,6.0,None,N/A,0,Moderate,No,0,No,None,N/A,0
3304,24,Male,India,FinTech,Data Analyst,Small (51–200),12,$100k–$150k,Hybrid,Yes,3.5,8.8,4.1,6.6,5.2,5.0,8.9,4.1,1.6,6.2,7.2,None,N/A,0,Easy,No,0,Yes,None,N/A,0
3305,40,Male,Germany,SaaS/Software,Software Engineer,Startup (1–50),4,$75k–$100k,In-person,Yes,7.7,5.4,5.1,4.5,9.1,3.7,5.2,4.5,5.0,7.6,4.4,Depression,Self-reported,0,Moderate,Yes,0,Yes,None,Partially,1
3306,39,Male,Netherlands,Cybersecurity,Mobile Developer,Large (1 001–5 000),12,$100k–$150k,Hybrid,Yes,4.6,7.5,6.5,6.7,4.0,3.6,8.4,6.0,1.0,4.7,6.5,None,N/A,0,Easy,Yes,0,No,None,N/A,0
3307,35,Male,Netherlands,FinTech,Cloud Architect,Medium (201–1 000),2,$150k–$200k,Hybrid,Was already remote,8.2,5.4,0.0,6.2,5.1,4.1,4.2,6.0,4.4,5.3,5.4,Burnout,Formally diagnosed,0,Moderate,Don't know,0,No,1–2 weeks,Partially,1
3308,34,Male,India,Big Tech,CTO/VP Engineering,Startup (1–50),21,<$50k,Remote,Was already remote,3.1,8.6,2.0,7.0,9.3,6.8,8.2,7.6,1.4,5.2,5.4,None,N/A,0,Moderate,Yes,0,Yes,None,N/A,0
3309,45,Male,Sweden,Government/Public sector,Data Scientist,Large (1 001–5 000),2,$75k–$100k,In-person,Yes,7.4,8.4,3.3,2.4,7.7,6.6,9.2,7.3,5.5,6.5,5.5,Burnout,Self-reported,1,Easy,Yes,0,No,4–7 days,Partially,1
3310,31,Female,UK,E-commerce,ML/AI Engineer,Small (51–200),7,$150k–$200k,Remote,Yes,7.5,6.9,6.0,6.5,4.7,7.7,9.9,3.7,1.4,5.6,6.7,Burnout,Self-reported,0,Difficult,No,0,Yes,4–7 days,Yes,1
3311,23,Female,Singapore,Consulting/Agency,Engineering Manager,Large (1 001–5 000),2,$75k–$100k,In-person,Yes,6.4,5.8,5.3,7.5,9.6,5.9,7.0,6.4,1.0,4.1,6.2,Anxiety & Burnout,Formally diagnosed,0,Moderate,Yes,1,No,4–7 days,Partially,1
3312,35,Female,India,E-commerce,Engineering Manager,Medium (201–1 000),0,<$50k,Hybrid,Yes,5.5,5.7,1.8,6.3,2.1,3.8,8.9,8.7,3.7,6.6,5.8,None,N/A,1,Difficult,Yes,1,Yes,None,N/A,0
3313,47,Female,Brazil,E-commerce,Data Scientist,Small (51–200),9,$75k–$100k,Hybrid,Yes,6.0,5.8,9.1,8.1,5.5,5.9,10.0,6.3,2.1,6.0,5.5,None,N/A,0,Difficult,No,0,Yes,None,N/A,0
3314,24,Male,Germany,Big Tech,Data Scientist,Startup (1–50),7,$150k–$200k,Remote,Yes,6.0,6.1,1.0,4.5,5.7,7.2,10.0,4.7,2.1,4.0,8.3,Anxiety,Self-reported,0,Difficult,Yes,0,Yes,1–3 days,Yes,1
3315,29,Male,USA,Big Tech,Security Engineer,Medium (201–1 000),9,>$200k,Hybrid,Was already remote,6.8,5.8,1.1,5.0,6.9,4.0,6.8,4.7,2.6,8.4,5.8,None,N/A,0,No access,Yes,0,Yes,None,N/A,0
3316,35,Male,Germany,Gaming,Cloud Architect,Startup (1–50),1,$100k–$150k,Remote,No,5.7,8.1,0.5,7.5,4.3,5.0,6.1,6.2,2.2,4.1,9.0,None,N/A,0,Difficult,No,0,No,None,N/A,0
3317,31,Male,UK,HealthTech,QA/Test Engineer,Startup (1–50),6,$75k–$100k,Remote,Yes,5.9,6.7,0.6,8.0,4.6,6.4,7.8,7.4,1.2,4.9,7.5,Burnout,Self-reported,1,Moderate,Yes,1,No,1–3 days,Yes,1
3318,24,Male,Australia,FinTech,Frontend Developer,Large (1 001–5 000),1,$100k–$150k,In-person,Yes,6.6,7.1,0.0,8.9,5.1,6.9,10.0,10.0,4.3,2.6,8.5,ADHD,Formally diagnosed,1,Easy,Yes,1,Yes,None,No,1
3319,40,Male,Canada,Consulting/Agency,QA/Test Engineer,Medium (201–1 000),0,$75k–$100k,Hybrid,No,6.0,5.2,1.0,6.8,5.2,6.9,6.1,4.7,1.7,5.6,5.8,None,N/A,0,Easy,Yes,0,No,None,N/A,0
3320,49,Female,Brazil,Consulting/Agency,Cloud Architect,Small (51–200),11,$50k–$75k,Hybrid,Yes,4.4,6.6,1.4,2.9,10.0,4.5,5.4,5.7,3.5,5.1,5.5,Depression,Not sure / undiagnosed,1,Easy,Yes,1,Yes,None,No,1
3321,33,Non-binary,Australia,Gaming,QA/Test Engineer,Medium (201–1 000),4,$100k–$150k,Remote,No,4.6,7.6,0.4,8.6,9.0,7.5,9.4,9.1,4.1,5.7,9.2,Burnout,Self-reported,0,Difficult,Yes,0,No,None,No,1
3322,25,Male,Australia,Big Tech,CTO/VP Engineering,Medium (201–1 000),22,$150k–$200k,Hybrid,Yes,5.9,6.1,1.2,7.0,3.6,6.8,8.1,6.6,2.8,4.4,7.5,None,N/A,0,No access,No,0,No,None,N/A,0
3323,20,Female,USA,AI/ML startup,Full-Stack Developer,Medium (201–1 000),2,$75k–$100k,Remote,Was already remote,2.9,7.6,1.8,6.8,5.7,7.1,9.5,10.0,1.4,3.4,6.6,None,N/A,0,Moderate,Don't know,0,Yes,None,N/A,0
3324,33,Female,Italy,HealthTech,Backend Developer,Large (1 001–5 000),17,>$200k,Remote,Yes,5.7,6.2,5.4,9.3,2.0,5.7,7.8,6.5,3.3,7.4,6.0,None,N/A,0,Difficult,Don't know,0,No,None,N/A,0
3325,40,Female,Brazil,Gaming,Engineering Manager,Enterprise (5 000+),5,$50k–$75k,Hybrid,No,6.3,7.8,0.2,7.8,4.8,5.3,7.4,7.9,1.2,6.2,6.0,None,N/A,0,No access,Yes,0,No,None,N/A,0
3326,35,Male,Sweden,Consulting/Agency,Backend Developer,Medium (201–1 000),3,$100k–$150k,Remote,Was already remote,5.8,6.6,4.3,8.1,5.4,8.3,6.0,5.2,2.7,4.3,8.3,None,N/A,0,Easy,Yes,0,No,None,N/A,0
3327,31,Male,UK,E-commerce,QA/Test Engineer,Small (51–200),1,$150k–$200k,Remote,Yes,6.8,5.7,0.0,2.6,4.3,6.1,8.1,1.0,5.1,4.9,5.6,Anxiety & Depression,Not sure / undiagnosed,1,Easy,No,0,Yes,None,No,1
3328,27,Male,Germany,HealthTech,Product Manager,Startup (1–50),9,$75k–$100k,Remote,No,6.4,6.9,2.0,5.5,3.6,7.6,7.6,6.5,6.1,5.6,8.9,Depression,Self-reported,1,Moderate,Don't know,0,No,1–3 days,No,1
3329,23,Male,USA,AI/ML startup,Full-Stack Developer,Startup (1–50),9,$75k–$100k,Remote,Yes,7.5,6.6,4.0,8.3,5.2,5.8,10.0,4.6,7.1,5.3,6.5,None,N/A,0,Easy,Yes,0,No,None,N/A,0
3330,38,Female,Germany,Big Tech,Security Engineer,Startup (1–50),2,<$50k,Hybrid,Yes,6.3,7.6,2.9,6.3,3.5,6.7,7.2,4.4,1.0,5.1,6.9,Depression & Burnout,Formally diagnosed,0,Moderate,Yes,0,Yes,4–7 days,Partially,1
3331,38,Male,USA,Gaming,Data Scientist,Small (51–200),7,>$200k,Hybrid,Yes,9.5,4.5,2.4,7.3,6.5,8.1,6.4,7.3,2.4,6.8,5.5,Burnout,Self-reported,1,Easy,Yes,0,No,1–3 days,Yes,1
3332,20,Male,Germany,Big Tech,Frontend Developer,Large (1 001–5 000),3,$100k–$150k,Hybrid,Yes,6.1,5.6,0.5,6.8,6.2,3.3,5.4,6.4,3.7,9.2,4.1,None,N/A,1,Difficult,Yes,1,No,None,N/A,0
3333,43,Female,India,Gaming,QA/Test Engineer,Startup (1–50),7,<$50k,Remote,Yes,7.4,6.5,5.5,8.3,2.2,5.4,5.4,6.9,2.7,5.3,6.5,Anxiety,Formally diagnosed,0,Easy,Yes,0,No,1–3 days,No,1
3334,36,Female,UK,Consulting/Agency,Frontend Developer,Large (1 001–5 000),28,$150k–$200k,Hybrid,Yes,5.7,6.1,10.4,4.0,6.6,6.9,8.9,3.5,2.1,5.9,7.6,None,N/A,1,Easy,Yes,1,No,None,N/A,0
3335,42,Male,Canada,AI/ML startup,Security Engineer,Medium (201–1 000),1,$100k–$150k,In-person,Was already remote,6.1,6.7,0.3,3.2,3.7,3.3,10.0,5.6,2.6,5.5,8.0,None,N/A,1,No access,Yes,1,Yes,None,N/A,0
3336,21,Female,Singapore,Gaming,DevOps/SRE,Enterprise (5 000+),5,<$50k,Hybrid,Was already remote,4.3,7.2,7.9,6.0,6.0,7.4,9.0,9.2,4.4,6.0,5.3,Anxiety & Depression,Self-reported,1,Easy,Yes,1,No,None,Partially,1
3337,21,Male,USA,Consulting/Agency,Full-Stack Developer,Medium (201–1 000),2,$100k–$150k,Hybrid,Yes,5.8,5.6,1.5,7.1,3.6,7.6,7.4,4.3,4.0,5.0,8.8,None,N/A,0,Moderate,Yes,0,Yes,None,N/A,0
3338,30,Male,Sweden,Gaming,Frontend Developer,Large (1 001–5 000),4,$100k–$150k,In-person,Yes,4.5,7.2,4.3,5.4,8.3,3.5,5.8,4.8,3.6,4.4,6.1,None,N/A,0,Difficult,No,0,No,None,N/A,0
3339,35,Male,USA,Big Tech,Data Scientist,Enterprise (5 000+),11,$50k–$75k,Remote,Yes,8.1,5.5,1.6,6.3,6.2,7.6,7.1,8.3,3.4,5.9,7.0,Depression,Self-reported,1,Difficult,Yes,1,No,1–3 days,No,1
3340,45,Female,USA,E-commerce,Mobile Developer,Enterprise (5 000+),2,$100k–$150k,In-person,Yes,6.3,4.8,5.1,3.8,6.8,3.9,9.6,6.9,2.7,8.4,5.3,Burnout,Self-reported,0,Moderate,No,0,Yes,1–2 weeks,No,1
3341,37,Non-binary,USA,Consulting/Agency,DevOps/SRE,Medium (201–1 000),0,$75k–$100k,Remote,Yes,7.0,6.3,0.0,3.9,2.8,8.4,6.3,6.6,4.5,4.0,7.5,Burnout,Formally diagnosed,0,Difficult,No,0,Yes,None,No,1
3342,30,Male,Netherlands,Cybersecurity,Product Manager,Medium (201–1 000),8,$100k–$150k,Remote,No,2.9,6.8,2.0,5.1,5.6,7.6,8.2,6.9,2.2,5.4,6.8,None,N/A,0,Difficult,Yes,0,No,None,N/A,0
3343,24,Male,UK,Cybersecurity,Data Scientist,Medium (201–1 000),4,<$50k,Remote,Yes,3.1,6.5,0.7,8.0,7.4,8.3,7.5,4.7,1.0,2.7,6.9,None,N/A,0,Moderate,Yes,1,Yes,None,N/A,0
3344,41,Male,Singapore,HealthTech,Data Analyst,Medium (201–1 000),3,$50k–$75k,In-person,Yes,5.4,6.8,9.8,7.2,10.0,3.8,9.5,4.2,3.1,6.2,5.8,None,N/A,0,No access,No,0,Yes,None,N/A,0
3345,24,Male,Germany,HealthTech,Backend Developer,Small (51–200),1,>$200k,Remote,No,3.4,7.7,1.1,7.8,7.8,5.8,9.0,3.7,3.2,6.1,6.7,None,N/A,0,No access,Yes,0,Yes,None,N/A,0
3346,44,Male,USA,E-commerce,Software Engineer,Small (51–200),0,$100k–$150k,Hybrid,No,1.0,7.1,3.1,8.1,8.6,5.6,9.5,9.1,1.0,3.9,9.3,None,N/A,0,Difficult,Don't know,1,No,None,N/A,0
3347,29,Male,France,SaaS/Software,CTO/VP Engineering,Small (51–200),1,$50k–$75k,Remote,No,7.4,7.2,2.9,10.0,7.2,5.7,8.1,3.7,3.1,6.1,6.8,Depression,Formally diagnosed,0,Difficult,Don't know,0,No,None,Yes,1
3348,43,Female,USA,Cybersecurity,ML/AI Engineer,Small (51–200),6,$150k–$200k,In-person,Yes,6.6,5.4,1.7,3.5,3.6,4.8,6.4,6.6,5.5,6.7,4.9,Anxiety & Depression,Not sure / undiagnosed,1,Difficult,Don't know,0,No,4–7 days,Yes,1
3349,37,Female,Sweden,SaaS/Software,CTO/VP Engineering,Startup (1–50),2,$150k–$200k,Remote,No,4.6,6.3,2.8,4.8,5.6,8.9,6.6,5.5,3.0,2.9,7.8,None,N/A,0,Difficult,No,0,Yes,None,N/A,0
3350,30,Male,USA,E-commerce,Engineering Manager,Medium (201–1 000),4,$75k–$100k,Hybrid,Was already remote,6.2,8.2,0.5,8.9,9.1,5.0,8.0,8.5,3.2,5.8,7.2,None,N/A,0,Difficult,Yes,0,No,None,N/A,0
3351,28,Male,UK,AI/ML startup,Software Engineer,Small (51–200),0,$150k–$200k,Hybrid,No,9.3,5.0,0.0,6.0,5.8,4.3,5.9,6.5,1.9,8.3,5.0,ADHD,Not sure / undiagnosed,1,Moderate,Yes,1,No,>2 weeks,No,1
3352,29,Male,Netherlands,Cybersecurity,CTO/VP Engineering,Medium (201–1 000),0,$100k–$150k,Remote,No,4.3,6.9,1.2,7.3,8.2,7.5,8.6,4.2,2.4,4.2,6.1,Anxiety & Depression,Formally diagnosed,0,Moderate,Don't know,1,No,None,Yes,1
3353,35,Male,Poland,Big Tech,Product Manager,Large (1 001–5 000),0,$150k–$200k,Hybrid,Yes,7.6,5.4,0.6,4.1,4.9,6.5,9.2,7.0,2.8,4.4,7.8,Anxiety & Depression,Formally diagnosed,0,Moderate,Yes,0,Yes,1–2 weeks,No,1
3354,32,Female,UK,E-commerce,Backend Developer,Medium (201–1 000),6,$150k–$200k,Remote,Yes,5.2,8.4,1.8,7.0,5.1,6.3,9.0,7.0,3.9,4.7,6.3,None,N/A,0,Moderate,Yes,0,No,None,N/A,0
3355,27,Prefer not to say,Brazil,Consulting/Agency,Frontend Developer,Enterprise (5 000+),1,$100k–$150k,Hybrid,Yes,4.9,5.9,1.3,8.4,2.9,7.9,6.5,5.0,1.0,3.9,7.9,None,N/A,0,Difficult,Yes,0,No,None,N/A,0
3356,30,Male,USA,Government/Public sector,Full-Stack Developer,Startup (1–50),18,>$200k,In-person,Was already remote,3.7,8.9,0.5,6.2,9.3,5.3,8.7,5.9,1.6,2.7,7.0,Anxiety,Self-reported,1,Difficult,Don't know,0,Yes,1–2 weeks,No,1
3357,32,Male,Sweden,Big Tech,Data Scientist,Enterprise (5 000+),2,$150k–$200k,Remote,No,6.3,7.7,0.0,7.2,3.7,5.3,7.0,8.2,2.7,5.6,6.4,None,N/A,0,Easy,Yes,0,Yes,None,N/A,0
3358,18,Female,Australia,Gaming,Security Engineer,Small (51–200),2,$75k–$100k,In-person,No,7.5,6.7,3.2,7.0,5.6,5.7,6.6,8.9,2.3,5.1,6.6,None,N/A,0,Easy,Yes,0,Yes,None,N/A,0
3359,35,Male,USA,Cybersecurity,Backend Developer,Enterprise (5 000+),3,>$200k,Remote,No,6.6,7.4,0.0,8.0,5.1,3.3,5.7,6.6,2.2,6.4,5.8,None,N/A,1,Easy,No,0,No,None,N/A,0
3360,24,Female,USA,Gaming,Backend Developer,Small (51–200),2,$75k–$100k,Hybrid,No,5.6,8.8,0.0,4.7,5.4,6.8,7.4,8.9,1.8,4.8,5.9,Anxiety,Not sure / undiagnosed,0,Easy,Yes,0,Yes,1–3 days,No,1
3361,23,Male,USA,Cybersecurity,Engineering Manager,Large (1 001–5 000),9,$150k–$200k,Hybrid,Was already remote,4.8,6.3,5.9,3.3,3.4,6.9,7.1,7.1,2.3,4.7,6.2,Depression,Not sure / undiagnosed,1,No access,No,0,Yes,None,Yes,1
3362,19,Female,UK,SaaS/Software,QA/Test Engineer,Startup (1–50),11,$150k–$200k,Hybrid,Yes,9.1,6.1,0.0,7.2,3.7,5.6,5.7,5.9,5.2,5.5,6.7,None,N/A,0,Easy,Yes,0,Yes,None,N/A,0
3363,18,Female,USA,E-commerce,ML/AI Engineer,Large (1 001–5 000),0,$100k–$150k,Hybrid,Was already remote,5.0,6.8,0.3,8.1,4.6,6.4,8.2,6.8,3.7,6.9,5.8,None,N/A,0,Moderate,No,0,No,None,N/A,0
3364,21,Female,India,Consulting/Agency,Data Scientist,Small (51–200),5,<$50k,Hybrid,No,5.0,6.0,2.8,10.0,7.7,8.1,7.7,5.0,2.3,5.7,6.1,Depression,Not sure / undiagnosed,1,Easy,Yes,1,Yes,>2 weeks,No,1
3365,26,Female,Argentina,E-commerce,Engineering Manager,Large (1 001–5 000),6,>$200k,In-person,Yes,3.2,6.8,2.6,6.6,6.7,7.0,6.5,5.6,4.3,3.2,8.7,None,N/A,0,Moderate,Don't know,0,Yes,None,N/A,0
3366,46,Male,USA,FinTech,Backend Developer,Large (1 001–5 000),17,$50k–$75k,Hybrid,Yes,9.2,6.2,10.5,5.0,4.0,6.0,5.5,8.1,4.8,7.4,4.4,None,N/A,0,Difficult,Yes,0,No,None,N/A,0
3367,28,Female,Germany,Cybersecurity,QA/Test Engineer,Enterprise (5 000+),2,$75k–$100k,Hybrid,Yes,3.0,9.7,10.2,6.1,10.0,9.0,8.2,2.6,2.4,3.7,7.1,None,N/A,0,Difficult,Yes,0,No,None,N/A,0
3368,33,Female,Germany,FinTech,DevOps/SRE,Large (1 001–5 000),1,$100k–$150k,Hybrid,Yes,7.7,5.0,3.0,6.3,4.7,5.5,8.0,5.7,4.2,7.5,6.2,Other,Self-reported,1,Difficult,Yes,1,No,4–7 days,No,1
3369,35,Male,Spain,HealthTech,Product Manager,Medium (201–1 000),4,$50k–$75k,Hybrid,No,7.1,6.3,0.0,6.0,3.1,7.3,7.7,6.6,2.1,6.4,7.6,Burnout,Self-reported,1,No access,Yes,0,Yes,4–7 days,Yes,1
3370,32,Male,Canada,AI/ML startup,Product Manager,Small (51–200),3,$150k–$200k,Hybrid,Yes,5.1,6.4,2.4,7.1,4.0,5.4,9.2,8.0,1.1,5.8,4.2,None,N/A,0,Easy,Don't know,0,Yes,None,N/A,0
3371,31,Male,Germany,E-commerce,Mobile Developer,Large (1 001–5 000),8,$50k–$75k,Remote,No,6.4,7.1,0.0,10.0,6.6,7.7,8.0,6.0,1.5,6.1,6.6,None,N/A,0,Moderate,No,0,Yes,None,N/A,0
3372,23,Male,Canada,SaaS/Software,Full-Stack Developer,Startup (1–50),12,>$200k,Remote,Yes,6.8,7.0,7.8,8.8,4.2,6.7,7.5,7.9,1.9,3.1,9.3,None,N/A,0,Moderate,Don't know,0,No,None,N/A,0
3373,42,Male,USA,Consulting/Agency,Mobile Developer,Large (1 001–5 000),0,>$200k,In-person,No,10.0,4.2,2.4,3.3,7.7,3.7,5.9,6.8,5.2,8.4,3.9,Anxiety & Depression,Not sure / undiagnosed,1,Moderate,No,0,No,None,No,1
3374,45,Female,USA,Cybersecurity,Mobile Developer,Small (51–200),10,$100k–$150k,Hybrid,Was already remote,9.2,6.1,1.8,6.4,2.0,6.1,8.0,4.1,6.0,9.0,4.1,Burnout,Self-reported,0,Easy,Don't know,0,No,1–2 weeks,No,1
3375,19,Male,UK,Consulting/Agency,Full-Stack Developer,Medium (201–1 000),13,$100k–$150k,Remote,Was already remote,7.3,4.0,1.3,3.3,7.2,4.6,9.3,5.6,3.3,6.0,6.2,Anxiety & Burnout,Formally diagnosed,0,Easy,Yes,0,No,None,No,1
3376,24,Female,USA,HealthTech,Backend Developer,Medium (201–1 000),14,$100k–$150k,Hybrid,Was already remote,6.5,7.7,2.1,5.0,4.1,4.4,8.1,6.4,2.1,6.5,6.4,None,N/A,0,Easy,Yes,0,Yes,None,N/A,0
3377,29,Male,Germany,Gaming,Backend Developer,Medium (201–1 000),7,$75k–$100k,Hybrid,No,7.2,4.4,1.2,4.9,8.1,5.0,8.1,7.0,1.9,5.2,5.1,None,N/A,0,Moderate,No,0,Yes,None,N/A,0
3378,24,Male,USA,Consulting/Agency,Security Engineer,Large (1 001–5 000),7,$75k–$100k,Hybrid,No,6.4,5.5,0.0,6.2,3.7,5.5,5.8,5.7,3.6,6.3,5.0,Anxiety & Depression,Formally diagnosed,1,Moderate,No,0,Yes,4–7 days,No,1
3379,35,Male,Germany,Cybersecurity,Data Scientist,Small (51–200),0,>$200k,Hybrid,Yes,6.6,6.9,3.3,6.1,6.6,5.6,7.0,5.2,3.1,4.1,5.2,Anxiety,Self-reported,0,Easy,Don't know,0,Yes,1–3 days,Partially,1
3380,26,Male,USA,FinTech,Engineering Manager,Startup (1–50),13,$100k–$150k,In-person,No,4.8,6.1,19.8,6.1,7.9,7.1,8.0,7.5,5.3,4.3,5.5,None,N/A,0,Moderate,Don't know,0,No,None,N/A,0
3381,48,Male,Mexico,SaaS/Software,ML/AI Engineer,Enterprise (5 000+),2,$150k–$200k,Remote,Yes,5.9,7.0,0.2,9.7,4.1,6.0,7.0,6.0,1.3,4.5,8.8,Anxiety,Self-reported,0,Moderate,Yes,0,Yes,1–2 weeks,No,1
3382,40,Male,Ireland,Consulting/Agency,Engineering Manager,Small (51–200),0,$100k–$150k,Hybrid,No,7.4,8.3,17.3,8.4,4.9,7.1,9.8,7.1,4.9,6.5,5.0,Depression,Self-reported,0,Moderate,Yes,0,No,>2 weeks,No,1
3383,33,Male,USA,SaaS/Software,Backend Developer,Large (1 001–5 000),2,$75k–$100k,Hybrid,No,6.1,7.7,7.7,6.0,4.3,6.5,8.0,7.5,1.0,4.8,6.7,None,N/A,1,Easy,Yes,1,Yes,None,N/A,0
3384,39,Female,UK,Gaming,Mobile Developer,Medium (201–1 000),7,$50k–$75k,Hybrid,Was already remote,6.9,5.9,7.3,7.1,7.2,5.5,7.1,9.0,1.0,6.5,5.1,None,N/A,0,Difficult,Yes,0,Yes,None,N/A,0
3385,40,Female,India,SaaS/Software,Product Manager,Large (1 001–5 000),3,$75k–$100k,Hybrid,Yes,5.1,6.5,6.2,9.4,7.5,4.8,6.2,7.3,3.4,4.9,7.1,None,N/A,0,Difficult,Don't know,0,Yes,None,N/A,0
3386,27,Male,USA,Gaming,Frontend Developer,Startup (1–50),7,$150k–$200k,Remote,Yes,5.9,5.3,8.7,3.8,1.0,4.1,8.8,7.6,3.3,8.9,4.6,Anxiety,Formally diagnosed,1,Moderate,Yes,1,Yes,1–3 days,Yes,1
3387,25,Female,UK,Gaming,Engineering Manager,Medium (201–1 000),3,$150k–$200k,Hybrid,Yes,3.8,8.2,1.3,6.2,6.1,6.8,9.5,7.3,1.7,2.4,8.0,None,N/A,0,Difficult,Don't know,0,Yes,None,N/A,0
3388,32,Female,USA,AI/ML startup,Backend Developer,Medium (201–1 000),1,$150k–$200k,Remote,Was already remote,7.4,6.8,1.3,7.1,5.5,3.4,6.1,6.7,2.5,4.4,3.9,Burnout,Not sure / undiagnosed,1,Difficult,Yes,0,Yes,1–3 days,No,1
3389,38,Male,Spain,AI/ML startup,QA/Test Engineer,Medium (201–1 000),1,$150k–$200k,Hybrid,Yes,2.8,6.4,2.9,4.9,5.8,9.1,8.4,4.4,3.3,3.1,7.6,None,N/A,0,Moderate,Yes,0,No,None,N/A,0
3390,33,Prefer not to say,Japan,Government/Public sector,CTO/VP Engineering,Enterprise (5 000+),3,$50k–$75k,Remote,Was already remote,6.9,6.7,0.0,3.5,8.1,7.7,6.5,5.8,5.0,8.2,5.0,Burnout,Formally diagnosed,0,Moderate,Yes,0,Yes,4–7 days,No,1
3391,20,Female,Germany,SaaS/Software,Product Manager,Startup (1–50),0,$50k–$75k,Remote,Was already remote,3.5,5.4,14.3,5.4,6.5,6.7,9.2,4.2,4.9,3.8,7.0,None,N/A,0,Moderate,Yes,0,No,None,N/A,0
3392,25,Male,Germany,Consulting/Agency,Backend Developer,Large (1 001–5 000),3,$75k–$100k,Hybrid,Was already remote,4.3,7.4,4.3,5.9,3.9,5.1,7.9,4.9,3.1,6.5,5.9,None,N/A,0,Easy,Yes,0,No,None,N/A,0
3393,31,Male,Mexico,SaaS/Software,Software Engineer,Small (51–200),0,$75k–$100k,Hybrid,Was already remote,4.2,8.4,2.3,8.3,5.8,4.7,6.9,5.7,3.2,4.9,4.8,None,N/A,0,Easy,No,0,No,None,N/A,0
3394,31,Male,Mexico,Gaming,Software Engineer,Small (51–200),11,<$50k,Hybrid,Was already remote,7.5,7.0,16.3,3.0,9.5,4.6,9.9,7.7,2.1,7.8,4.5,None,N/A,0,Easy,Yes,0,No,None,N/A,0
3395,46,Male,New Zealand,AI/ML startup,Software Engineer,Small (51–200),4,$50k–$75k,Hybrid,Yes,3.8,7.4,1.4,7.2,6.7,6.2,9.1,5.8,1.0,6.8,6.7,None,N/A,0,Difficult,Don't know,0,No,None,N/A,0
3396,21,Female,USA,Big Tech,ML/AI Engineer,Small (51–200),5,$150k–$200k,Remote,Yes,5.7,7.8,1.3,5.6,3.4,4.1,6.0,5.0,3.6,7.0,3.9,Anxiety & Depression,Self-reported,1,Easy,Yes,1,Yes,None,Partially,1
3397,35,Male,USA,FinTech,Data Analyst,Medium (201–1 000),1,$100k–$150k,In-person,Was already remote,5.2,6.3,0.7,7.2,4.1,4.7,6.2,5.7,3.7,7.7,3.5,Anxiety,Formally diagnosed,0,Difficult,Yes,0,Yes,None,No,1
3398,43,Female,Australia,SaaS/Software,Mobile Developer,Small (51–200),1,$75k–$100k,Hybrid,Yes,5.5,4.3,0.6,9.5,6.4,5.5,9.1,8.8,4.1,8.3,4.3,Anxiety,Formally diagnosed,1,Easy,Yes,0,Yes,4–7 days,No,1
3399,49,Female,Germany,E-commerce,Security Engineer,Large (1 001–5 000),6,$100k–$150k,Hybrid,Yes,7.3,7.8,0.1,4.7,4.2,6.8,5.6,4.2,1.4,6.1,5.9,None,N/A,0,Difficult,Don't know,0,Yes,None,N/A,0
3400,28,Female,USA,E-commerce,QA/Test Engineer,Startup (1–50),6,$75k–$100k,Hybrid,Yes,5.8,7.6,3.1,8.5,3.7,6.3,6.9,7.4,1.6,5.0,5.1,Burnout,Formally diagnosed,1,Difficult,Yes,1,No,1–2 weeks,Partially,1
3401,35,Female,USA,Government/Public sector,QA/Test Engineer,Small (51–200),0,$100k–$150k,Remote,Yes,5.7,7.0,1.0,7.3,6.4,5.8,6.0,7.5,2.0,6.9,6.5,Anxiety & Burnout,Not sure / undiagnosed,0,Easy,Don't know,0,Yes,4–7 days,Partially,1
3402,36,Male,Ireland,Cybersecurity,Product Manager,Small (51–200),1,$50k–$75k,Remote,No,4.4,7.1,10.8,5.6,8.0,6.2,7.4,8.2,1.3,3.7,5.4,Anxiety,Not sure / undiagnosed,1,Difficult,Yes,0,Yes,1–3 days,No,1
3403,33,Male,Singapore,SaaS/Software,Mobile Developer,Large (1 001–5 000),16,>$200k,Hybrid,Yes,4.3,7.9,6.1,7.5,4.3,4.8,9.6,5.1,1.0,4.8,8.4,None,N/A,0,Moderate,Yes,0,Yes,None,N/A,0
3404,31,Female,UK,SaaS/Software,Mobile Developer,Startup (1–50),1,$75k–$100k,Remote,No,3.5,8.0,1.0,7.9,3.7,8.7,8.9,4.8,2.4,5.0,5.8,None,N/A,0,Difficult,Yes,0,No,None,N/A,0
3405,35,Male,Ireland,HealthTech,Engineering Manager,Enterprise (5 000+),0,$150k–$200k,In-person,No,5.4,6.5,6.2,4.9,4.9,5.4,7.1,4.7,1.0,8.1,4.8,Anxiety,Self-reported,0,Easy,Yes,0,No,None,Yes,1
3406,18,Male,India,Gaming,Frontend Developer,Small (51–200),0,$100k–$150k,Remote,Was already remote,8.7,7.4,0.5,4.0,5.9,5.5,4.1,7.3,5.1,8.6,1.1,None,N/A,0,Moderate,No,0,No,None,N/A,0
3407,37,Female,Sweden,Cybersecurity,Product Manager,Medium (201–1 000),8,$100k–$150k,Hybrid,Yes,6.3,7.4,0.5,4.2,7.3,4.9,5.8,6.6,4.6,6.3,7.1,None,N/A,0,Easy,No,0,Yes,None,N/A,0
3408,32,Female,Canada,Gaming,Engineering Manager,Small (51–200),7,>$200k,Remote,Yes,6.1,5.9,5.0,5.6,7.5,4.9,6.9,4.6,4.3,7.2,5.4,Anxiety & Depression,Formally diagnosed,1,No access,Yes,1,Yes,4–7 days,No,1
3409,30,Male,USA,Gaming,Data Scientist,Small (51–200),2,$50k–$75k,Hybrid,Yes,3.2,9.7,7.3,5.1,4.7,7.6,9.0,4.5,2.7,3.0,8.2,None,N/A,0,Moderate,Yes,0,No,None,N/A,0
3410,47,Female,Canada,Consulting/Agency,DevOps/SRE,Large (1 001–5 000),0,$50k–$75k,Hybrid,Was already remote,8.0,5.3,10.5,7.5,6.3,6.6,7.5,5.3,3.9,7.2,5.3,Depression,Formally diagnosed,1,No access,No,0,No,None,No,1
3411,26,Female,Canada,FinTech,Software Engineer,Medium (201–1 000),3,$75k–$100k,Remote,Yes,8.9,3.8,0.8,7.4,2.4,4.6,4.6,5.5,1.3,6.1,4.6,None,N/A,0,Difficult,Yes,0,Yes,None,N/A,0
3412,28,Male,Germany,SaaS/Software,Frontend Developer,Small (51–200),2,$150k–$200k,In-person,Yes,4.5,5.5,3.0,6.8,5.2,3.5,9.0,5.2,1.0,9.0,6.3,None,N/A,0,Easy,No,0,No,None,N/A,0
3413,46,Male,USA,Cybersecurity,DevOps/SRE,Startup (1–50),2,<$50k,Remote,Yes,4.2,8.3,3.6,8.2,4.0,7.4,9.0,6.4,1.4,5.8,6.2,Anxiety,Formally diagnosed,1,Easy,Don't know,0,No,4–7 days,Partially,1
3414,25,Non-binary,Argentina,Consulting/Agency,Mobile Developer,Small (51–200),1,$75k–$100k,In-person,No,8.6,7.4,2.5,6.3,3.0,2.4,6.9,6.3,1.5,8.2,6.1,Anxiety & Depression,Not sure / undiagnosed,0,No access,No,0,No,None,No,1
3415,27,Male,USA,AI/ML startup,DevOps/SRE,Enterprise (5 000+),0,$100k–$150k,In-person,Yes,6.7,5.4,1.3,7.2,8.2,6.4,4.4,4.1,1.0,5.5,5.2,None,N/A,0,Moderate,Don't know,0,Yes,None,N/A,0
3416,30,Male,USA,Big Tech,Mobile Developer,Large (1 001–5 000),8,$150k–$200k,In-person,Was already remote,9.1,5.3,0.0,7.3,3.4,2.9,6.5,5.5,2.9,9.6,2.9,Anxiety,Self-reported,0,Moderate,Yes,0,No,None,Yes,1
3417,38,Male,Germany,Gaming,DevOps/SRE,Medium (201–1 000),5,$75k–$100k,Remote,No,8.1,5.5,0.0,5.6,7.9,7.0,6.2,8.2,3.7,4.6,5.1,Anxiety & Burnout,Self-reported,1,Easy,Don't know,0,No,None,No,1
3418,33,Female,Germany,Government/Public sector,ML/AI Engineer,Medium (201–1 000),9,$100k–$150k,Remote,No,2.5,8.3,9.0,4.3,10.0,7.3,9.0,7.2,3.1,2.4,8.3,None,N/A,0,Easy,Yes,0,Yes,None,N/A,0
3419,22,Male,Canada,E-commerce,Backend Developer,Enterprise (5 000+),3,$75k–$100k,Hybrid,Yes,8.9,4.7,0.5,4.1,3.8,6.5,9.1,5.1,1.8,6.0,9.3,Depression,Formally diagnosed,1,Easy,Yes,0,No,None,No,1
3420,28,Male,Netherlands,Cybersecurity,DevOps/SRE,Medium (201–1 000),23,$50k–$75k,Hybrid,No,6.2,7.6,0.4,8.9,5.8,4.1,5.1,7.6,3.0,8.6,5.0,None,N/A,0,Easy,Don't know,0,No,None,N/A,0
3421,27,Male,Germany,HealthTech,Backend Developer,Enterprise (5 000+),18,$150k–$200k,Remote,No,6.0,6.8,14.1,4.5,6.4,4.2,10.0,8.5,2.0,4.8,6.7,Anxiety & Depression,Formally diagnosed,0,No access,Yes,0,Yes,None,Partially,1
3422,31,Prefer not to say,India,SaaS/Software,Full-Stack Developer,Medium (201–1 000),1,$100k–$150k,Hybrid,Yes,6.1,6.0,5.4,8.3,8.3,6.0,3.9,6.3,2.7,4.2,6.9,None,N/A,0,Difficult,Don't know,0,No,None,N/A,0
3423,35,Male,France,E-commerce,Software Engineer,Small (51–200),2,$150k–$200k,In-person,No,5.9,6.1,13.7,9.2,7.2,7.0,7.3,8.8,3.8,7.2,5.7,Burnout,Formally diagnosed,1,Easy,Yes,1,No,1–2 weeks,Yes,1
3424,35,Female,USA,Consulting/Agency,CTO/VP Engineering,Large (1 001–5 000),7,$100k–$150k,Remote,Yes,3.3,6.9,1.6,5.1,6.0,8.0,9.8,8.0,1.5,3.0,9.5,None,N/A,0,Easy,Yes,0,Yes,None,N/A,0
3425,18,Non-binary,Germany,E-commerce,DevOps/SRE,Medium (201–1 000),8,<$50k,In-person,No,8.5,5.8,1.2,6.9,5.9,4.3,4.9,7.5,4.3,7.1,6.2,Anxiety & Depression,Self-reported,1,Moderate,Don't know,0,Yes,4–7 days,Yes,1
3426,39,Male,Singapore,SaaS/Software,QA/Test Engineer,Large (1 001–5 000),13,$100k–$150k,Hybrid,Yes,5.0,6.0,5.8,5.8,4.2,6.7,8.6,5.4,3.9,6.6,6.4,None,N/A,0,Moderate,No,0,No,None,N/A,0
3427,33,Prefer not to say,USA,E-commerce,Backend Developer,Small (51–200),5,>$200k,In-person,No,5.4,9.0,2.7,5.6,7.8,3.3,6.9,3.4,3.2,4.6,9.7,None,N/A,0,Difficult,Don't know,0,Yes,None,N/A,0
3428,42,Non-binary,UK,AI/ML startup,Engineering Manager,Large (1 001–5 000),3,$75k–$100k,Remote,Yes,7.0,7.0,1.0,9.8,7.2,6.8,7.6,4.2,3.1,6.5,4.8,Burnout,Not sure / undiagnosed,1,Easy,Yes,1,No,4–7 days,No,1
3429,35,Female,Spain,HealthTech,QA/Test Engineer,Medium (201–1 000),2,$100k–$150k,Hybrid,Yes,9.1,6.9,0.0,8.1,7.9,4.9,6.1,3.9,1.0,6.8,3.5,ADHD,Self-reported,1,Easy,Yes,0,No,>2 weeks,Yes,1
3430,40,Male,UK,Government/Public sector,Security Engineer,Small (51–200),2,$100k–$150k,Remote,Was already remote,5.8,6.8,2.6,6.1,5.5,5.8,7.6,7.9,3.0,2.4,10.0,Depression,Formally diagnosed,0,Moderate,Yes,0,No,1–3 days,No,1
3431,35,Female,Canada,Cybersecurity,QA/Test Engineer,Large (1 001–5 000),10,$50k–$75k,Remote,No,6.4,6.8,2.8,7.9,6.6,4.2,9.8,5.9,1.0,5.9,6.4,Anxiety,Not sure / undiagnosed,0,Moderate,Don't know,0,Yes,1–2 weeks,No,1
3432,42,Female,Italy,SaaS/Software,Data Analyst,Medium (201–1 000),21,$100k–$150k,Hybrid,No,8.5,5.7,3.5,9.2,7.4,6.0,8.1,6.2,4.3,9.1,4.0,Depression,Formally diagnosed,0,Easy,Don't know,0,Yes,None,No,1
3433,35,Prefer not to say,USA,E-commerce,DevOps/SRE,Large (1 001–5 000),0,$100k–$150k,Remote,Was already remote,7.0,7.6,4.9,5.7,3.5,5.1,6.4,9.4,3.3,4.4,5.2,None,N/A,0,Difficult,Don't know,0,No,None,N/A,0
3434,31,Male,USA,HealthTech,Full-Stack Developer,Enterprise (5 000+),4,$75k–$100k,Remote,No,6.8,6.5,0.0,8.0,8.5,4.9,8.3,3.8,1.1,9.0,3.8,Anxiety & Depression,Self-reported,0,Easy,Yes,0,Yes,4–7 days,No,1
3435,49,Female,Japan,SaaS/Software,Frontend Developer,Large (1 001–5 000),4,$75k–$100k,In-person,No,1.0,7.0,4.6,4.6,7.2,9.7,10.0,7.4,2.1,3.0,6.3,Anxiety & Burnout,Formally diagnosed,1,No access,Yes,1,Yes,None,Yes,1
3436,38,Male,Singapore,HealthTech,Engineering Manager,Large (1 001–5 000),2,>$200k,Hybrid,Yes,5.5,3.8,5.2,5.1,3.3,6.4,6.8,6.0,4.2,5.1,7.1,Anxiety,Self-reported,0,Moderate,Yes,0,No,None,Partially,1
3437,36,Male,Canada,E-commerce,Cloud Architect,Large (1 001–5 000),10,$50k–$75k,In-person,Yes,6.3,5.6,1.4,7.0,3.4,3.8,7.1,3.1,1.9,6.2,5.5,ADHD,Self-reported,1,Easy,Yes,1,Yes,>2 weeks,No,1
3438,22,Male,Germany,Gaming,QA/Test Engineer,Medium (201–1 000),4,$100k–$150k,Hybrid,Yes,6.3,6.3,0.8,6.4,6.5,7.1,9.0,6.9,3.7,8.1,7.0,None,N/A,0,Moderate,Yes,0,Yes,None,N/A,0
3439,22,Female,Brazil,Cybersecurity,Software Engineer,Large (1 001–5 000),2,$150k–$200k,Hybrid,Was already remote,7.6,6.3,1.5,6.2,10.0,5.3,5.6,4.5,1.0,5.1,8.3,Anxiety,Formally diagnosed,1,Difficult,No,0,No,None,Partially,1
3440,34,Male,France,FinTech,Data Scientist,Medium (201–1 000),3,$50k–$75k,Hybrid,No,3.8,5.8,1.6,7.9,5.7,8.2,8.2,2.7,2.0,4.4,6.9,None,N/A,0,Difficult,Don't know,0,Yes,None,N/A,0
3441,33,Female,USA,FinTech,Security Engineer,Large (1 001–5 000),2,>$200k,Remote,Yes,4.2,4.6,2.7,6.1,7.6,4.9,9.9,2.6,3.2,5.1,8.8,None,N/A,0,Easy,Yes,0,Yes,None,N/A,0
3442,27,Prefer not to say,USA,Cybersecurity,QA/Test Engineer,Small (51–200),3,$100k–$150k,Hybrid,No,7.8,8.6,0.5,8.3,5.4,5.7,8.4,5.0,3.3,6.2,4.5,None,N/A,0,Moderate,Don't know,0,No,None,N/A,0
3443,33,Male,Canada,Gaming,Cloud Architect,Startup (1–50),0,$100k–$150k,Remote,Yes,8.0,6.2,1.1,7.7,6.1,5.1,7.1,5.4,5.0,7.3,5.5,Burnout,Not sure / undiagnosed,0,Difficult,Don't know,0,No,None,No,1
3444,43,Female,Japan,SaaS/Software,CTO/VP Engineering,Startup (1–50),0,$100k–$150k,Hybrid,Was already remote,4.1,6.6,8.9,6.6,7.9,6.3,7.5,6.1,1.0,4.6,7.6,None,N/A,0,Easy,No,0,No,None,N/A,0
3445,37,Male,Ireland,HealthTech,Software Engineer,Large (1 001–5 000),5,$150k–$200k,Hybrid,No,6.5,6.7,8.3,6.0,8.3,7.9,8.3,2.6,4.0,5.9,4.5,Burnout,Self-reported,0,Moderate,No,0,Yes,None,No,1
3446,23,Male,Poland,Gaming,CTO/VP Engineering,Small (51–200),6,>$200k,Remote,Was already remote,5.6,5.5,16.8,6.4,4.4,7.3,5.4,5.2,3.6,5.0,6.0,None,N/A,0,Moderate,Yes,0,Yes,None,N/A,0
3447,31,Female,Singapore,FinTech,CTO/VP Engineering,Small (51–200),5,$75k–$100k,Hybrid,Yes,4.8,8.0,2.4,4.3,5.6,3.5,6.6,7.3,1.6,5.5,6.5,Anxiety,Self-reported,0,Easy,Yes,0,Yes,None,Yes,1
3448,25,Non-binary,Germany,SaaS/Software,Cloud Architect,Medium (201–1 000),7,$100k–$150k,Hybrid,Yes,3.8,6.5,1.0,5.9,4.2,7.3,10.0,7.0,4.7,4.7,6.4,ADHD,Formally diagnosed,0,No access,Don't know,1,No,None,Yes,1
3449,29,Female,Canada,Consulting/Agency,Product Manager,Startup (1–50),15,$75k–$100k,In-person,No,4.4,6.1,7.9,4.3,6.6,3.8,10.0,4.3,5.5,6.1,5.5,Anxiety,Self-reported,1,Moderate,Don't know,0,No,4–7 days,No,1
3450,28,Female,Netherlands,Gaming,Software Engineer,Small (51–200),10,$75k–$100k,Hybrid,Was already remote,4.5,6.3,3.3,7.2,6.3,5.5,7.3,9.0,4.0,5.1,6.7,None,N/A,0,No access,Yes,0,Yes,None,N/A,0
3451,28,Male,France,FinTech,Mobile Developer,Small (51–200),2,<$50k,Hybrid,No,8.8,5.2,3.8,3.8,4.0,4.2,4.5,3.8,2.7,8.8,4.4,None,N/A,0,Moderate,No,0,No,None,N/A,0
3452,22,Male,Germany,Government/Public sector,ML/AI Engineer,Large (1 001–5 000),1,$150k–$200k,Hybrid,Was already remote,6.9,5.1,0.1,3.5,5.9,5.9,5.4,3.3,4.8,7.9,3.5,None,N/A,0,Difficult,Don't know,1,No,None,N/A,0
3453,31,Male,USA,E-commerce,Security Engineer,Medium (201–1 000),2,>$200k,In-person,Yes,6.5,7.0,0.9,6.3,8.0,5.2,6.5,6.7,3.2,7.5,7.5,Depression,Formally diagnosed,1,No access,Yes,1,Yes,None,No,1
3454,27,Male,Spain,HealthTech,Security Engineer,Enterprise (5 000+),4,$150k–$200k,Hybrid,No,4.0,7.7,1.4,7.6,6.4,5.8,8.9,4.8,1.9,3.4,7.6,None,N/A,0,No access,No,0,No,None,N/A,0
3455,18,Male,Canada,AI/ML startup,Security Engineer,Small (51–200),10,$100k–$150k,Hybrid,No,8.4,4.6,1.9,6.3,4.0,4.8,5.4,7.5,4.0,7.4,3.3,Burnout,Formally diagnosed,1,Moderate,Don't know,0,No,1–2 weeks,No,1
3456,47,Male,UK,SaaS/Software,Frontend Developer,Small (51–200),6,$150k–$200k,Remote,No,8.6,5.7,19.5,8.7,6.5,8.0,6.0,4.7,2.5,3.8,6.3,Depression,Self-reported,1,No access,Don't know,0,No,1–3 days,Yes,1
3457,40,Male,India,Government/Public sector,Product Manager,Startup (1–50),4,$150k–$200k,Hybrid,Yes,6.4,6.6,2.9,6.6,4.9,5.7,7.0,7.4,2.1,5.5,8.3,None,N/A,0,Moderate,Yes,0,No,None,N/A,0
3458,29,Male,Australia,E-commerce,CTO/VP Engineering,Enterprise (5 000+),5,$100k–$150k,Remote,No,6.2,6.0,2.6,10.0,6.3,3.9,8.8,9.2,3.2,5.8,7.1,None,N/A,0,Difficult,Yes,0,Yes,None,N/A,0
3459,32,Male,USA,AI/ML startup,Security Engineer,Medium (201–1 000),4,>$200k,Remote,No,6.2,7.4,4.6,6.8,2.6,4.6,6.3,8.0,1.5,6.2,6.8,None,N/A,0,Difficult,Yes,0,No,None,N/A,0
3460,23,Female,Brazil,Government/Public sector,CTO/VP Engineering,Medium (201–1 000),19,<$50k,Hybrid,Yes,7.3,8.0,0.7,10.0,7.2,4.0,7.0,5.5,3.9,6.6,5.2,None,N/A,0,Easy,Don't know,0,Yes,None,N/A,0
3461,44,Non-binary,USA,Gaming,Data Analyst,Enterprise (5 000+),9,<$50k,Hybrid,Yes,3.4,7.7,1.5,6.4,7.8,9.7,10.0,5.4,2.4,2.9,7.6,None,N/A,0,Difficult,Don't know,0,Yes,None,N/A,0
3462,46,Female,USA,E-commerce,Software Engineer,Small (51–200),8,$50k–$75k,Hybrid,Yes,4.1,7.0,6.6,7.7,3.2,5.1,8.5,5.3,1.0,4.6,7.1,None,N/A,0,No access,Don't know,0,Yes,None,N/A,0
3463,33,Male,UK,E-commerce,Software Engineer,Small (51–200),4,<$50k,Remote,No,4.6,6.1,11.4,6.7,6.5,5.6,8.2,7.2,2.1,4.4,6.4,None,N/A,0,Easy,Don't know,0,No,None,N/A,0
3464,39,Non-binary,France,FinTech,CTO/VP Engineering,Large (1 001–5 000),2,$100k–$150k,In-person,No,5.2,5.2,1.9,7.1,4.2,5.8,7.6,5.5,2.6,3.9,10.0,None,N/A,1,Difficult,Yes,1,No,None,N/A,0
3465,33,Female,South Africa,Big Tech,Backend Developer,Large (1 001–5 000),0,>$200k,Hybrid,Yes,6.5,5.6,0.0,5.2,7.5,7.8,7.6,4.7,3.6,6.3,5.0,None,N/A,0,Moderate,Don't know,0,Yes,None,N/A,0
3466,21,Male,Sweden,E-commerce,Cloud Architect,Large (1 001–5 000),0,$100k–$150k,Hybrid,Yes,7.8,7.0,0.0,7.4,6.8,4.8,6.9,6.7,1.7,7.7,5.1,None,N/A,0,No access,No,0,Yes,None,N/A,0
3467,28,Male,Mexico,FinTech,Engineering Manager,Large (1 001–5 000),0,$100k–$150k,Hybrid,Yes,7.7,5.1,6.1,4.0,8.3,4.4,7.6,8.4,2.3,5.6,7.0,None,N/A,0,Moderate,Yes,0,Yes,None,N/A,0
3468,32,Female,USA,Consulting/Agency,Mobile Developer,Medium (201–1 000),21,$75k–$100k,In-person,Yes,3.2,8.6,1.0,6.2,8.5,8.1,10.0,7.0,4.3,2.3,6.4,None,N/A,0,Difficult,Don't know,0,Yes,None,N/A,0
3469,28,Female,USA,Government/Public sector,Full-Stack Developer,Enterprise (5 000+),0,$100k–$150k,Hybrid,No,9.4,5.4,3.8,5.4,5.2,4.9,5.5,8.8,2.9,7.2,5.1,Burnout,Self-reported,1,Difficult,Yes,1,Yes,1–2 weeks,Partially,1
3470,30,Female,Germany,AI/ML startup,Frontend Developer,Medium (201–1 000),0,$75k–$100k,Hybrid,Was already remote,10.0,4.5,2.0,5.7,6.1,4.9,5.4,6.2,3.3,7.8,5.6,Anxiety,Not sure / undiagnosed,1,Moderate,Yes,1,No,None,Partially,1
3471,31,Female,USA,HealthTech,Mobile Developer,Small (51–200),3,$100k–$150k,Remote,Was already remote,9.0,6.2,3.4,8.3,9.5,6.8,8.8,6.3,4.1,6.5,5.3,Burnout,Formally diagnosed,1,No access,No,1,No,None,Partially,1
3472,31,Female,Brazil,AI/ML startup,ML/AI Engineer,Medium (201–1 000),3,$150k–$200k,Remote,Was already remote,4.8,5.9,1.1,7.2,1.8,7.0,7.6,6.8,1.0,6.5,4.4,None,N/A,0,No access,Yes,0,Yes,None,N/A,0
3473,32,Prefer not to say,Australia,SaaS/Software,Security Engineer,Large (1 001–5 000),13,$100k–$150k,Hybrid,Yes,5.1,7.7,0.0,2.8,3.4,7.2,7.8,8.2,2.5,3.9,7.3,Anxiety,Not sure / undiagnosed,0,No access,Don't know,0,Yes,4–7 days,Yes,1
3474,24,Female,New Zealand,SaaS/Software,QA/Test Engineer,Large (1 001–5 000),0,$75k–$100k,In-person,Yes,3.2,6.3,0.7,8.1,7.9,5.6,9.1,6.8,2.2,6.3,5.3,Burnout,Self-reported,0,Easy,No,0,Yes,None,No,1
3475,26,Male,USA,E-commerce,ML/AI Engineer,Small (51–200),17,$150k–$200k,Remote,No,6.5,4.2,4.1,6.4,4.0,5.5,6.7,4.4,2.4,4.5,7.2,None,N/A,0,Moderate,No,0,Yes,None,N/A,0
3476,22,Female,Canada,E-commerce,Data Analyst,Startup (1–50),1,$75k–$100k,Remote,No,6.5,5.9,2.9,8.1,9.1,6.8,7.8,10.0,1.0,5.4,5.1,None,N/A,0,Easy,Yes,0,Yes,None,N/A,0
3477,39,Male,Canada,E-commerce,DevOps/SRE,Small (51–200),19,$100k–$150k,Remote,Yes,5.3,5.0,6.3,6.7,4.2,8.0,6.3,9.2,3.3,5.0,6.4,Depression & Burnout,Not sure / undiagnosed,1,Difficult,Yes,1,Yes,None,Partially,1
3478,18,Female,USA,Consulting/Agency,Security Engineer,Enterprise (5 000+),4,>$200k,Remote,No,4.4,7.8,2.0,3.9,7.1,6.6,5.8,7.5,1.8,6.9,4.6,None,N/A,0,Difficult,Yes,0,No,None,N/A,0
3479,40,Non-binary,India,Cybersecurity,DevOps/SRE,Small (51–200),5,>$200k,Remote,Yes,6.4,7.6,2.4,9.1,6.4,5.5,5.5,5.2,2.3,4.8,7.9,None,N/A,0,Difficult,Yes,0,Yes,None,N/A,0
3480,42,Female,Canada,HealthTech,ML/AI Engineer,Medium (201–1 000),2,<$50k,Remote,Was already remote,5.7,6.0,5.2,7.9,5.7,9.0,9.6,5.7,1.8,4.4,8.6,None,N/A,0,No access,Yes,0,Yes,None,N/A,0
3481,29,Female,Canada,Cybersecurity,Data Analyst,Large (1 001–5 000),5,$100k–$150k,Hybrid,Was already remote,6.7,8.1,1.9,6.6,6.7,6.5,10.0,7.6,1.5,7.7,5.2,Anxiety & Depression,Self-reported,1,Moderate,Yes,1,No,None,Yes,1
3482,18,Male,UK,FinTech,QA/Test Engineer,Enterprise (5 000+),6,$75k–$100k,Remote,Yes,8.8,5.0,16.5,4.3,6.4,5.8,4.1,5.0,4.4,8.3,3.0,Anxiety,Formally diagnosed,0,No access,No,0,No,None,Yes,1
3483,29,Male,USA,FinTech,Product Manager,Large (1 001–5 000),0,$75k–$100k,In-person,Yes,7.2,6.0,4.1,7.2,7.0,2.9,7.3,5.9,2.2,6.4,3.8,None,N/A,0,Moderate,Don't know,0,No,None,N/A,0
3484,31,Male,Germany,AI/ML startup,Cloud Architect,Enterprise (5 000+),0,$100k–$150k,In-person,Yes,6.4,5.3,3.6,7.0,8.9,5.8,8.6,5.2,3.3,7.8,6.2,Burnout,Self-reported,1,Difficult,No,0,No,None,No,1
3485,24,Female,UK,HealthTech,Full-Stack Developer,Large (1 001–5 000),23,$100k–$150k,Hybrid,Yes,6.4,4.7,5.3,4.4,7.3,4.1,6.2,6.7,4.7,6.3,3.7,None,N/A,0,Easy,Don't know,0,No,None,N/A,0
3486,28,Female,USA,AI/ML startup,Full-Stack Developer,Enterprise (5 000+),3,$150k–$200k,Remote,Yes,4.1,7.4,5.5,6.3,8.2,8.3,9.5,7.2,2.4,2.9,8.5,Anxiety & Burnout,Self-reported,1,Easy,No,0,Yes,4–7 days,No,1
3487,43,Female,USA,HealthTech,ML/AI Engineer,Small (51–200),15,<$50k,Remote,Was already remote,5.9,8.2,0.6,2.9,5.3,8.7,8.7,7.8,3.9,6.5,4.6,Burnout,Not sure / undiagnosed,1,Difficult,Yes,1,No,>2 weeks,No,1
3488,36,Male,USA,FinTech,Mobile Developer,Medium (201–1 000),7,>$200k,Remote,Was already remote,6.6,6.0,0.4,2.9,3.0,8.1,7.6,4.4,1.9,5.0,7.2,None,N/A,0,Moderate,Yes,0,No,None,N/A,0
3489,25,Male,UK,E-commerce,Full-Stack Developer,Large (1 001–5 000),2,$100k–$150k,Hybrid,No,7.7,6.2,2.5,4.3,4.1,7.2,8.4,5.4,3.1,5.8,7.2,None,N/A,0,No access,Don't know,0,Yes,None,N/A,0
3490,20,Female,USA,E-commerce,Mobile Developer,Small (51–200),0,$100k–$150k,Hybrid,Was already remote,7.2,4.9,1.4,6.5,9.2,4.4,7.1,5.2,4.1,8.0,3.5,None,N/A,0,Moderate,Yes,0,Yes,None,N/A,0
3491,29,Male,Canada,HealthTech,Security Engineer,Enterprise (5 000+),21,$100k–$150k,Remote,Yes,5.5,6.0,7.0,4.8,9.7,7.9,9.6,5.3,4.2,6.6,6.0,None,N/A,0,Difficult,No,0,Yes,None,N/A,0
3492,30,Female,Australia,Consulting/Agency,ML/AI Engineer,Medium (201–1 000),4,>$200k,Hybrid,No,8.5,4.3,0.2,8.4,3.7,4.6,7.0,6.6,1.8,5.9,4.6,Depression & Burnout,Not sure / undiagnosed,0,Difficult,Don't know,0,No,None,Yes,1
3493,35,Female,India,Cybersecurity,DevOps/SRE,Medium (201–1 000),1,>$200k,Remote,No,2.5,9.0,2.1,5.0,4.3,9.2,10.0,5.4,1.5,4.5,8.1,None,N/A,0,Easy,No,0,Yes,None,N/A,0
3494,27,Female,Sweden,Gaming,Software Engineer,Small (51–200),6,$100k–$150k,Remote,Was already remote,7.0,5.0,0.1,5.7,5.3,6.5,9.7,4.3,1.0,5.4,7.6,Anxiety & Depression,Self-reported,0,Easy,Yes,0,No,None,No,1
3495,35,Male,Canada,Cybersecurity,Product Manager,Medium (201–1 000),0,$100k–$150k,In-person,Yes,4.3,7.0,14.2,8.5,5.9,5.5,8.0,6.8,3.8,3.0,9.6,None,N/A,0,Easy,No,0,Yes,None,N/A,0
3496,46,Female,Germany,Big Tech,Security Engineer,Startup (1–50),11,$100k–$150k,In-person,Was already remote,8.8,7.7,0.0,5.5,8.5,4.0,5.5,2.5,3.3,7.2,4.9,Depression & Burnout,Formally diagnosed,1,Moderate,Don't know,0,Yes,None,Partially,1
3497,38,Male,Sweden,Gaming,Full-Stack Developer,Startup (1–50),0,$75k–$100k,Hybrid,Was already remote,7.8,6.3,13.5,6.4,7.8,6.0,7.1,5.5,1.0,5.7,6.6,Anxiety,Self-reported,0,Easy,No,0,No,1–2 weeks,No,1
3498,31,Prefer not to say,Canada,E-commerce,CTO/VP Engineering,Enterprise (5 000+),1,$50k–$75k,Remote,No,3.4,7.0,4.8,8.3,3.6,6.6,7.4,8.4,1.5,4.6,6.6,None,N/A,0,Difficult,Don't know,0,Yes,None,N/A,0
3499,30,Male,Australia,AI/ML startup,Data Scientist,Enterprise (5 000+),0,$75k–$100k,Hybrid,Yes,4.2,7.3,0.6,10.0,3.5,4.2,5.7,8.9,1.3,5.9,6.1,None,N/A,0,Difficult,Yes,0,No,None,N/A,0
3500,29,Male,Canada,Gaming,DevOps/SRE,Startup (1–50),0,$100k–$150k,In-person,Was already remote,2.9,5.9,1.2,8.1,3.1,7.8,6.6,7.6,4.1,3.9,6.9,None,N/A,0,Difficult,Yes,0,No,None,N/A,0
3501,40,Female,UK,E-commerce,Data Analyst,Medium (201–1 000),4,<$50k,Remote,Yes,7.4,4.3,0.7,7.3,4.2,5.6,8.4,5.8,5.4,5.8,4.9,ADHD,Not sure / undiagnosed,0,Easy,Yes,0,No,None,No,1
3502,27,Male,Netherlands,Gaming,Data Scientist,Medium (201–1 000),6,$100k–$150k,Hybrid,Yes,6.8,6.7,0.5,10.0,3.2,7.6,6.5,7.7,3.4,5.5,4.7,None,N/A,0,Difficult,Yes,0,No,None,N/A,0
3503,32,Female,USA,E-commerce,Engineering Manager,Medium (201–1 000),8,$75k–$100k,Hybrid,Yes,7.6,6.4,11.9,3.9,7.5,6.8,4.5,10.0,4.3,5.6,4.9,None,N/A,0,Moderate,Don't know,0,Yes,None,N/A,0
3504,32,Female,UK,Big Tech,Backend Developer,Medium (201–1 000),6,$100k–$150k,Remote,No,1.2,8.0,4.4,10.0,3.3,8.5,9.1,7.1,1.0,3.1,6.8,None,N/A,0,Difficult,No,0,Yes,None,N/A,0
3505,28,Female,USA,Big Tech,Full-Stack Developer,Medium (201–1 000),2,$150k–$200k,In-person,Was already remote,4.5,4.1,0.4,6.8,6.4,7.9,7.1,8.0,3.3,6.7,7.0,Anxiety,Self-reported,1,Difficult,Yes,0,No,4–7 days,Partially,1
3506,21,Prefer not to say,UK,SaaS/Software,ML/AI Engineer,Medium (201–1 000),4,<$50k,Hybrid,No,7.3,4.8,2.0,7.2,3.2,4.8,5.5,10.0,2.9,7.5,3.8,Depression,Self-reported,1,Moderate,Yes,1,Yes,4–7 days,Yes,1
3507,34,Male,USA,HealthTech,Mobile Developer,Large (1 001–5 000),14,$150k–$200k,Hybrid,Yes,8.3,6.2,7.0,4.3,10.0,6.4,6.1,7.6,4.6,5.7,5.9,Anxiety & Depression,Not sure / undiagnosed,0,No access,Don't know,0,Yes,4–7 days,Yes,1
3508,31,Female,Germany,E-commerce,CTO/VP Engineering,Medium (201–1 000),2,$100k–$150k,Remote,Was already remote,5.4,6.5,1.8,4.0,6.9,6.9,9.7,5.2,3.8,7.2,6.5,None,N/A,0,Moderate,No,0,No,None,N/A,0
3509,35,Male,Sweden,FinTech,Full-Stack Developer,Small (51–200),1,$50k–$75k,In-person,No,6.5,7.5,3.4,5.5,7.7,2.5,8.2,3.2,4.0,4.3,7.3,None,N/A,0,Moderate,Yes,0,Yes,None,N/A,0
3510,27,Male,Sweden,Gaming,QA/Test Engineer,Medium (201–1 000),4,$150k–$200k,Hybrid,Was already remote,7.4,6.6,4.5,6.3,5.2,4.9,6.7,7.8,3.8,4.8,6.8,None,N/A,0,Moderate,No,0,No,None,N/A,0
3511,41,Female,UK,Big Tech,QA/Test Engineer,Large (1 001–5 000),1,$100k–$150k,Remote,Was already remote,8.8,7.3,0.0,6.4,7.3,4.4,7.0,5.0,3.2,7.0,3.7,None,N/A,1,Moderate,Don't know,0,No,None,N/A,0
3512,25,Male,Italy,FinTech,Frontend Developer,Large (1 001–5 000),1,$100k–$150k,In-person,Yes,3.2,8.4,7.3,6.9,5.1,5.3,10.0,7.3,3.0,4.7,6.0,Anxiety & Burnout,Self-reported,0,Easy,No,0,No,4–7 days,No,1
3513,44,Female,India,Consulting/Agency,Security Engineer,Large (1 001–5 000),8,$100k–$150k,In-person,Yes,5.6,7.3,1.9,5.3,9.4,4.2,8.5,4.4,4.0,6.4,4.7,Anxiety,Self-reported,1,Difficult,Yes,1,No,None,No,1
3514,18,Male,UK,AI/ML startup,Product Manager,Large (1 001–5 000),12,>$200k,Hybrid,Yes,3.3,7.1,0.7,7.3,3.8,4.0,9.5,5.6,2.3,7.0,6.8,Anxiety,Self-reported,0,Moderate,No,0,No,1–3 days,No,1
3515,35,Female,Brazil,Cybersecurity,QA/Test Engineer,Small (51–200),3,>$200k,Hybrid,No,6.8,6.8,6.9,3.4,5.8,6.2,6.9,7.9,4.4,6.1,3.3,Depression,Self-reported,1,Moderate,Don't know,0,No,1–2 weeks,No,1
3516,35,Prefer not to say,France,Big Tech,Cloud Architect,Medium (201–1 000),8,>$200k,Remote,Was already remote,3.4,7.6,3.4,9.1,5.4,6.4,10.0,2.8,3.1,4.2,7.7,Anxiety,Formally diagnosed,1,Moderate,No,0,No,4–7 days,Partially,1
3517,26,Male,France,FinTech,Software Engineer,Large (1 001–5 000),1,$150k–$200k,Remote,Yes,6.0,7.9,0.5,5.3,3.2,6.3,7.5,10.0,1.8,4.1,5.9,Anxiety & Burnout,Self-reported,1,Moderate,No,1,Yes,None,No,1
3518,35,Female,USA,Gaming,ML/AI Engineer,Large (1 001–5 000),4,<$50k,Hybrid,Yes,6.2,6.1,1.0,6.7,7.9,6.7,8.3,4.1,2.8,6.6,4.3,Depression & Burnout,Self-reported,1,Moderate,Don't know,0,Yes,1–3 days,No,1
3519,41,Female,Canada,E-commerce,Security Engineer,Medium (201–1 000),5,$75k–$100k,Hybrid,No,4.5,7.4,3.1,5.7,4.0,6.2,7.4,5.5,3.9,3.3,6.2,None,N/A,0,Difficult,Yes,0,No,None,N/A,0
3520,18,Male,Japan,Big Tech,Full-Stack Developer,Medium (201–1 000),3,>$200k,Remote,No,7.8,4.6,0.9,6.4,2.6,7.0,8.0,6.0,1.0,3.1,8.5,Anxiety,Formally diagnosed,0,Easy,Yes,0,Yes,None,No,1
3521,35,Male,Canada,SaaS/Software,Security Engineer,Large (1 001–5 000),0,$150k–$200k,In-person,No,6.4,6.1,0.5,6.9,7.2,5.8,9.1,6.0,5.2,6.0,6.7,None,N/A,0,Moderate,Yes,0,Yes,None,N/A,0
3522,18,Female,Australia,HealthTech,Product Manager,Small (51–200),7,$100k–$150k,Hybrid,No,6.1,6.8,2.0,10.0,2.9,5.3,8.4,5.0,2.8,6.2,5.7,None,N/A,0,Difficult,Yes,0,No,None,N/A,0
3523,24,Male,India,Government/Public sector,Product Manager,Startup (1–50),10,$150k–$200k,Remote,Yes,4.8,7.3,0.8,3.0,7.2,7.2,9.7,9.4,3.3,7.1,4.8,None,N/A,1,Difficult,Yes,1,No,None,N/A,0
3524,44,Male,Brazil,Big Tech,Backend Developer,Medium (201–1 000),5,$50k–$75k,Remote,Was already remote,5.6,7.3,0.8,4.7,8.0,7.7,9.5,5.4,4.6,4.6,7.2,None,N/A,0,Easy,No,0,Yes,None,N/A,0
3525,27,Female,USA,Gaming,Cloud Architect,Small (51–200),1,$100k–$150k,Hybrid,No,4.4,6.1,6.3,4.0,3.7,6.1,9.9,8.4,1.2,6.8,4.9,Anxiety,Not sure / undiagnosed,1,Moderate,Yes,1,Yes,1–2 weeks,No,1
3526,23,Male,Germany,E-commerce,Cloud Architect,Medium (201–1 000),0,$100k–$150k,Hybrid,No,5.4,6.8,0.8,7.0,7.3,6.9,7.9,4.7,5.3,4.9,7.8,None,N/A,1,Difficult,Yes,1,No,None,N/A,0
3527,30,Non-binary,USA,Cybersecurity,Mobile Developer,Small (51–200),1,$100k–$150k,Hybrid,Yes,6.0,6.0,3.9,7.1,3.8,7.1,8.7,3.8,2.4,6.9,6.1,None,N/A,0,Moderate,Don't know,0,No,None,N/A,0
3528,47,Female,Australia,Gaming,Data Scientist,Large (1 001–5 000),0,$150k–$200k,In-person,No,10.0,7.7,0.0,9.0,5.1,3.4,5.5,7.9,3.0,7.7,3.8,None,N/A,0,Moderate,Don't know,0,Yes,None,N/A,0
3529,18,Female,France,HealthTech,Mobile Developer,Small (51–200),10,>$200k,Hybrid,No,5.9,5.0,0.6,6.5,5.9,6.9,8.0,8.7,1.9,7.3,5.8,None,N/A,0,Easy,Yes,0,Yes,None,N/A,0
3530,24,Male,USA,Gaming,Frontend Developer,Large (1 001–5 000),6,$75k–$100k,Remote,Yes,4.7,9.2,1.1,8.8,3.4,6.3,7.6,6.7,6.6,6.1,5.3,None,N/A,0,Moderate,Yes,0,Yes,None,N/A,0
3531,43,Male,Australia,E-commerce,Full-Stack Developer,Large (1 001–5 000),4,$150k–$200k,In-person,Was already remote,3.7,7.8,2.6,8.5,3.5,7.1,6.7,10.0,4.6,3.8,6.1,None,N/A,0,Moderate,Yes,0,Yes,None,N/A,0
3532,45,Male,UK,SaaS/Software,Frontend Developer,Medium (201–1 000),12,$100k–$150k,In-person,Yes,7.2,3.4,0.0,6.2,8.2,3.4,8.3,6.1,4.8,10.0,5.3,Burnout,Not sure / undiagnosed,1,Moderate,No,0,Yes,4–7 days,Partially,1
3533,31,Non-binary,USA,SaaS/Software,Security Engineer,Startup (1–50),0,$100k–$150k,Remote,Yes,4.1,6.4,0.6,5.1,1.6,7.4,7.5,6.9,2.7,6.3,5.2,Anxiety & Depression,Formally diagnosed,0,Easy,Yes,0,No,None,Partially,1
3534,22,Male,UK,AI/ML startup,Product Manager,Large (1 001–5 000),6,$100k–$150k,In-person,Yes,6.7,6.7,4.5,6.1,5.2,5.4,8.3,5.4,1.0,5.5,7.5,None,N/A,0,Difficult,Yes,0,No,None,N/A,0
3535,47,Male,USA,E-commerce,Mobile Developer,Startup (1–50),0,>$200k,Remote,Yes,8.5,6.0,0.0,5.1,6.4,6.5,7.9,5.6,5.3,5.9,4.0,Burnout,Formally diagnosed,0,Difficult,Yes,0,No,None,No,1
3536,43,Male,UK,SaaS/Software,QA/Test Engineer,Startup (1–50),0,$100k–$150k,In-person,Yes,7.4,4.5,1.0,6.5,6.9,4.9,6.8,8.6,1.0,7.3,2.8,Anxiety,Formally diagnosed,0,No access,Don't know,0,No,None,No,1
3537,37,Male,UK,Cybersecurity,DevOps/SRE,Small (51–200),0,$50k–$75k,In-person,Yes,4.3,5.7,2.0,4.9,8.7,5.5,10.0,9.4,1.0,5.1,5.8,None,N/A,0,Difficult,Don't know,0,No,None,N/A,0
3538,25,Male,France,SaaS/Software,Engineering Manager,Small (51–200),16,$100k–$150k,Hybrid,No,6.4,6.6,7.4,7.1,7.4,4.1,7.0,8.4,3.5,6.5,4.0,Depression,Formally diagnosed,0,Easy,Yes,0,No,1–2 weeks,Yes,1
3539,31,Female,Netherlands,Big Tech,Security Engineer,Large (1 001–5 000),3,$50k–$75k,Hybrid,No,8.3,4.5,4.3,3.3,6.4,4.8,6.1,5.0,4.1,7.4,6.2,None,N/A,0,Moderate,Don't know,0,No,None,N/A,0
3540,30,Male,India,Consulting/Agency,Frontend Developer,Large (1 001–5 000),0,$75k–$100k,Remote,Yes,6.6,7.4,2.1,7.1,5.6,5.4,6.9,5.8,3.4,5.4,5.5,Anxiety & Burnout,Formally diagnosed,0,Easy,Yes,0,Yes,1–3 days,Yes,1
3541,34,Male,USA,HealthTech,Software Engineer,Medium (201–1 000),4,$75k–$100k,Hybrid,Yes,5.6,6.4,2.1,7.7,5.1,7.3,7.5,3.6,1.2,5.1,7.1,Burnout,Formally diagnosed,1,No access,Yes,1,Yes,4–7 days,No,1
3542,42,Male,Mexico,AI/ML startup,DevOps/SRE,Enterprise (5 000+),1,$100k–$150k,Hybrid,No,7.6,6.9,2.2,7.5,5.3,6.2,6.6,9.4,4.3,7.0,5.4,Anxiety,Formally diagnosed,0,Moderate,Yes,0,Yes,None,Yes,1
3543,38,Female,Australia,Gaming,ML/AI Engineer,Small (51–200),0,$75k–$100k,Remote,No,6.9,5.2,1.0,1.5,5.4,3.5,7.1,8.9,3.0,7.4,7.0,None,N/A,0,Difficult,Yes,0,No,None,N/A,0
3544,23,Female,USA,HealthTech,Mobile Developer,Large (1 001–5 000),7,$50k–$75k,Hybrid,Was already remote,6.2,5.0,3.9,6.8,6.7,8.4,10.0,7.3,1.0,6.3,4.7,None,N/A,0,Easy,Yes,0,Yes,None,N/A,0
3545,42,Male,Brazil,Gaming,DevOps/SRE,Large (1 001–5 000),0,$150k–$200k,In-person,No,7.2,7.4,3.4,7.2,5.0,5.9,5.9,7.7,5.4,4.4,5.3,Anxiety,Formally diagnosed,0,Difficult,Yes,0,Yes,4–7 days,No,1
3546,34,Female,USA,Government/Public sector,Software Engineer,Large (1 001–5 000),15,$100k–$150k,Hybrid,No,6.5,6.4,2.6,10.0,7.5,5.3,9.4,7.6,1.0,6.8,6.9,Burnout,Formally diagnosed,1,Easy,Yes,1,No,None,Partially,1
3547,37,Male,Germany,AI/ML startup,Security Engineer,Startup (1–50),4,$100k–$150k,Hybrid,Was already remote,5.2,4.9,0.2,6.7,6.3,7.0,8.0,4.9,3.2,4.6,8.0,None,N/A,0,Moderate,Yes,0,No,None,N/A,0
3548,42,Non-binary,Canada,AI/ML startup,Mobile Developer,Large (1 001–5 000),0,$150k–$200k,Hybrid,Yes,6.4,5.6,0.1,3.6,3.7,4.4,7.1,4.6,3.9,7.1,5.8,Anxiety & Depression,Self-reported,1,Easy,Yes,0,No,1–3 days,Yes,1
3549,23,Male,UK,Consulting/Agency,Data Scientist,Small (51–200),1,$100k–$150k,In-person,Yes,5.5,6.9,0.0,3.2,5.9,4.2,8.9,6.9,2.6,4.9,8.2,Anxiety,Not sure / undiagnosed,0,Moderate,No,0,Yes,4–7 days,No,1
3550,31,Female,Ireland,Big Tech,Security Engineer,Medium (201–1 000),5,$100k–$150k,Hybrid,No,8.1,4.5,3.6,6.0,5.8,3.2,7.7,7.7,2.0,5.7,6.5,Burnout,Not sure / undiagnosed,1,No access,Don't know,0,No,1–3 days,No,1
3551,28,Female,Canada,E-commerce,Cloud Architect,Medium (201–1 000),2,$75k–$100k,In-person,No,5.5,3.6,2.1,4.8,5.3,5.3,6.9,6.4,4.2,6.4,7.0,None,N/A,0,Moderate,No,0,Yes,None,N/A,0
3552,20,Female,USA,Gaming,Mobile Developer,Large (1 001–5 000),4,$100k–$150k,Remote,Yes,5.5,5.0,10.7,8.0,6.7,8.0,10.0,7.2,3.9,2.5,6.7,None,N/A,0,Easy,Don't know,0,Yes,None,N/A,0
3553,34,Male,Mexico,Gaming,Full-Stack Developer,Small (51–200),8,$150k–$200k,Remote,No,7.5,7.1,10.0,9.5,2.6,6.7,5.5,8.0,3.2,5.7,5.2,None,N/A,0,Moderate,Yes,0,No,None,N/A,0
3554,50,Male,Spain,Government/Public sector,CTO/VP Engineering,Startup (1–50),8,$75k–$100k,In-person,Yes,5.6,4.8,5.4,1.8,5.1,5.6,8.4,8.2,4.5,9.4,3.4,Burnout,Formally diagnosed,0,Moderate,No,0,Yes,None,Partially,1
3555,18,Female,Australia,FinTech,Frontend Developer,Small (51–200),6,$100k–$150k,Hybrid,No,6.2,7.6,1.7,5.8,5.6,6.0,6.4,4.6,3.5,8.3,3.9,None,N/A,0,Moderate,Yes,0,Yes,None,N/A,0
3556,31,Male,Canada,AI/ML startup,Mobile Developer,Small (51–200),11,$100k–$150k,Hybrid,Yes,5.4,7.0,1.2,8.8,4.9,8.8,6.8,2.5,1.2,3.5,8.0,None,N/A,0,Easy,Yes,0,No,None,N/A,0
3557,36,Female,USA,AI/ML startup,QA/Test Engineer,Startup (1–50),1,$100k–$150k,Hybrid,Was already remote,4.6,6.1,0.9,8.0,6.4,8.1,9.9,4.5,2.1,4.3,7.0,Anxiety,Not sure / undiagnosed,1,Moderate,Don't know,0,No,None,Partially,1
3558,32,Female,Sweden,Consulting/Agency,Data Scientist,Enterprise (5 000+),1,$150k–$200k,Remote,Yes,5.5,8.0,0.8,4.8,5.1,5.5,7.7,7.3,2.3,7.2,6.4,Anxiety,Formally diagnosed,1,Moderate,No,0,Yes,4–7 days,Yes,1
3559,31,Female,USA,Consulting/Agency,Software Engineer,Small (51–200),8,$75k–$100k,Hybrid,Was already remote,4.9,5.3,16.3,7.1,5.1,4.4,9.3,2.7,3.8,7.3,5.5,Anxiety,Formally diagnosed,0,Easy,No,0,No,4–7 days,No,1
3560,22,Male,USA,E-commerce,Data Scientist,Small (51–200),2,$150k–$200k,Hybrid,Yes,10.0,5.0,1.2,8.7,5.7,4.6,4.9,6.7,4.5,7.7,6.0,Depression,Formally diagnosed,0,Difficult,Yes,0,Yes,None,No,1
3561,33,Female,Germany,Gaming,Frontend Developer,Large (1 001–5 000),3,$100k–$150k,Remote,Was already remote,5.5,6.6,0.0,6.5,4.1,6.2,5.4,8.1,5.1,5.5,5.2,None,N/A,0,Difficult,Yes,0,No,None,N/A,0
3562,26,Female,USA,AI/ML startup,Data Scientist,Large (1 001–5 000),7,$75k–$100k,Remote,Was already remote,5.1,6.3,0.1,7.6,3.5,8.2,8.9,6.5,4.1,4.7,7.0,None,N/A,0,Easy,Don't know,0,No,None,N/A,0
3563,18,Female,USA,Government/Public sector,ML/AI Engineer,Large (1 001–5 000),2,$100k–$150k,Remote,Yes,7.6,6.3,1.4,8.8,9.7,5.0,7.8,7.7,2.6,6.4,5.2,Depression,Formally diagnosed,0,No access,Yes,0,Yes,None,Yes,1
3564,40,Male,UK,AI/ML startup,Backend Developer,Large (1 001–5 000),0,$150k–$200k,Hybrid,Yes,7.5,6.9,1.4,6.3,4.9,7.1,6.4,5.5,2.9,5.7,6.6,Anxiety,Not sure / undiagnosed,1,Difficult,Yes,1,Yes,1–3 days,No,1
3565,39,Male,USA,Government/Public sector,Frontend Developer,Startup (1–50),6,$75k–$100k,Hybrid,No,4.4,6.3,2.0,6.6,5.6,6.9,9.1,7.0,1.0,5.4,7.3,None,N/A,0,Difficult,Yes,0,Yes,None,N/A,0
3566,32,Male,USA,Big Tech,Security Engineer,Large (1 001–5 000),9,$150k–$200k,Hybrid,Yes,6.4,8.1,5.7,8.4,8.2,4.6,7.0,6.3,1.0,3.7,8.2,None,N/A,1,Difficult,Yes,0,No,None,N/A,0
3567,33,Male,USA,Big Tech,Cloud Architect,Medium (201–1 000),0,$75k–$100k,In-person,Was already remote,5.5,5.6,4.1,7.8,6.5,3.8,10.0,5.0,3.4,5.0,8.0,None,N/A,0,No access,No,0,No,None,N/A,0
3568,40,Female,USA,FinTech,Cloud Architect,Large (1 001–5 000),4,$150k–$200k,Remote,Yes,6.5,6.1,0.0,9.0,4.4,6.5,9.3,4.3,2.0,5.5,6.3,None,N/A,0,Easy,Don't know,0,No,None,N/A,0
3569,33,Non-binary,France,Consulting/Agency,Engineering Manager,Enterprise (5 000+),3,<$50k,Hybrid,Yes,5.5,7.2,1.4,8.2,2.2,5.3,7.2,3.7,1.0,7.9,3.9,None,N/A,0,Easy,Yes,0,No,None,N/A,0
3570,38,Male,Sweden,E-commerce,Cloud Architect,Large (1 001–5 000),1,<$50k,Remote,Yes,2.3,7.2,3.9,9.7,2.9,8.9,9.3,8.2,1.0,3.4,6.7,None,N/A,1,No access,Yes,1,No,None,N/A,0
3571,29,Female,Canada,SaaS/Software,Full-Stack Developer,Large (1 001–5 000),0,$50k–$75k,In-person,Yes,7.0,4.8,1.1,5.3,3.9,4.7,9.9,7.2,1.9,7.2,6.1,Burnout,Self-reported,1,Moderate,Yes,0,Yes,None,No,1
3572,41,Male,Canada,SaaS/Software,Security Engineer,Small (51–200),1,$150k–$200k,Remote,No,6.8,6.3,0.3,7.0,4.9,2.1,8.1,4.8,3.0,8.4,4.5,Anxiety & Burnout,Formally diagnosed,0,Moderate,Don't know,0,Yes,1–3 days,Partially,1
3573,34,Male,USA,Gaming,DevOps/SRE,Medium (201–1 000),7,$100k–$150k,Hybrid,No,3.8,6.0,3.8,6.1,7.1,6.6,9.2,4.5,1.0,5.3,5.2,None,N/A,0,No access,Yes,0,Yes,None,N/A,0
3574,33,Male,USA,AI/ML startup,Frontend Developer,Enterprise (5 000+),4,$100k–$150k,Remote,No,7.8,8.1,2.4,3.2,4.1,3.6,7.9,6.5,2.9,6.5,7.8,None,N/A,0,Moderate,Yes,0,Yes,None,N/A,0
3575,22,Male,USA,Gaming,Software Engineer,Medium (201–1 000),21,$150k–$200k,Remote,Was already remote,7.8,7.7,12.1,4.5,4.0,4.7,9.2,7.0,5.5,7.5,5.2,Anxiety,Self-reported,1,Easy,Don't know,1,Yes,1–2 weeks,No,1
3576,34,Non-binary,Germany,HealthTech,Cloud Architect,Startup (1–50),1,<$50k,Hybrid,Yes,8.2,6.2,2.0,8.5,8.1,3.3,5.9,5.5,4.8,8.1,5.2,ADHD,Self-reported,0,Easy,Don't know,0,Yes,None,No,1
3577,25,Male,France,AI/ML startup,Cloud Architect,Large (1 001–5 000),17,$75k–$100k,Remote,Was already remote,3.2,6.9,7.8,7.7,9.4,7.1,10.0,5.4,2.3,4.1,5.9,None,N/A,0,Moderate,No,0,No,None,N/A,0
3578,27,Female,India,SaaS/Software,Data Scientist,Startup (1–50),3,$100k–$150k,Hybrid,Yes,7.5,7.4,9.7,8.3,6.8,3.1,7.1,6.4,2.8,8.2,7.7,Anxiety & Depression,Formally diagnosed,0,Easy,Yes,0,Yes,None,No,1
3579,25,Male,UK,SaaS/Software,Frontend Developer,Large (1 001–5 000),0,$75k–$100k,Remote,Yes,4.5,8.2,2.1,6.0,5.6,5.2,9.9,6.4,1.0,7.8,5.5,None,N/A,0,No access,Yes,0,Yes,None,N/A,0
3580,24,Non-binary,USA,FinTech,CTO/VP Engineering,Enterprise (5 000+),0,<$50k,Hybrid,Yes,3.8,7.6,0.5,6.7,5.5,8.4,8.0,5.3,1.0,3.8,7.2,ADHD,Self-reported,0,Easy,Yes,0,No,1–2 weeks,Partially,1
3581,47,Male,Netherlands,SaaS/Software,Data Scientist,Medium (201–1 000),5,$100k–$150k,Hybrid,Was already remote,5.1,8.3,0.5,7.2,3.9,6.3,9.7,6.6,3.3,4.5,8.3,Anxiety & Depression,Formally diagnosed,0,Moderate,No,0,Yes,4–7 days,Partially,1
3582,41,Male,UK,Consulting/Agency,QA/Test Engineer,Medium (201–1 000),9,$75k–$100k,Hybrid,No,5.6,7.1,2.3,5.9,7.8,5.5,6.4,2.1,3.6,6.2,6.6,Anxiety & Depression,Self-reported,1,Moderate,Don't know,0,Yes,1–3 days,Yes,1
3583,46,Male,France,E-commerce,Mobile Developer,Small (51–200),7,<$50k,Hybrid,No,5.1,6.9,7.8,7.2,6.0,5.2,5.8,7.1,3.8,7.5,4.1,ADHD,Not sure / undiagnosed,1,Moderate,No,0,No,None,Yes,1
3584,22,Male,Germany,AI/ML startup,Data Analyst,Enterprise (5 000+),5,$50k–$75k,In-person,No,8.1,6.4,2.8,2.4,3.9,3.2,7.6,7.9,2.7,7.4,4.4,Depression,Formally diagnosed,1,Difficult,Yes,0,Yes,None,No,1
3585,32,Male,France,Gaming,Security Engineer,Medium (201–1 000),1,$75k–$100k,In-person,Yes,4.1,6.3,1.0,6.5,4.7,8.5,10.0,5.8,1.7,4.1,8.0,None,N/A,0,Moderate,Yes,0,No,None,N/A,0
3586,22,Female,Spain,AI/ML startup,Full-Stack Developer,Medium (201–1 000),0,$100k–$150k,Remote,Yes,7.8,7.0,3.5,5.5,7.8,5.3,7.3,9.1,3.7,6.6,6.1,Depression,Not sure / undiagnosed,0,Easy,Yes,0,No,1–2 weeks,Partially,1
3587,26,Female,Spain,AI/ML startup,Cloud Architect,Large (1 001–5 000),0,$50k–$75k,Remote,Yes,5.2,6.5,7.8,7.4,4.3,4.0,10.0,5.2,1.5,6.4,3.1,None,N/A,0,Easy,Yes,0,Yes,None,N/A,0
3588,25,Female,Germany,SaaS/Software,Product Manager,Small (51–200),0,$75k–$100k,Hybrid,Yes,6.2,6.9,0.0,9.7,4.6,4.5,7.2,6.7,3.6,5.7,5.4,Other,Self-reported,0,Moderate,Yes,0,Yes,1–2 weeks,Partially,1
3589,41,Female,Germany,SaaS/Software,Data Analyst,Medium (201–1 000),7,$150k–$200k,Remote,No,5.5,6.4,0.8,7.5,10.0,8.2,9.9,4.7,1.3,6.4,4.9,None,N/A,0,Easy,No,0,No,None,N/A,0
3590,29,Male,USA,HealthTech,Frontend Developer,Large (1 001–5 000),12,$150k–$200k,In-person,No,4.5,7.4,0.7,7.6,4.2,7.7,7.0,6.5,2.6,5.3,6.7,Anxiety,Not sure / undiagnosed,0,Moderate,Yes,0,No,1–2 weeks,Partially,1
3591,40,Male,Mexico,Government/Public sector,Mobile Developer,Enterprise (5 000+),1,$150k–$200k,In-person,Yes,4.5,7.2,5.5,10.0,6.5,3.2,8.7,6.0,2.7,5.5,6.3,None,N/A,0,No access,Yes,0,Yes,None,N/A,0
3592,36,Prefer not to say,Canada,FinTech,Software Engineer,Startup (1–50),8,$100k–$150k,Hybrid,Yes,3.6,8.2,8.2,5.8,5.2,5.4,10.0,4.3,2.2,3.5,6.9,Anxiety & Depression,Formally diagnosed,1,Difficult,Yes,0,No,>2 weeks,No,1
3593,49,Female,USA,AI/ML startup,Backend Developer,Startup (1–50),1,$100k–$150k,Remote,Yes,3.5,6.5,3.3,4.8,10.0,5.4,10.0,7.3,1.5,4.8,7.6,Anxiety,Not sure / undiagnosed,1,No access,Don't know,0,No,1–2 weeks,Yes,1
3594,20,Female,Canada,HealthTech,Full-Stack Developer,Medium (201–1 000),1,$100k–$150k,Hybrid,No,5.7,6.0,6.4,3.8,8.3,3.6,7.0,7.1,3.1,7.2,3.0,None,N/A,0,Moderate,Don't know,0,No,None,N/A,0
3595,41,Female,USA,AI/ML startup,CTO/VP Engineering,Large (1 001–5 000),1,>$200k,Remote,No,8.5,6.8,2.8,9.3,6.5,6.5,4.6,6.1,4.9,6.3,5.1,None,N/A,0,Difficult,Yes,0,No,None,N/A,0
3596,40,Male,Canada,Consulting/Agency,Mobile Developer,Medium (201–1 000),0,$150k–$200k,Hybrid,No,4.0,8.9,4.0,8.6,4.1,6.8,8.8,4.5,2.2,3.9,6.3,None,N/A,0,Easy,Yes,0,Yes,None,N/A,0
3597,24,Male,Germany,SaaS/Software,Product Manager,Enterprise (5 000+),1,$100k–$150k,Hybrid,No,6.3,6.2,2.7,3.7,4.1,5.4,8.8,7.8,2.0,7.1,3.6,Burnout,Formally diagnosed,0,Easy,Don't know,0,No,None,Partially,1
3598,39,Male,UK,HealthTech,QA/Test Engineer,Small (51–200),2,$100k–$150k,Remote,Yes,5.7,7.3,0.0,8.5,9.2,6.0,5.8,7.0,1.0,5.6,5.6,None,N/A,0,Easy,Yes,0,No,None,N/A,0
3599,34,Male,USA,Cybersecurity,Mobile Developer,Startup (1–50),2,$150k–$200k,Hybrid,Was already remote,8.3,5.1,8.7,7.4,3.1,5.9,7.9,10.0,5.0,4.2,6.1,None,N/A,0,Moderate,Yes,0,No,None,N/A,0
3600,30,Male,Mexico,Consulting/Agency,Cloud Architect,Small (51–200),2,<$50k,Hybrid,Was already remote,6.9,5.9,1.0,3.8,6.9,6.2,10.0,4.4,4.5,8.5,5.0,None,N/A,0,Easy,No,0,Yes,None,N/A,0
3601,25,Male,Netherlands,Gaming,Backend Developer,Enterprise (5 000+),3,>$200k,Hybrid,Yes,4.8,6.9,5.7,7.2,6.9,6.6,5.8,6.6,1.0,4.2,8.9,Depression & Burnout,Not sure / undiagnosed,1,Easy,No,0,No,None,No,1
3602,26,Female,Brazil,HealthTech,DevOps/SRE,Startup (1–50),2,$100k–$150k,In-person,No,3.9,7.4,6.1,6.8,10.0,6.4,4.8,10.0,1.8,4.6,5.6,None,N/A,0,No access,Yes,0,No,None,N/A,0
3603,47,Female,UK,Big Tech,Data Scientist,Medium (201–1 000),19,$100k–$150k,Remote,Was already remote,2.5,7.6,12.5,6.4,2.8,10.0,6.8,8.1,1.0,3.7,7.5,None,N/A,0,Easy,No,0,Yes,None,N/A,0
3604,32,Female,Netherlands,Gaming,CTO/VP Engineering,Medium (201–1 000),9,$75k–$100k,Hybrid,Yes,4.6,6.6,1.5,3.8,6.9,4.4,10.0,6.8,5.2,7.6,5.7,None,N/A,0,Easy,Yes,0,No,None,N/A,0
3605,37,Non-binary,Canada,Cybersecurity,Data Analyst,Large (1 001–5 000),14,<$50k,Hybrid,Was already remote,9.9,4.1,19.5,10.0,7.0,3.1,5.2,4.6,3.1,8.6,3.8,Burnout,Formally diagnosed,0,Easy,Yes,0,Yes,1–2 weeks,No,1
3606,26,Male,USA,FinTech,Backend Developer,Startup (1–50),4,<$50k,Remote,Yes,4.9,5.4,1.3,4.2,6.9,8.0,7.1,7.9,3.4,2.9,6.0,Other,Self-reported,1,Easy,Don't know,0,No,1–2 weeks,Partially,1
3607,26,Male,USA,E-commerce,Data Scientist,Large (1 001–5 000),6,$75k–$100k,Hybrid,No,2.6,8.8,2.8,4.6,6.5,8.3,8.3,5.7,4.7,4.9,6.3,Anxiety,Self-reported,0,Easy,Don't know,0,No,None,No,1
3608,40,Female,UK,SaaS/Software,Product Manager,Medium (201–1 000),1,$100k–$150k,Hybrid,Yes,3.0,6.8,4.8,3.9,8.9,10.0,9.8,5.7,1.8,4.6,9.3,Depression,Formally diagnosed,0,Easy,Yes,0,Yes,None,Partially,1
3609,21,Male,USA,E-commerce,CTO/VP Engineering,Enterprise (5 000+),7,$50k–$75k,Remote,Yes,8.9,5.9,0.0,9.0,6.0,4.5,8.2,9.6,2.1,9.5,2.5,None,N/A,0,Difficult,No,0,No,None,N/A,0
3610,28,Male,Argentina,SaaS/Software,Mobile Developer,Large (1 001–5 000),1,>$200k,Remote,Was already remote,5.2,7.0,1.0,4.3,4.5,7.8,9.9,8.7,1.9,5.4,7.1,None,N/A,0,Easy,Don't know,0,Yes,None,N/A,0
3611,32,Male,USA,E-commerce,QA/Test Engineer,Medium (201–1 000),0,$75k–$100k,In-person,Yes,6.7,9.0,4.1,5.7,2.9,4.8,8.9,6.8,2.0,6.2,7.6,None,N/A,0,Easy,Yes,0,No,None,N/A,0
3612,32,Male,Canada,FinTech,Product Manager,Enterprise (5 000+),0,$75k–$100k,Hybrid,Yes,6.6,6.2,12.4,7.3,5.6,6.7,7.2,6.0,3.7,7.1,5.7,None,N/A,0,No access,No,0,No,None,N/A,0
3613,30,Male,Canada,Cybersecurity,QA/Test Engineer,Startup (1–50),3,$100k–$150k,Remote,No,4.9,7.9,4.7,2.4,4.9,3.9,8.2,3.2,2.7,7.2,5.2,Anxiety,Not sure / undiagnosed,1,Easy,No,0,No,4–7 days,Yes,1
3614,34,Male,USA,Cybersecurity,QA/Test Engineer,Large (1 001–5 000),1,<$50k,In-person,Was already remote,5.1,5.7,6.9,4.7,7.8,5.4,6.6,7.3,2.1,5.4,7.9,None,N/A,0,Easy,Yes,0,No,None,N/A,0
3615,37,Male,Germany,Big Tech,ML/AI Engineer,Medium (201–1 000),23,$150k–$200k,Hybrid,Yes,4.3,6.4,0.3,5.0,3.2,6.2,10.0,6.5,2.9,3.1,7.8,Anxiety & Burnout,Self-reported,1,Moderate,No,0,Yes,1–3 days,Yes,1
3616,37,Female,USA,Consulting/Agency,Cloud Architect,Medium (201–1 000),1,$100k–$150k,Remote,Yes,2.7,7.8,3.7,8.5,10.0,6.1,10.0,7.6,1.6,5.2,7.8,Anxiety,Self-reported,0,Difficult,No,0,No,4–7 days,Partially,1
3617,24,Male,Sweden,Big Tech,Cloud Architect,Small (51–200),11,$50k–$75k,In-person,No,7.8,6.9,7.8,6.1,5.9,5.1,7.1,1.7,5.3,6.4,4.2,ADHD,Self-reported,0,No access,Yes,0,Yes,None,Partially,1
3618,29,Male,UK,SaaS/Software,ML/AI Engineer,Medium (201–1 000),2,$50k–$75k,Remote,Was already remote,7.4,6.7,3.3,5.6,8.0,4.6,5.4,4.6,3.4,8.2,3.9,None,N/A,0,Easy,Yes,0,No,None,N/A,0
3619,40,Male,India,HealthTech,Full-Stack Developer,Startup (1–50),7,$75k–$100k,In-person,Yes,6.0,6.6,3.7,8.4,7.8,5.4,4.4,5.4,2.0,5.6,6.7,None,N/A,0,Moderate,No,0,No,None,N/A,0
3620,38,Male,France,Cybersecurity,ML/AI Engineer,Large (1 001–5 000),5,$100k–$150k,In-person,Yes,6.1,6.5,0.5,5.5,4.0,4.7,5.9,6.6,4.3,7.4,6.8,Depression,Self-reported,0,Easy,No,0,Yes,None,No,1
3621,21,Female,Ireland,SaaS/Software,ML/AI Engineer,Small (51–200),4,$75k–$100k,Remote,Yes,7.8,7.6,6.1,8.9,5.8,5.2,7.7,6.4,7.1,5.1,6.9,None,N/A,0,No access,Yes,0,Yes,None,N/A,0
3622,34,Female,Brazil,Big Tech,Cloud Architect,Large (1 001–5 000),2,$100k–$150k,Hybrid,Yes,1.9,9.1,7.9,10.0,8.5,7.5,8.6,5.4,1.0,4.5,7.0,None,N/A,0,Moderate,Yes,0,No,None,N/A,0
3623,18,Female,India,Cybersecurity,Engineering Manager,Large (1 001–5 000),6,$100k–$150k,In-person,Yes,6.9,6.3,2.8,8.8,7.5,5.6,9.6,6.7,2.3,8.5,2.3,None,N/A,0,Easy,Yes,0,Yes,None,N/A,0
3624,32,Male,UK,SaaS/Software,Data Scientist,Large (1 001–5 000),2,$150k–$200k,Hybrid,Was already remote,7.9,6.1,1.1,10.0,6.5,4.5,5.1,9.4,5.0,6.9,3.8,None,N/A,0,Moderate,Yes,0,No,None,N/A,0
3625,46,Female,Canada,Government/Public sector,Frontend Developer,Large (1 001–5 000),4,$75k–$100k,Hybrid,Was already remote,9.4,5.5,4.9,7.6,7.0,3.6,6.2,6.9,2.6,7.2,3.4,Other,Formally diagnosed,1,Difficult,Yes,1,No,None,No,1
3626,24,Female,Netherlands,FinTech,Data Analyst,Small (51–200),4,$150k–$200k,Remote,Was already remote,7.7,5.7,1.4,6.9,4.7,5.7,7.4,7.7,3.3,6.0,4.9,Depression,Not sure / undiagnosed,1,Easy,Yes,1,Yes,1–3 days,Yes,1
3627,25,Male,Singapore,Cybersecurity,Data Analyst,Startup (1–50),1,$50k–$75k,Remote,Yes,8.9,6.8,5.0,6.4,2.5,6.1,3.3,6.5,2.5,6.5,4.7,Depression,Not sure / undiagnosed,0,Easy,Don't know,0,Yes,1–3 days,Partially,1
3628,37,Female,USA,Government/Public sector,DevOps/SRE,Medium (201–1 000),2,$100k–$150k,Remote,Yes,5.6,6.5,2.2,8.4,8.7,7.5,9.4,6.1,2.2,4.1,7.4,None,N/A,0,No access,Don't know,0,No,None,N/A,0
3629,20,Male,UK,Big Tech,Software Engineer,Enterprise (5 000+),0,$50k–$75k,Remote,Yes,6.0,6.8,2.7,4.0,4.6,5.7,7.3,5.9,4.5,4.9,5.7,Depression,Formally diagnosed,1,Difficult,Yes,0,No,None,No,1
3630,27,Female,Netherlands,Gaming,QA/Test Engineer,Medium (201–1 000),10,$75k–$100k,Hybrid,Yes,4.5,7.3,5.0,8.5,3.6,4.8,3.9,6.6,1.0,5.4,4.6,None,N/A,0,Moderate,Don't know,0,No,None,N/A,0
3631,36,Female,Canada,SaaS/Software,Product Manager,Large (1 001–5 000),7,$100k–$150k,Hybrid,Was already remote,4.9,3.4,1.1,5.7,9.3,5.7,7.7,8.6,4.8,6.6,7.1,Burnout,Self-reported,0,Easy,Yes,0,Yes,1–3 days,Yes,1
3632,27,Male,UK,Government/Public sector,Engineering Manager,Enterprise (5 000+),1,$150k–$200k,Hybrid,Was already remote,7.7,5.5,0.2,7.7,6.4,5.4,8.6,8.6,3.2,6.0,6.2,Burnout,Self-reported,0,Easy,Yes,0,No,4–7 days,No,1
3633,30,Female,UK,FinTech,Cloud Architect,Enterprise (5 000+),2,$50k–$75k,Hybrid,Was already remote,6.8,6.5,3.4,6.8,1.9,2.6,5.9,8.2,1.6,5.9,5.5,Anxiety,Formally diagnosed,1,Difficult,Don't know,0,No,None,Yes,1
3634,37,Male,India,E-commerce,Data Scientist,Medium (201–1 000),3,$50k–$75k,Remote,Yes,6.9,7.2,10.2,7.8,3.5,6.0,5.0,6.8,2.5,5.7,5.4,Burnout,Self-reported,0,No access,Don't know,0,Yes,1–3 days,No,1
3635,35,Male,Argentina,E-commerce,QA/Test Engineer,Medium (201–1 000),2,>$200k,In-person,No,3.2,8.9,2.6,7.9,6.2,4.6,6.6,7.9,1.0,3.9,5.2,None,N/A,0,Easy,Yes,0,Yes,None,N/A,0
3636,34,Prefer not to say,Canada,AI/ML startup,Software Engineer,Enterprise (5 000+),8,$75k–$100k,Remote,No,6.9,6.4,7.5,7.0,4.7,5.7,6.7,5.7,2.5,3.6,8.1,None,N/A,0,Easy,Don't know,0,No,None,N/A,0
3637,29,Non-binary,USA,FinTech,ML/AI Engineer,Large (1 001–5 000),7,$75k–$100k,Remote,Was already remote,8.5,4.4,1.6,6.9,6.7,5.1,7.8,8.6,1.0,8.3,5.6,None,N/A,0,No access,Yes,0,No,None,N/A,0
3638,34,Male,USA,AI/ML startup,DevOps/SRE,Large (1 001–5 000),8,$50k–$75k,In-person,No,6.8,7.0,12.3,5.5,5.3,4.1,7.9,8.6,1.0,5.2,6.5,None,N/A,1,Moderate,No,1,No,None,N/A,0
3639,31,Male,USA,AI/ML startup,Mobile Developer,Large (1 001–5 000),12,$100k–$150k,Remote,Yes,4.3,6.8,5.7,6.5,5.1,6.4,5.5,6.3,1.0,5.7,7.2,None,N/A,0,Difficult,Don't know,0,No,None,N/A,0
3640,35,Male,Germany,AI/ML startup,ML/AI Engineer,Large (1 001–5 000),4,$100k–$150k,In-person,Yes,5.9,8.8,6.6,4.9,6.7,6.9,6.8,5.0,2.5,6.1,6.5,Anxiety,Formally diagnosed,1,Moderate,Yes,0,Yes,1–3 days,No,1
3641,28,Male,Germany,HealthTech,CTO/VP Engineering,Medium (201–1 000),5,$50k–$75k,Remote,Was already remote,8.6,7.4,3.0,4.2,3.2,5.2,7.6,5.5,6.9,5.2,7.4,None,N/A,0,Easy,Yes,0,No,None,N/A,0
3642,30,Female,USA,Cybersecurity,Mobile Developer,Large (1 001–5 000),7,$100k–$150k,In-person,No,6.6,5.0,6.7,3.4,3.1,9.4,5.8,4.0,3.2,8.6,4.9,Anxiety,Formally diagnosed,1,Moderate,Don't know,0,No,1–3 days,No,1
3643,24,Non-binary,Australia,Cybersecurity,QA/Test Engineer,Large (1 001–5 000),6,$100k–$150k,Remote,No,8.3,5.4,2.2,7.9,7.4,4.9,6.0,5.6,2.9,4.4,4.9,Depression & Burnout,Self-reported,0,Moderate,No,0,No,None,Partially,1
3644,31,Female,France,E-commerce,Cloud Architect,Small (51–200),11,$100k–$150k,In-person,Was already remote,9.5,7.4,1.7,4.5,6.1,2.5,3.8,3.8,2.7,8.4,3.3,None,N/A,0,Moderate,Yes,0,Yes,None,N/A,0
3645,25,Male,USA,SaaS/Software,DevOps/SRE,Small (51–200),8,>$200k,Remote,No,5.7,6.8,7.1,7.5,8.5,8.0,7.7,4.7,2.8,7.6,4.4,None,N/A,0,No access,Yes,0,No,None,N/A,0
3646,23,Female,UK,Consulting/Agency,Engineering Manager,Enterprise (5 000+),0,<$50k,Remote,Yes,4.1,7.6,0.3,6.6,3.6,5.7,9.0,7.2,1.0,3.8,8.4,None,N/A,0,Easy,No,0,No,None,N/A,0
3647,33,Male,Argentina,FinTech,Software Engineer,Large (1 001–5 000),14,>$200k,Remote,Yes,5.1,6.5,2.2,4.1,6.1,6.1,10.0,5.4,5.0,7.9,4.2,Anxiety,Not sure / undiagnosed,1,Moderate,Yes,1,Yes,1–3 days,No,1
3648,33,Non-binary,UK,Consulting/Agency,Product Manager,Medium (201–1 000),6,$150k–$200k,Remote,Yes,9.5,7.8,5.9,3.3,3.9,2.2,6.3,4.3,4.2,9.2,4.5,Anxiety,Formally diagnosed,1,Easy,Don't know,0,Yes,None,No,1
3649,37,Female,Netherlands,Big Tech,Product Manager,Small (51–200),0,$75k–$100k,Remote,Yes,7.5,6.4,0.1,7.1,5.9,5.7,7.5,6.5,2.7,6.4,4.8,Anxiety,Self-reported,1,Moderate,Yes,1,No,1–2 weeks,No,1
3650,28,Female,Canada,SaaS/Software,Full-Stack Developer,Large (1 001–5 000),8,$150k–$200k,Remote,Yes,6.5,7.4,10.7,4.3,8.6,9.3,7.8,6.7,4.1,4.6,9.1,None,N/A,0,Moderate,No,0,No,None,N/A,0
3651,35,Male,Sweden,AI/ML startup,Backend Developer,Small (51–200),2,$100k–$150k,Hybrid,Yes,8.0,4.6,3.9,6.9,7.3,5.9,6.1,3.4,3.3,8.2,5.3,None,N/A,0,No access,Don't know,1,Yes,None,N/A,0
3652,36,Male,Netherlands,Government/Public sector,CTO/VP Engineering,Medium (201–1 000),9,$150k–$200k,Remote,Yes,5.2,5.4,5.0,7.4,4.7,6.5,8.3,7.3,1.0,6.2,6.2,Depression,Self-reported,0,Difficult,Yes,0,No,None,Yes,1
3653,35,Male,Australia,HealthTech,Backend Developer,Large (1 001–5 000),17,$100k–$150k,Hybrid,Yes,5.4,9.0,3.7,4.3,6.0,5.2,10.0,7.3,3.0,5.1,7.9,None,N/A,0,Easy,No,0,Yes,None,N/A,0
3654,25,Female,Japan,Government/Public sector,Product Manager,Medium (201–1 000),1,$75k–$100k,In-person,Yes,4.7,5.6,2.1,3.8,5.5,3.7,7.7,3.6,3.6,5.5,7.9,Anxiety,Self-reported,1,Moderate,Yes,1,Yes,>2 weeks,Yes,1
3655,33,Male,Mexico,Government/Public sector,Backend Developer,Enterprise (5 000+),10,$100k–$150k,In-person,Was already remote,9.9,6.4,0.8,6.0,4.2,6.9,4.2,10.0,4.2,4.8,8.2,Anxiety & Burnout,Self-reported,1,Easy,Yes,1,Yes,4–7 days,Yes,1
3656,34,Male,Germany,Consulting/Agency,Engineering Manager,Startup (1–50),8,$50k–$75k,Hybrid,Was already remote,6.4,7.5,6.0,5.8,4.6,2.9,8.4,9.8,3.6,8.4,1.5,Burnout,Formally diagnosed,1,Difficult,No,0,Yes,None,Yes,1
3657,32,Male,USA,Gaming,Data Analyst,Small (51–200),6,$50k–$75k,Hybrid,No,5.8,6.9,0.3,5.0,4.3,7.1,6.0,9.0,4.3,4.0,6.9,None,N/A,1,Moderate,No,0,No,None,N/A,0
3658,18,Female,UK,HealthTech,Frontend Developer,Startup (1–50),2,$100k–$150k,Remote,Was already remote,6.4,7.6,2.2,2.5,7.9,6.3,8.9,4.9,4.0,5.7,5.7,Burnout,Formally diagnosed,1,Difficult,No,0,No,1–2 weeks,Yes,1
3659,33,Male,Netherlands,Big Tech,Software Engineer,Small (51–200),0,>$200k,Remote,No,5.8,4.6,1.1,8.3,5.4,6.9,5.9,3.4,4.7,4.6,5.5,Anxiety,Not sure / undiagnosed,1,Difficult,Yes,1,Yes,1–3 days,No,1
3660,48,Female,India,HealthTech,Security Engineer,Startup (1–50),3,$100k–$150k,Hybrid,Was already remote,4.5,8.3,14.7,6.2,5.4,8.7,10.0,4.6,3.7,2.9,5.7,Depression,Self-reported,1,Easy,Don't know,0,No,>2 weeks,No,1
3661,29,Female,USA,AI/ML startup,Frontend Developer,Large (1 001–5 000),0,$150k–$200k,Remote,No,8.0,3.5,0.0,7.5,5.0,4.2,7.3,8.2,1.9,6.6,5.4,Depression & Burnout,Formally diagnosed,1,Easy,Yes,1,No,>2 weeks,No,1
3662,26,Non-binary,USA,AI/ML startup,Cloud Architect,Medium (201–1 000),3,$50k–$75k,In-person,Yes,3.0,8.2,0.8,6.3,9.8,6.9,8.3,6.5,2.8,6.1,7.6,Depression & Burnout,Formally diagnosed,0,Easy,Don't know,0,Yes,None,Yes,1
3663,34,Male,Australia,AI/ML startup,Backend Developer,Enterprise (5 000+),9,$100k–$150k,Hybrid,Was already remote,6.4,9.5,11.6,8.1,3.0,3.8,8.4,8.1,2.3,4.0,6.2,None,N/A,0,Easy,Don't know,0,Yes,None,N/A,0
3664,34,Male,USA,SaaS/Software,ML/AI Engineer,Startup (1–50),33,$150k–$200k,In-person,Yes,7.1,7.7,2.1,5.9,4.7,8.1,8.0,7.6,2.4,5.9,5.6,Anxiety,Not sure / undiagnosed,1,No access,Yes,0,Yes,4–7 days,Partially,1
3665,40,Male,Canada,Gaming,Full-Stack Developer,Large (1 001–5 000),1,<$50k,Remote,Yes,3.3,7.3,1.0,5.8,5.8,7.2,9.6,10.0,3.2,5.8,7.2,Anxiety,Formally diagnosed,1,Easy,Yes,1,Yes,None,No,1
3666,22,Male,France,SaaS/Software,Backend Developer,Enterprise (5 000+),1,$50k–$75k,Remote,No,6.8,6.1,1.6,4.8,5.6,4.3,7.4,9.8,3.3,9.8,3.7,Anxiety & Burnout,Self-reported,1,Moderate,No,0,No,None,Partially,1
3667,37,Male,Germany,AI/ML startup,Data Scientist,Small (51–200),9,$150k–$200k,Remote,Was already remote,5.2,6.7,1.3,6.9,7.4,6.4,7.7,6.5,1.5,3.7,6.1,Anxiety,Self-reported,0,Moderate,No,0,No,None,No,1
3668,36,Female,USA,Big Tech,QA/Test Engineer,Medium (201–1 000),3,$100k–$150k,Hybrid,No,3.1,6.0,9.0,5.7,10.0,7.3,10.0,7.5,2.5,3.5,8.8,None,N/A,0,Moderate,Don't know,0,Yes,None,N/A,0
3669,30,Male,USA,AI/ML startup,DevOps/SRE,Large (1 001–5 000),13,$75k–$100k,In-person,No,6.3,6.3,3.7,5.4,2.3,7.6,7.2,4.3,5.0,3.1,5.8,None,N/A,0,Easy,Don't know,0,No,None,N/A,0
3670,34,Female,USA,SaaS/Software,ML/AI Engineer,Large (1 001–5 000),8,>$200k,In-person,No,7.7,4.6,0.0,3.2,3.6,4.3,6.4,4.5,2.9,6.7,6.2,Depression,Formally diagnosed,1,Difficult,Yes,1,Yes,1–3 days,Partially,1
3671,39,Male,USA,HealthTech,Cloud Architect,Medium (201–1 000),7,>$200k,Remote,Was already remote,10.0,4.7,1.3,5.6,5.9,4.2,6.6,9.6,7.4,8.9,5.2,Anxiety & Depression,Formally diagnosed,1,Difficult,No,0,Yes,None,Yes,1
3672,38,Female,Germany,Government/Public sector,QA/Test Engineer,Small (51–200),0,$150k–$200k,Remote,No,5.3,7.7,0.4,7.2,6.7,8.2,8.5,5.4,1.4,4.4,7.3,None,N/A,1,Difficult,No,0,No,None,N/A,0
3673,23,Female,Canada,HealthTech,Data Analyst,Large (1 001–5 000),0,$150k–$200k,Hybrid,Yes,6.9,7.3,3.3,6.1,3.6,5.6,5.7,8.1,2.8,8.4,2.5,Depression,Self-reported,1,Moderate,Yes,1,No,None,No,1
3674,38,Female,USA,AI/ML startup,Mobile Developer,Large (1 001–5 000),2,$50k–$75k,Remote,No,7.7,6.7,3.8,7.5,6.5,5.9,9.4,4.2,4.1,7.6,5.1,Anxiety & Depression,Formally diagnosed,0,Easy,Yes,0,No,1–3 days,Partially,1
3675,31,Female,USA,E-commerce,CTO/VP Engineering,Small (51–200),1,$50k–$75k,Remote,Yes,6.3,6.7,2.5,4.4,4.5,6.7,5.6,4.5,2.5,5.3,5.4,Anxiety,Formally diagnosed,1,Difficult,No,1,No,4–7 days,Yes,1
3676,32,Female,USA,HealthTech,Full-Stack Developer,Enterprise (5 000+),6,>$200k,Remote,Yes,7.3,4.4,11.2,5.3,6.8,3.2,5.1,10.0,5.3,6.0,4.9,Burnout,Not sure / undiagnosed,0,Moderate,Yes,0,No,None,No,1
3677,32,Non-binary,Italy,Cybersecurity,Data Scientist,Medium (201–1 000),3,$100k–$150k,Remote,No,5.2,6.3,10.0,7.1,5.9,6.5,10.0,6.5,1.6,5.6,3.8,None,N/A,0,Difficult,Yes,0,Yes,None,N/A,0
3678,30,Male,Canada,Government/Public sector,Data Analyst,Medium (201–1 000),4,$100k–$150k,Hybrid,No,5.7,6.6,0.6,6.4,6.6,5.1,7.8,6.3,3.0,5.7,3.7,None,N/A,0,No access,Yes,0,Yes,None,N/A,0
3679,40,Male,Singapore,Cybersecurity,Data Analyst,Large (1 001–5 000),9,$75k–$100k,Remote,Yes,3.7,5.3,0.4,1.0,7.0,6.2,9.1,9.5,4.2,6.8,6.7,None,N/A,0,Moderate,Yes,0,Yes,None,N/A,0
3680,31,Male,Japan,Government/Public sector,Data Analyst,Large (1 001–5 000),3,$150k–$200k,Hybrid,Yes,5.3,5.2,3.7,5.3,7.2,6.4,7.2,6.3,2.9,5.7,5.9,Anxiety & Depression,Self-reported,0,Difficult,Yes,0,No,1–3 days,Partially,1
3681,23,Male,Germany,Gaming,Product Manager,Startup (1–50),4,<$50k,Remote,Was already remote,3.0,8.3,2.8,4.3,2.9,3.8,8.6,6.3,2.0,5.7,4.8,Anxiety & Depression,Formally diagnosed,1,Moderate,No,0,Yes,None,Partially,1
3682,29,Male,Australia,Cybersecurity,QA/Test Engineer,Medium (201–1 000),10,$75k–$100k,Hybrid,No,3.2,7.5,1.9,6.1,6.3,5.2,10.0,6.9,1.0,4.7,6.8,None,N/A,0,Moderate,No,0,Yes,None,N/A,0
3683,33,Male,USA,HealthTech,DevOps/SRE,Large (1 001–5 000),3,$50k–$75k,Hybrid,Yes,7.6,5.0,8.0,1.0,7.9,5.4,7.9,6.7,3.5,8.5,5.0,Depression & Burnout,Formally diagnosed,1,Moderate,Yes,1,No,4–7 days,No,1
3684,41,Male,Australia,Government/Public sector,Frontend Developer,Large (1 001–5 000),0,$150k–$200k,Remote,Yes,3.7,8.6,13.8,6.8,6.7,7.9,9.6,6.5,1.0,6.2,8.1,ADHD,Formally diagnosed,1,No access,Don't know,0,Yes,None,Partially,1
3685,36,Male,USA,Gaming,Data Scientist,Enterprise (5 000+),4,$150k–$200k,Remote,No,7.7,7.3,8.6,7.7,4.4,5.7,5.2,9.5,1.0,5.3,6.2,Anxiety & Burnout,Not sure / undiagnosed,1,Difficult,Yes,0,No,4–7 days,No,1
3686,25,Male,Brazil,Consulting/Agency,Frontend Developer,Startup (1–50),4,$100k–$150k,Remote,Was already remote,5.7,6.5,2.2,5.2,5.9,4.7,7.6,9.5,5.2,6.5,4.0,None,N/A,0,Moderate,Yes,0,Yes,None,N/A,0
3687,50,Non-binary,USA,E-commerce,Data Scientist,Small (51–200),3,<$50k,In-person,Was already remote,5.7,5.3,4.1,5.9,5.7,4.8,8.9,5.6,2.5,4.4,5.9,None,N/A,0,No access,Yes,0,No,None,N/A,0
3688,33,Male,Netherlands,FinTech,Software Engineer,Medium (201–1 000),1,$150k–$200k,In-person,Yes,4.7,8.6,0.8,5.0,5.7,7.0,5.4,4.9,2.3,6.0,3.7,None,N/A,0,Moderate,No,0,No,None,N/A,0
3689,41,Female,USA,Gaming,Cloud Architect,Large (1 001–5 000),1,>$200k,Hybrid,Was already remote,5.9,8.4,10.3,9.4,5.4,7.4,6.4,2.6,4.7,4.0,8.2,None,N/A,0,Moderate,Don't know,0,Yes,None,N/A,0
3690,30,Male,Singapore,HealthTech,Product Manager,Small (51–200),2,$50k–$75k,Remote,No,8.8,7.3,0.1,8.9,5.5,4.8,7.7,5.5,2.1,8.6,3.9,None,N/A,0,Difficult,No,0,No,None,N/A,0
3691,36,Non-binary,USA,HealthTech,Data Scientist,Large (1 001–5 000),0,$150k–$200k,Hybrid,No,4.7,8.1,0.8,8.6,7.0,4.5,6.7,5.0,1.0,4.7,8.2,None,N/A,0,Moderate,Yes,0,Yes,None,N/A,0
3692,38,Female,India,E-commerce,Backend Developer,Small (51–200),6,>$200k,Remote,Was already remote,5.4,6.7,0.1,10.0,2.7,9.1,7.1,8.8,2.1,5.4,6.3,Anxiety,Self-reported,0,Moderate,Don't know,0,Yes,1–3 days,Yes,1
3693,41,Female,Canada,E-commerce,Security Engineer,Startup (1–50),5,$75k–$100k,Remote,Yes,7.4,6.4,2.1,8.9,4.9,9.6,8.7,7.2,1.9,5.1,5.6,None,N/A,1,Easy,Yes,1,Yes,None,N/A,0
3694,39,Female,UK,Gaming,Security Engineer,Enterprise (5 000+),5,$50k–$75k,Hybrid,Yes,3.9,8.5,10.7,5.4,4.3,7.2,9.4,8.0,1.0,2.0,9.7,Anxiety,Not sure / undiagnosed,1,Moderate,No,0,Yes,1–3 days,Yes,1
3695,38,Male,India,AI/ML startup,Security Engineer,Medium (201–1 000),1,>$200k,Hybrid,Was already remote,3.8,7.3,0.9,6.6,7.5,6.5,9.9,6.6,1.1,3.7,7.9,Burnout,Self-reported,0,Difficult,Don't know,0,No,>2 weeks,Partially,1
3696,29,Prefer not to say,Mexico,E-commerce,Backend Developer,Enterprise (5 000+),1,<$50k,Remote,Yes,5.9,5.7,0.2,7.4,5.3,4.8,8.5,5.5,1.0,6.0,5.7,Depression,Self-reported,0,Moderate,Don't know,0,No,1–2 weeks,No,1
3697,27,Female,USA,AI/ML startup,Software Engineer,Small (51–200),8,$75k–$100k,Remote,Was already remote,8.2,5.1,0.2,7.0,5.0,6.0,7.5,4.6,5.3,6.1,5.0,None,N/A,0,Moderate,Yes,0,Yes,None,N/A,0
3698,34,Female,Spain,Consulting/Agency,DevOps/SRE,Startup (1–50),6,$150k–$200k,Hybrid,No,5.8,7.8,3.6,3.6,5.2,5.9,7.9,4.7,3.0,7.6,5.2,Burnout,Formally diagnosed,0,Moderate,Yes,0,No,1–3 days,Yes,1
3699,38,Female,India,HealthTech,Engineering Manager,Large (1 001–5 000),11,$100k–$150k,Hybrid,Yes,5.5,9.0,2.6,7.7,4.8,4.9,6.1,5.9,1.0,7.6,5.9,None,N/A,0,Easy,Don't know,0,Yes,None,N/A,0
3700,30,Male,Sweden,Gaming,Full-Stack Developer,Large (1 001–5 000),2,$100k–$150k,Hybrid,Yes,5.9,7.2,0.1,7.4,8.5,4.7,7.2,6.6,2.9,5.4,6.3,Depression,Self-reported,1,Easy,Yes,1,No,4–7 days,Yes,1
3701,39,Female,UK,E-commerce,Product Manager,Medium (201–1 000),4,$100k–$150k,Remote,Yes,5.8,9.1,1.8,7.5,5.7,5.5,7.5,8.3,4.1,5.5,6.9,None,N/A,0,No access,No,0,No,None,N/A,0
3702,42,Male,Canada,Consulting/Agency,Security Engineer,Startup (1–50),7,$100k–$150k,Hybrid,No,4.8,4.7,0.3,7.0,7.6,7.9,6.0,5.1,3.4,3.1,7.3,Depression & Burnout,Self-reported,1,Difficult,Don't know,1,No,4–7 days,Partially,1
3703,25,Female,Singapore,Gaming,Cloud Architect,Large (1 001–5 000),20,$75k–$100k,Remote,Yes,7.7,4.8,5.9,6.4,5.3,6.5,6.2,6.0,5.0,6.5,5.6,Anxiety,Formally diagnosed,0,No access,Yes,0,Yes,4–7 days,Partially,1
3704,25,Male,UK,Government/Public sector,Data Analyst,Small (51–200),25,$75k–$100k,In-person,No,6.4,5.9,0.0,7.6,8.7,6.8,7.0,8.3,2.0,7.2,7.2,None,N/A,0,Difficult,Don't know,0,Yes,None,N/A,0
3705,30,Non-binary,Germany,FinTech,Mobile Developer,Large (1 001–5 000),35,$100k–$150k,Remote,Yes,5.1,4.6,2.2,2.5,8.2,6.5,10.0,6.1,4.2,5.3,6.6,Burnout,Formally diagnosed,0,Moderate,Yes,0,No,1–2 weeks,Partially,1
3706,34,Male,USA,Government/Public sector,QA/Test Engineer,Small (51–200),12,$150k–$200k,Remote,Was already remote,6.1,6.3,2.2,7.4,5.8,6.8,5.0,7.3,2.3,5.1,5.5,None,N/A,0,Moderate,Yes,0,No,None,N/A,0
3707,28,Male,USA,SaaS/Software,ML/AI Engineer,Large (1 001–5 000),5,>$200k,Hybrid,Was already remote,5.4,8.0,2.5,8.4,7.2,5.7,8.2,9.2,3.6,2.3,8.3,None,N/A,1,Moderate,Yes,1,Yes,None,N/A,0
3708,42,Female,India,AI/ML startup,Product Manager,Medium (201–1 000),0,$100k–$150k,In-person,No,3.4,4.9,3.7,9.6,6.3,4.2,9.4,7.8,1.0,4.5,7.6,None,N/A,0,Difficult,Yes,0,No,None,N/A,0
3709,35,Female,France,SaaS/Software,Engineering Manager,Medium (201–1 000),6,$50k–$75k,Remote,Was already remote,9.9,6.7,2.9,7.5,5.9,5.8,7.1,5.8,4.9,4.2,8.9,None,N/A,1,Easy,Yes,1,Yes,None,N/A,0
3710,32,Female,Germany,Big Tech,Security Engineer,Large (1 001–5 000),1,>$200k,Hybrid,Yes,6.2,5.2,0.0,4.7,5.3,4.8,9.3,7.3,2.8,4.6,8.3,None,N/A,1,Moderate,Yes,1,No,None,N/A,0
3711,21,Male,USA,Consulting/Agency,Mobile Developer,Startup (1–50),0,$50k–$75k,Hybrid,Yes,4.2,6.1,0.3,5.4,6.0,7.0,6.8,7.8,2.3,7.5,4.1,Anxiety & Burnout,Formally diagnosed,1,Moderate,Don't know,0,No,None,Yes,1
3712,22,Male,Canada,AI/ML startup,Mobile Developer,Large (1 001–5 000),6,$50k–$75k,Remote,Yes,3.9,6.9,3.6,7.3,5.9,4.9,8.0,6.6,1.5,4.4,6.7,None,N/A,0,Moderate,No,0,No,None,N/A,0
3713,34,Female,UK,Consulting/Agency,Mobile Developer,Startup (1–50),7,$150k–$200k,In-person,No,3.3,7.1,1.2,7.2,4.4,7.2,9.9,8.3,1.5,5.6,7.3,Anxiety,Formally diagnosed,1,Moderate,No,0,Yes,>2 weeks,No,1
3714,18,Prefer not to say,Canada,Government/Public sector,Software Engineer,Medium (201–1 000),5,$100k–$150k,In-person,Yes,4.7,8.0,6.3,4.4,6.7,6.4,7.8,8.7,1.9,4.5,7.3,Burnout,Not sure / undiagnosed,0,Difficult,No,0,Yes,None,Yes,1
3715,39,Female,Singapore,Cybersecurity,Backend Developer,Medium (201–1 000),2,$75k–$100k,Remote,Was already remote,3.9,6.8,3.8,6.7,3.5,5.9,8.9,6.6,3.3,4.1,7.2,Depression,Formally diagnosed,0,Easy,No,0,Yes,1–3 days,Partially,1
3716,30,Male,Netherlands,AI/ML startup,Cloud Architect,Enterprise (5 000+),3,>$200k,Hybrid,Was already remote,5.6,7.4,13.6,6.1,6.3,6.2,9.7,9.1,2.5,6.3,7.7,Anxiety & Depression,Formally diagnosed,1,No access,Yes,1,Yes,1–3 days,No,1
3717,56,Non-binary,USA,HealthTech,CTO/VP Engineering,Startup (1–50),15,>$200k,In-person,No,9.0,7.1,3.4,5.9,4.2,4.3,7.8,4.5,3.0,8.0,4.9,None,N/A,1,Moderate,No,0,No,None,N/A,0
3718,49,Male,Ireland,Consulting/Agency,QA/Test Engineer,Medium (201–1 000),7,$75k–$100k,Hybrid,No,4.7,7.0,0.4,6.6,8.6,9.0,9.1,6.5,3.6,3.0,6.6,None,N/A,0,Difficult,No,0,Yes,None,N/A,0
3719,30,Male,Canada,HealthTech,Security Engineer,Large (1 001–5 000),3,$150k–$200k,In-person,Yes,10.0,8.1,0.0,6.5,7.4,3.5,7.8,4.6,3.6,6.6,4.5,None,N/A,0,Difficult,No,0,Yes,None,N/A,0
3720,31,Male,France,Cybersecurity,Data Scientist,Small (51–200),4,$100k–$150k,Hybrid,Yes,7.2,5.6,0.0,9.4,6.5,5.7,6.1,5.9,3.2,4.8,8.3,None,N/A,0,Difficult,Yes,0,Yes,None,N/A,0
3721,39,Male,USA,E-commerce,DevOps/SRE,Small (51–200),14,$75k–$100k,Remote,No,10.0,4.8,3.3,2.6,7.1,3.4,5.6,9.3,3.3,10.0,2.3,Anxiety & Burnout,Formally diagnosed,0,Easy,Yes,0,No,1–3 days,Yes,1
3722,44,Female,Australia,Consulting/Agency,DevOps/SRE,Medium (201–1 000),2,>$200k,In-person,No,3.7,6.2,0.8,6.3,7.1,6.4,8.9,4.6,3.4,6.6,6.8,Anxiety,Self-reported,1,Easy,Yes,1,Yes,None,No,1
3723,19,Male,USA,SaaS/Software,Full-Stack Developer,Small (51–200),0,<$50k,Hybrid,No,4.7,9.3,3.9,6.4,7.2,7.7,7.0,5.1,1.0,5.4,5.7,None,N/A,0,Difficult,No,0,Yes,None,N/A,0
3724,18,Male,Canada,Consulting/Agency,Full-Stack Developer,Medium (201–1 000),2,$75k–$100k,Remote,Yes,4.8,7.8,2.9,2.9,2.7,8.3,10.0,9.6,3.8,5.0,5.6,ADHD,Self-reported,0,Moderate,Yes,0,No,1–3 days,Yes,1
3725,27,Male,USA,E-commerce,Product Manager,Large (1 001–5 000),2,$75k–$100k,Hybrid,No,5.9,7.9,3.3,7.7,4.8,6.1,8.7,5.5,3.6,4.9,7.5,Anxiety & Burnout,Self-reported,1,No access,No,0,Yes,1–3 days,Partially,1
3726,36,Male,USA,Government/Public sector,Security Engineer,Large (1 001–5 000),1,$100k–$150k,Remote,Was already remote,7.2,7.1,1.9,8.0,4.6,6.4,7.9,9.4,3.1,6.4,5.9,Anxiety & Depression,Self-reported,1,Moderate,Don't know,0,No,None,No,1
3727,35,Female,USA,Gaming,ML/AI Engineer,Medium (201–1 000),4,<$50k,Hybrid,No,3.3,7.1,0.5,3.4,4.4,7.2,6.9,6.0,1.2,5.2,6.7,Burnout,Formally diagnosed,1,Easy,Don't know,0,Yes,1–3 days,Partially,1
3728,40,Male,USA,SaaS/Software,Software Engineer,Large (1 001–5 000),2,$150k–$200k,Hybrid,Yes,7.6,6.4,0.3,7.9,9.1,5.8,5.3,7.6,1.3,5.6,4.5,None,N/A,0,Difficult,No,0,Yes,None,N/A,0
3729,23,Male,USA,SaaS/Software,QA/Test Engineer,Startup (1–50),0,$100k–$150k,Hybrid,Yes,4.7,5.8,7.6,4.8,5.8,6.6,6.7,5.0,2.6,4.7,5.8,Depression,Self-reported,1,Moderate,Yes,1,No,1–2 weeks,Partially,1
3730,18,Female,Australia,Cybersecurity,Backend Developer,Medium (201–1 000),1,$75k–$100k,Remote,Yes,9.3,8.1,8.1,7.1,7.9,2.8,2.6,6.9,4.9,7.8,2.9,Burnout,Self-reported,0,Easy,Yes,0,No,None,No,1
3731,38,Female,USA,Government/Public sector,Software Engineer,Enterprise (5 000+),13,$100k–$150k,In-person,No,6.6,6.3,0.0,6.8,5.6,6.1,7.6,2.2,2.3,6.9,2.8,None,N/A,0,Difficult,Don't know,0,Yes,None,N/A,0
3732,25,Female,India,SaaS/Software,Cloud Architect,Small (51–200),5,$100k–$150k,Hybrid,Yes,8.3,5.1,9.8,6.9,4.5,5.3,3.2,6.5,1.3,5.9,6.4,Anxiety,Self-reported,1,Moderate,No,0,Yes,4–7 days,No,1
3733,18,Male,USA,FinTech,Software Engineer,Medium (201–1 000),2,$75k–$100k,Hybrid,Was already remote,5.2,5.2,3.8,2.4,6.0,5.8,7.8,5.0,5.1,7.4,6.2,Burnout,Not sure / undiagnosed,1,Difficult,No,0,No,None,Partially,1
3734,33,Female,Mexico,HealthTech,CTO/VP Engineering,Large (1 001–5 000),2,<$50k,Remote,Yes,7.0,8.3,8.4,3.2,5.1,4.2,9.4,4.5,2.9,6.6,6.2,Other,Not sure / undiagnosed,1,Easy,No,0,No,1–2 weeks,No,1
3735,37,Non-binary,Mexico,AI/ML startup,Cloud Architect,Large (1 001–5 000),3,$100k–$150k,Hybrid,No,5.2,7.9,1.8,6.8,8.5,7.3,8.4,6.2,1.3,4.2,5.9,None,N/A,1,Easy,Yes,1,No,None,N/A,0
3736,31,Female,USA,FinTech,Frontend Developer,Medium (201–1 000),6,$50k–$75k,Remote,No,7.1,6.9,0.0,7.4,2.7,8.9,6.2,2.9,2.8,5.9,5.9,Anxiety & Depression,Formally diagnosed,1,Difficult,No,0,Yes,4–7 days,Partially,1
3737,28,Female,India,Gaming,Frontend Developer,Small (51–200),4,$150k–$200k,Hybrid,Yes,6.4,4.4,0.9,4.6,7.6,7.4,7.3,6.4,4.7,6.4,3.1,Depression,Formally diagnosed,1,Moderate,Yes,1,Yes,None,No,1
3738,30,Male,USA,Consulting/Agency,Data Scientist,Medium (201–1 000),14,$50k–$75k,Hybrid,Was already remote,8.8,6.4,3.0,9.0,6.1,4.2,7.9,8.7,3.6,4.6,7.0,Anxiety,Not sure / undiagnosed,0,Difficult,No,0,Yes,>2 weeks,No,1
3739,29,Prefer not to say,Mexico,Government/Public sector,ML/AI Engineer,Small (51–200),5,$100k–$150k,Hybrid,Was already remote,7.7,5.9,4.8,5.2,5.6,2.9,7.4,4.7,3.6,9.5,3.8,Anxiety & Burnout,Formally diagnosed,0,Difficult,No,0,Yes,1–3 days,No,1
3740,21,Male,Germany,Big Tech,Data Scientist,Large (1 001–5 000),13,$100k–$150k,Hybrid,Yes,6.9,5.8,0.0,5.7,5.7,3.7,6.0,5.7,4.6,6.5,6.7,None,N/A,0,Moderate,Yes,0,No,None,N/A,0
3741,26,Male,USA,Big Tech,QA/Test Engineer,Medium (201–1 000),0,$100k–$150k,In-person,No,6.3,8.0,2.0,6.1,6.7,5.2,7.7,5.9,3.0,6.1,4.9,Anxiety,Self-reported,1,Moderate,No,0,Yes,None,Partially,1
3742,35,Male,UK,FinTech,Mobile Developer,Large (1 001–5 000),12,<$50k,Hybrid,No,6.1,5.1,0.0,6.9,5.6,6.5,7.6,8.4,2.6,6.5,7.3,None,N/A,0,Difficult,No,0,Yes,None,N/A,0
3743,34,Male,USA,SaaS/Software,Mobile Developer,Small (51–200),7,$50k–$75k,In-person,No,3.3,5.6,7.4,6.2,7.8,7.5,7.0,6.9,3.0,4.3,6.9,Anxiety,Self-reported,0,Difficult,Yes,0,Yes,None,No,1
3744,33,Prefer not to say,UK,Consulting/Agency,Backend Developer,Medium (201–1 000),1,$50k–$75k,Remote,Yes,4.0,5.2,2.6,5.8,2.3,7.4,10.0,5.7,2.1,3.6,8.9,None,N/A,0,Moderate,No,0,No,None,N/A,0
3745,24,Female,Australia,Government/Public sector,Backend Developer,Medium (201–1 000),1,$100k–$150k,Hybrid,Was already remote,4.4,5.9,8.8,6.2,4.8,5.3,4.6,5.6,1.2,6.2,4.1,None,N/A,0,Easy,Yes,0,Yes,None,N/A,0
3746,30,Female,Canada,E-commerce,CTO/VP Engineering,Startup (1–50),4,$75k–$100k,Remote,Was already remote,9.0,4.4,0.0,6.8,4.2,5.6,6.5,6.9,5.0,7.5,5.3,Depression,Not sure / undiagnosed,0,Easy,Don't know,0,Yes,1–3 days,No,1
3747,18,Female,UK,Consulting/Agency,Software Engineer,Medium (201–1 000),0,$50k–$75k,Hybrid,No,5.0,7.8,1.4,6.9,3.0,5.3,7.9,7.5,4.1,7.0,4.6,Burnout,Formally diagnosed,0,Moderate,No,0,No,None,No,1
3748,33,Male,USA,AI/ML startup,Cloud Architect,Small (51–200),8,<$50k,Remote,Yes,5.2,5.8,3.9,6.9,6.4,7.3,7.0,7.4,2.8,3.6,7.3,Depression & Burnout,Not sure / undiagnosed,1,Moderate,No,1,Yes,1–3 days,No,1
3749,42,Male,USA,Cybersecurity,Full-Stack Developer,Small (51–200),8,$150k–$200k,Remote,Yes,7.1,6.6,0.6,6.4,8.7,7.5,5.9,8.3,4.1,5.8,6.0,Depression,Formally diagnosed,1,Moderate,Don't know,0,Yes,1–2 weeks,Yes,1
3750,20,Female,USA,Government/Public sector,Cloud Architect,Startup (1–50),1,>$200k,In-person,No,4.3,6.2,6.6,7.7,6.7,5.2,10.0,8.2,2.7,4.9,6.2,None,N/A,0,Difficult,No,0,Yes,None,N/A,0
3751,27,Female,Sweden,Consulting/Agency,Backend Developer,Small (51–200),0,$100k–$150k,In-person,Was already remote,8.5,7.1,14.2,6.7,5.2,4.9,5.6,5.4,1.1,10.0,4.6,ADHD,Self-reported,0,Moderate,Yes,0,Yes,4–7 days,No,1
3752,34,Male,USA,Government/Public sector,Full-Stack Developer,Enterprise (5 000+),24,$75k–$100k,Remote,No,1.4,8.4,2.2,6.9,7.5,7.8,9.2,9.8,1.0,1.8,9.2,None,N/A,1,Difficult,Yes,1,Yes,None,N/A,0
3753,41,Female,India,E-commerce,Mobile Developer,Startup (1–50),1,$50k–$75k,Remote,Yes,8.2,6.1,0.7,7.2,7.0,5.3,7.1,9.2,3.3,6.6,6.6,Anxiety,Formally diagnosed,1,No access,Yes,1,No,4–7 days,Yes,1
3754,28,Male,UK,SaaS/Software,Engineering Manager,Enterprise (5 000+),0,$100k–$150k,Remote,Yes,9.3,7.6,10.8,7.6,4.0,4.6,5.5,9.2,3.4,7.4,5.0,Anxiety & Depression,Self-reported,1,Easy,No,0,Yes,None,Partially,1
3755,26,Male,USA,Gaming,Mobile Developer,Medium (201–1 000),2,$100k–$150k,Hybrid,No,6.6,5.8,1.1,8.0,4.7,6.6,6.3,10.0,4.4,6.5,4.2,ADHD,Formally diagnosed,1,Difficult,Yes,1,No,None,Partially,1
3756,18,Male,India,Cybersecurity,Full-Stack Developer,Medium (201–1 000),19,$75k–$100k,Remote,Yes,4.7,6.5,2.9,6.3,9.6,8.4,7.2,8.0,1.9,2.3,6.5,None,N/A,0,Difficult,Don't know,0,Yes,None,N/A,0
3757,32,Male,Canada,Cybersecurity,Cloud Architect,Medium (201–1 000),8,$75k–$100k,Hybrid,No,7.7,6.4,4.4,7.4,8.5,6.0,6.4,9.5,3.5,6.5,7.9,Anxiety,Not sure / undiagnosed,0,Moderate,Yes,0,No,None,No,1
3758,47,Female,UK,SaaS/Software,Security Engineer,Enterprise (5 000+),3,$100k–$150k,Remote,Was already remote,4.7,7.6,2.1,8.6,6.7,7.4,9.9,4.8,1.0,4.3,5.9,None,N/A,1,No access,Yes,0,No,None,N/A,0
3759,34,Female,India,AI/ML startup,QA/Test Engineer,Large (1 001–5 000),2,$50k–$75k,Hybrid,Was already remote,9.8,3.6,0.3,4.7,7.7,4.9,6.1,7.5,5.7,8.3,2.8,Anxiety,Formally diagnosed,1,Difficult,Yes,1,No,4–7 days,No,1
3760,31,Male,Canada,Big Tech,ML/AI Engineer,Enterprise (5 000+),3,<$50k,Hybrid,Was already remote,7.0,7.6,1.8,6.3,8.3,4.2,9.6,5.8,2.0,8.2,2.6,None,N/A,1,Moderate,No,0,No,None,N/A,0
3761,34,Female,USA,Gaming,Software Engineer,Large (1 001–5 000),0,<$50k,Remote,No,4.4,6.3,5.5,5.8,8.4,9.0,10.0,6.5,4.6,3.8,8.7,None,N/A,0,Difficult,No,0,Yes,None,N/A,0
3762,31,Female,Germany,FinTech,Cloud Architect,Small (51–200),6,$50k–$75k,Remote,Was already remote,7.5,7.0,0.6,8.8,7.7,5.9,8.7,8.6,5.1,6.4,6.2,Anxiety,Not sure / undiagnosed,1,No access,Yes,1,No,None,Partially,1
3763,25,Male,Australia,FinTech,Backend Developer,Enterprise (5 000+),0,$75k–$100k,Hybrid,No,4.1,6.1,1.8,4.0,4.4,6.3,9.0,1.9,3.0,4.7,7.9,None,N/A,0,No access,Yes,0,Yes,None,N/A,0
3764,38,Male,USA,Gaming,Data Analyst,Enterprise (5 000+),4,$50k–$75k,Hybrid,Was already remote,4.6,8.4,0.9,5.2,6.3,7.4,8.7,6.3,3.5,4.5,7.4,None,N/A,1,Easy,Yes,1,No,None,N/A,0
3765,33,Prefer not to say,Canada,AI/ML startup,ML/AI Engineer,Startup (1–50),4,$75k–$100k,Hybrid,No,7.4,7.4,3.6,8.8,7.8,5.4,8.1,5.2,2.4,6.2,5.1,None,N/A,0,No access,Don't know,0,Yes,None,N/A,0
3766,32,Female,USA,AI/ML startup,Mobile Developer,Enterprise (5 000+),0,$50k–$75k,In-person,Was already remote,4.7,8.0,8.1,6.7,6.3,5.6,9.7,7.3,1.9,5.9,10.0,Anxiety & Burnout,Formally diagnosed,1,Moderate,Yes,0,No,4–7 days,No,1
3767,24,Prefer not to say,USA,E-commerce,Frontend Developer,Large (1 001–5 000),21,$50k–$75k,Remote,Yes,6.2,7.0,0.4,7.2,5.7,4.9,5.8,3.3,1.0,3.8,7.7,None,N/A,0,Easy,Don't know,0,No,None,N/A,0
3768,41,Male,Germany,HealthTech,Mobile Developer,Enterprise (5 000+),1,$75k–$100k,Remote,Was already remote,7.0,6.1,0.0,6.0,5.0,5.0,8.1,4.6,1.0,9.3,5.6,Anxiety,Formally diagnosed,0,Difficult,Yes,0,Yes,None,No,1
3769,36,Female,Singapore,Consulting/Agency,Data Analyst,Enterprise (5 000+),0,$75k–$100k,Remote,Yes,4.8,5.0,1.7,7.1,3.0,6.6,7.7,6.8,1.0,5.0,5.9,ADHD,Self-reported,1,No access,Yes,1,No,>2 weeks,Partially,1
3770,27,Male,Singapore,AI/ML startup,QA/Test Engineer,Enterprise (5 000+),10,$150k–$200k,Remote,Yes,5.0,6.9,1.8,6.2,4.6,8.6,7.9,3.8,4.3,1.9,9.0,Depression,Formally diagnosed,1,Moderate,Don't know,0,No,1–3 days,Yes,1
3771,39,Male,USA,FinTech,ML/AI Engineer,Enterprise (5 000+),0,>$200k,In-person,No,9.1,7.2,2.5,4.3,3.5,2.7,6.8,8.8,3.8,10.0,3.0,None,N/A,0,Easy,No,0,Yes,None,N/A,0
3772,28,Male,UK,SaaS/Software,QA/Test Engineer,Startup (1–50),0,>$200k,Hybrid,Yes,7.2,7.2,0.0,9.1,6.5,3.9,4.7,5.3,4.2,6.6,7.7,Anxiety,Formally diagnosed,1,Moderate,Don't know,0,Yes,None,No,1
3773,26,Male,Germany,FinTech,Security Engineer,Startup (1–50),3,$100k–$150k,Hybrid,No,6.0,5.8,5.8,6.5,4.8,4.7,10.0,5.9,2.8,6.6,5.1,None,N/A,0,Moderate,Yes,0,Yes,None,N/A,0
3774,26,Male,USA,HealthTech,ML/AI Engineer,Startup (1–50),0,$100k–$150k,Remote,No,5.8,10.0,2.7,6.9,5.9,7.5,7.3,10.0,2.7,3.1,7.2,None,N/A,0,Easy,Don't know,0,No,None,N/A,0
3775,18,Male,Netherlands,Gaming,Mobile Developer,Startup (1–50),22,$50k–$75k,Remote,Yes,3.9,8.2,3.1,5.9,6.4,6.8,7.8,3.4,1.8,2.0,7.1,None,N/A,0,Moderate,No,0,No,None,N/A,0
3776,35,Male,France,HealthTech,CTO/VP Engineering,Medium (201–1 000),0,>$200k,Remote,No,6.9,5.6,0.8,9.3,6.5,5.0,8.2,9.9,3.1,7.7,5.6,ADHD,Not sure / undiagnosed,1,Easy,Yes,0,No,None,Partially,1
3777,18,Female,Ireland,Government/Public sector,Mobile Developer,Large (1 001–5 000),0,$150k–$200k,Hybrid,Was already remote,6.2,5.9,1.3,7.5,4.9,6.7,8.3,7.4,2.7,6.5,5.7,None,N/A,0,Easy,No,0,Yes,None,N/A,0
3778,22,Male,USA,Consulting/Agency,Engineering Manager,Medium (201–1 000),9,$150k–$200k,Hybrid,Was already remote,7.7,5.1,0.0,5.9,5.2,4.0,5.2,7.2,3.2,7.8,4.4,None,N/A,0,No access,Yes,0,No,None,N/A,0
3779,18,Male,USA,Government/Public sector,Full-Stack Developer,Large (1 001–5 000),1,$75k–$100k,Remote,Yes,2.2,7.3,5.7,6.9,6.0,7.8,10.0,5.7,2.3,2.1,8.3,None,N/A,0,Moderate,Yes,0,No,None,N/A,0
3780,31,Male,Brazil,E-commerce,Mobile Developer,Large (1 001–5 000),13,$75k–$100k,In-person,No,5.6,8.4,3.1,4.7,6.0,3.6,6.2,9.0,3.1,5.4,5.0,None,N/A,0,Easy,Don't know,0,No,None,N/A,0
3781,30,Male,Australia,AI/ML startup,Software Engineer,Large (1 001–5 000),2,$50k–$75k,In-person,Yes,5.8,7.1,12.9,6.2,7.5,7.3,7.5,6.4,2.0,7.9,4.4,None,N/A,0,No access,Yes,0,No,None,N/A,0
3782,29,Female,Ireland,E-commerce,Mobile Developer,Medium (201–1 000),0,>$200k,In-person,No,6.6,8.3,1.1,5.5,6.1,6.7,5.0,8.3,2.4,3.9,6.7,None,N/A,1,Moderate,No,0,No,None,N/A,0
3783,24,Male,USA,HealthTech,Backend Developer,Small (51–200),0,$75k–$100k,Remote,No,6.4,8.2,3.4,3.7,3.8,6.4,10.0,7.0,4.4,3.9,6.8,Anxiety,Formally diagnosed,0,Easy,Yes,0,Yes,None,No,1
3784,23,Female,India,Government/Public sector,Product Manager,Startup (1–50),1,$100k–$150k,In-person,Was already remote,6.9,7.9,8.3,6.6,4.9,7.2,8.2,2.8,1.0,5.9,7.7,Anxiety,Formally diagnosed,0,Moderate,Yes,1,Yes,None,Partially,1
3785,35,Male,Germany,SaaS/Software,CTO/VP Engineering,Medium (201–1 000),3,$50k–$75k,Remote,No,5.6,8.5,4.2,5.7,4.5,5.7,7.3,8.2,1.0,5.8,6.8,None,N/A,1,No access,Yes,0,No,None,N/A,0
3786,27,Male,USA,Consulting/Agency,DevOps/SRE,Large (1 001–5 000),0,$150k–$200k,Hybrid,No,3.8,7.1,0.5,9.2,5.2,5.0,8.6,9.3,2.9,4.5,6.4,None,N/A,0,No access,No,0,Yes,None,N/A,0
3787,34,Female,Germany,SaaS/Software,Software Engineer,Medium (201–1 000),4,$50k–$75k,Remote,No,3.4,7.3,4.0,3.6,7.0,9.4,7.3,5.0,3.5,4.0,6.9,Burnout,Formally diagnosed,0,Moderate,Yes,0,Yes,None,No,1
3788,25,Female,India,SaaS/Software,Full-Stack Developer,Large (1 001–5 000),2,$150k–$200k,In-person,No,5.9,5.1,2.5,5.6,7.2,4.0,9.1,6.9,2.2,5.6,6.5,None,N/A,0,Moderate,No,0,Yes,None,N/A,0
3789,33,Male,USA,SaaS/Software,Mobile Developer,Small (51–200),2,$75k–$100k,Hybrid,Was already remote,10.0,6.4,1.0,6.9,6.3,4.5,3.6,8.2,5.3,4.7,7.5,None,N/A,0,Difficult,Don't know,0,Yes,None,N/A,0
3790,41,Female,USA,Gaming,Full-Stack Developer,Startup (1–50),1,$100k–$150k,Hybrid,Yes,7.0,6.6,2.2,8.1,3.2,8.8,8.3,8.3,2.8,4.5,5.1,Depression & Burnout,Not sure / undiagnosed,0,Moderate,No,0,No,None,No,1
3791,36,Male,India,AI/ML startup,Mobile Developer,Large (1 001–5 000),4,$75k–$100k,Remote,Yes,10.0,7.9,0.8,5.6,4.6,4.2,4.5,3.6,3.8,6.6,4.2,Anxiety,Self-reported,0,Difficult,Yes,0,No,4–7 days,No,1
3792,28,Female,Canada,AI/ML startup,Product Manager,Small (51–200),1,$150k–$200k,In-person,Yes,7.3,5.9,3.5,10.0,5.1,4.8,9.3,8.2,2.8,8.5,5.5,Burnout,Formally diagnosed,1,Moderate,Yes,1,No,1–2 weeks,Yes,1
3793,33,Female,Japan,Government/Public sector,Engineering Manager,Large (1 001–5 000),0,$150k–$200k,Hybrid,Yes,4.1,5.9,0.3,5.7,7.0,7.9,7.6,5.3,1.5,5.8,6.6,None,N/A,0,Moderate,Yes,0,No,None,N/A,0
3794,30,Female,UK,SaaS/Software,Cloud Architect,Large (1 001–5 000),12,$75k–$100k,Remote,No,5.8,5.0,0.5,4.5,3.0,7.4,8.0,5.8,2.4,5.8,7.1,None,N/A,0,Moderate,Don't know,0,No,None,N/A,0
3795,32,Prefer not to say,USA,Cybersecurity,Full-Stack Developer,Startup (1–50),2,$100k–$150k,In-person,Yes,10.0,7.2,0.2,6.2,3.7,2.3,8.4,8.9,3.1,6.5,7.2,ADHD,Not sure / undiagnosed,1,Easy,Yes,0,Yes,None,No,1
3796,29,Male,Italy,Consulting/Agency,CTO/VP Engineering,Medium (201–1 000),0,$50k–$75k,Remote,Was already remote,7.4,6.5,1.4,9.9,6.9,7.3,7.8,9.9,3.0,2.9,7.2,ADHD,Self-reported,0,Moderate,Yes,0,No,None,No,1
3797,30,Female,Spain,Cybersecurity,Data Analyst,Large (1 001–5 000),1,$50k–$75k,Hybrid,No,7.3,6.0,0.0,8.4,6.7,5.0,8.0,6.8,3.0,6.8,4.3,None,N/A,0,Moderate,Don't know,0,No,None,N/A,0
3798,33,Male,USA,E-commerce,Engineering Manager,Large (1 001–5 000),2,$100k–$150k,Remote,No,4.8,7.1,6.1,9.7,8.8,8.0,8.3,7.6,1.3,4.5,8.1,None,N/A,0,Moderate,Yes,0,No,None,N/A,0
3799,24,Male,Netherlands,Government/Public sector,Full-Stack Developer,Startup (1–50),8,$100k–$150k,Hybrid,No,6.0,5.2,9.0,9.1,9.7,3.8,7.1,8.2,2.4,6.2,5.5,None,N/A,0,Easy,Yes,0,No,None,N/A,0
3800,24,Male,USA,Consulting/Agency,Frontend Developer,Large (1 001–5 000),0,$100k–$150k,Remote,Was already remote,4.1,5.6,5.1,10.0,4.1,10.0,9.1,6.3,1.0,5.4,7.5,Anxiety & Burnout,Self-reported,1,Difficult,Don't know,0,Yes,>2 weeks,No,1
3801,21,Male,USA,HealthTech,Backend Developer,Startup (1–50),3,$100k–$150k,Remote,Was already remote,5.2,8.7,9.2,6.4,3.5,6.3,8.3,9.2,1.9,3.6,6.7,None,N/A,0,Difficult,Yes,0,No,None,N/A,0
3802,19,Female,USA,Government/Public sector,Software Engineer,Medium (201–1 000),2,$150k–$200k,In-person,Yes,6.3,6.7,4.4,10.0,4.2,5.9,8.5,7.9,2.1,6.6,4.3,Anxiety & Burnout,Not sure / undiagnosed,1,Difficult,Yes,1,Yes,4–7 days,Yes,1
3803,22,Female,USA,E-commerce,DevOps/SRE,Medium (201–1 000),19,>$200k,In-person,Yes,4.9,7.3,2.1,7.2,10.0,4.3,10.0,4.5,4.0,5.5,5.0,ADHD,Not sure / undiagnosed,0,Moderate,No,0,No,1–3 days,Yes,1
3804,33,Female,Brazil,E-commerce,Data Analyst,Small (51–200),1,$75k–$100k,In-person,Was already remote,7.7,6.2,1.0,7.7,4.7,2.3,6.6,7.3,2.4,6.9,5.6,Depression & Burnout,Not sure / undiagnosed,0,Difficult,Yes,0,No,None,No,1
3805,25,Male,France,E-commerce,Data Analyst,Small (51–200),5,$100k–$150k,Remote,No,5.0,6.1,0.6,9.1,8.4,6.2,7.4,7.0,1.7,4.7,7.6,Burnout,Formally diagnosed,1,Difficult,Yes,1,Yes,1–3 days,No,1
3806,35,Male,Italy,Cybersecurity,CTO/VP Engineering,Small (51–200),1,>$200k,In-person,Yes,6.6,5.8,0.0,10.0,8.5,6.3,6.2,4.9,2.9,5.7,8.1,None,N/A,1,Moderate,Yes,1,No,None,N/A,0
3807,32,Non-binary,France,AI/ML startup,DevOps/SRE,Medium (201–1 000),4,$100k–$150k,Remote,No,7.8,5.1,0.1,9.6,2.0,7.2,7.3,8.8,3.3,6.1,4.2,Anxiety,Formally diagnosed,1,No access,Yes,1,No,None,Partially,1
3808,18,Male,UK,Consulting/Agency,Security Engineer,Startup (1–50),4,$100k–$150k,Remote,Was already remote,9.7,7.0,1.3,4.0,6.5,4.4,7.4,3.7,4.1,7.1,5.2,None,N/A,0,Easy,Don't know,0,Yes,None,N/A,0
3809,36,Female,Australia,HealthTech,Full-Stack Developer,Enterprise (5 000+),0,$150k–$200k,Hybrid,Was already remote,6.7,7.0,0.0,6.5,6.2,7.9,6.9,7.9,1.9,6.9,5.8,Depression & Burnout,Formally diagnosed,0,No access,Yes,0,No,1–3 days,Partially,1
3810,38,Female,Argentina,Big Tech,ML/AI Engineer,Small (51–200),3,$150k–$200k,Hybrid,Yes,4.2,6.4,10.8,6.4,7.8,5.0,9.2,10.0,2.6,7.1,8.2,None,N/A,0,No access,No,0,No,None,N/A,0
3811,24,Female,France,Big Tech,CTO/VP Engineering,Enterprise (5 000+),3,$150k–$200k,Remote,Was already remote,6.0,7.4,0.6,4.5,8.5,6.0,7.0,5.2,5.0,5.2,6.1,Anxiety,Self-reported,0,Difficult,Yes,0,Yes,1–3 days,Partially,1
3812,35,Male,Netherlands,SaaS/Software,Security Engineer,Enterprise (5 000+),2,$50k–$75k,Remote,No,9.5,4.9,5.0,4.2,7.8,6.0,6.9,7.5,5.1,7.5,4.6,Depression,Formally diagnosed,1,Moderate,Yes,1,No,1–3 days,Partially,1
3813,25,Female,Mexico,Gaming,Data Analyst,Medium (201–1 000),1,$100k–$150k,Remote,No,7.7,7.3,5.2,5.4,6.4,4.4,6.0,7.2,1.0,5.5,7.8,None,N/A,0,Easy,No,0,No,None,N/A,0
3814,32,Male,USA,Government/Public sector,CTO/VP Engineering,Medium (201–1 000),1,$75k–$100k,Hybrid,Yes,6.3,5.6,0.2,7.8,7.4,1.5,8.3,7.2,3.6,9.9,5.0,Depression & Burnout,Formally diagnosed,1,Easy,Yes,0,No,4–7 days,No,1
3815,22,Female,Australia,Gaming,Data Analyst,Small (51–200),0,$75k–$100k,Hybrid,Was already remote,7.0,6.5,3.8,8.0,1.0,6.7,6.8,10.0,3.9,7.2,6.2,Anxiety & Depression,Formally diagnosed,0,Difficult,Yes,0,No,1–2 weeks,No,1
3816,18,Male,Japan,Big Tech,Software Engineer,Enterprise (5 000+),0,$100k–$150k,In-person,No,6.5,5.7,5.7,5.8,3.2,5.3,4.3,5.3,1.9,5.5,6.6,Depression,Self-reported,1,No access,Don't know,0,No,None,Partially,1
3817,29,Male,Poland,Big Tech,CTO/VP Engineering,Large (1 001–5 000),4,$75k–$100k,Hybrid,Yes,3.7,8.7,7.9,2.8,4.6,6.7,9.1,3.9,4.5,6.9,5.7,Anxiety,Formally diagnosed,1,Difficult,Yes,0,Yes,>2 weeks,No,1
3818,31,Male,USA,FinTech,Cloud Architect,Enterprise (5 000+),1,$100k–$150k,Hybrid,No,6.4,8.1,10.4,6.7,6.5,4.3,8.1,8.1,2.4,4.3,7.1,ADHD,Self-reported,1,Easy,No,0,No,None,No,1
3819,29,Female,Canada,HealthTech,Product Manager,Medium (201–1 000),1,$100k–$150k,Hybrid,No,4.7,7.7,9.4,9.5,3.4,6.3,7.7,4.9,2.9,4.3,7.2,None,N/A,0,No access,Yes,0,No,None,N/A,0
3820,23,Male,Australia,FinTech,Frontend Developer,Enterprise (5 000+),6,$150k–$200k,Hybrid,No,5.0,6.7,1.3,5.1,6.6,5.4,5.6,5.5,4.0,5.5,6.8,None,N/A,1,Easy,Don't know,0,Yes,None,N/A,0
3821,29,Male,USA,SaaS/Software,Security Engineer,Medium (201–1 000),4,$75k–$100k,Hybrid,Yes,5.5,6.2,1.0,9.4,8.1,4.9,8.7,4.3,2.4,5.1,8.3,None,N/A,0,Difficult,No,0,No,None,N/A,0
3822,34,Male,India,FinTech,DevOps/SRE,Enterprise (5 000+),13,$75k–$100k,Remote,No,2.3,7.6,2.5,6.3,1.7,9.1,9.2,6.9,3.6,1.9,9.4,None,N/A,1,Easy,Don't know,0,Yes,None,N/A,0
3823,31,Non-binary,USA,Government/Public sector,Full-Stack Developer,Startup (1–50),9,$75k–$100k,Remote,Yes,5.7,5.9,2.0,8.4,10.0,5.3,7.7,10.0,2.9,6.5,6.3,Burnout,Not sure / undiagnosed,0,Easy,No,0,Yes,1–3 days,Yes,1
3824,33,Female,UK,Cybersecurity,QA/Test Engineer,Large (1 001–5 000),7,$75k–$100k,Hybrid,Was already remote,3.0,8.2,1.5,8.6,3.9,6.7,9.3,7.4,1.8,5.8,5.8,None,N/A,0,Difficult,Yes,0,No,None,N/A,0
3825,26,Female,Canada,SaaS/Software,QA/Test Engineer,Large (1 001–5 000),0,$75k–$100k,Remote,Yes,7.5,6.0,0.0,5.4,7.2,6.1,8.5,5.9,2.0,5.9,5.8,None,N/A,0,Moderate,No,0,No,None,N/A,0
3826,40,Female,Germany,Cybersecurity,ML/AI Engineer,Large (1 001–5 000),6,$150k–$200k,Remote,Was already remote,2.3,7.5,4.5,6.2,4.0,6.6,7.9,5.8,1.0,1.0,9.3,None,N/A,0,Moderate,Yes,0,No,None,N/A,0
3827,23,Male,Canada,SaaS/Software,Data Analyst,Medium (201–1 000),6,$50k–$75k,Remote,No,2.9,7.5,1.3,7.6,6.2,6.9,7.7,6.0,4.8,2.4,9.2,None,N/A,0,Moderate,Yes,0,No,None,N/A,0
3828,35,Male,Canada,FinTech,Data Analyst,Large (1 001–5 000),7,$100k–$150k,Hybrid,No,2.6,9.0,9.3,6.4,2.0,7.7,10.0,5.6,1.0,3.9,6.8,Burnout,Formally diagnosed,1,Moderate,Yes,1,No,None,No,1
3829,40,Non-binary,USA,Big Tech,Product Manager,Small (51–200),1,$75k–$100k,In-person,Yes,6.6,6.4,0.8,4.0,8.1,6.8,9.6,7.9,3.6,4.9,7.5,None,N/A,0,No access,No,0,No,None,N/A,0
3830,35,Male,USA,Cybersecurity,Data Analyst,Medium (201–1 000),5,$50k–$75k,Remote,No,6.0,8.6,0.5,6.7,3.2,6.4,9.3,7.2,2.2,4.0,7.3,None,N/A,0,Easy,No,0,Yes,None,N/A,0
3831,30,Male,USA,Consulting/Agency,QA/Test Engineer,Medium (201–1 000),5,$50k–$75k,Hybrid,Was already remote,9.1,6.9,0.0,7.4,6.7,5.6,6.1,5.8,4.6,6.8,6.8,Anxiety & Burnout,Formally diagnosed,0,Moderate,Yes,0,No,None,No,1
3832,28,Male,USA,SaaS/Software,Engineering Manager,Small (51–200),2,$150k–$200k,Hybrid,Yes,6.8,7.4,0.7,5.7,7.9,4.8,6.4,5.9,4.0,6.2,5.5,None,N/A,0,Easy,Don't know,0,Yes,None,N/A,0
3833,39,Male,Germany,Gaming,DevOps/SRE,Large (1 001–5 000),5,$150k–$200k,In-person,Yes,2.8,6.6,3.9,4.0,4.8,5.6,10.0,5.5,1.4,3.0,9.1,None,N/A,0,Easy,No,0,Yes,None,N/A,0
3834,21,Male,Sweden,AI/ML startup,Mobile Developer,Startup (1–50),0,$150k–$200k,Hybrid,Was already remote,4.5,5.6,13.6,9.8,4.5,5.1,10.0,5.2,1.7,5.6,8.2,Anxiety & Burnout,Formally diagnosed,1,Easy,Yes,1,No,1–3 days,No,1
3835,24,Male,USA,Consulting/Agency,ML/AI Engineer,Small (51–200),5,$100k–$150k,Remote,Was already remote,6.3,6.6,2.0,7.4,2.4,6.9,7.0,3.9,1.0,5.1,8.0,None,N/A,0,Difficult,Yes,0,No,None,N/A,0
3836,29,Male,USA,Consulting/Agency,Product Manager,Medium (201–1 000),5,$150k–$200k,Remote,No,6.6,5.3,2.8,8.6,6.2,5.2,8.9,5.8,4.9,6.3,5.2,ADHD,Self-reported,0,Moderate,No,0,No,1–2 weeks,No,1
3837,41,Male,France,E-commerce,Frontend Developer,Enterprise (5 000+),1,$50k–$75k,In-person,No,2.8,5.3,7.1,6.8,6.2,5.6,10.0,4.1,1.2,5.3,6.8,Burnout,Not sure / undiagnosed,1,Difficult,No,0,No,4–7 days,No,1
3838,34,Male,USA,E-commerce,Cloud Architect,Medium (201–1 000),9,$150k–$200k,Hybrid,No,7.6,5.7,0.7,6.5,4.0,4.9,5.2,4.9,5.0,5.4,6.5,Anxiety,Formally diagnosed,0,Moderate,Yes,0,Yes,1–3 days,No,1
3839,24,Male,Poland,E-commerce,QA/Test Engineer,Large (1 001–5 000),11,$100k–$150k,Hybrid,Yes,4.4,5.1,0.9,8.7,5.9,4.4,6.7,8.6,1.0,3.5,7.3,Anxiety,Formally diagnosed,0,Moderate,Yes,0,No,None,No,1
3840,29,Male,France,HealthTech,Data Scientist,Medium (201–1 000),1,$150k–$200k,Hybrid,No,4.5,8.0,2.1,6.2,3.1,5.2,8.4,6.8,3.3,5.9,7.6,Anxiety,Self-reported,0,Moderate,No,0,No,4–7 days,Yes,1
3841,27,Female,UK,Big Tech,Software Engineer,Large (1 001–5 000),0,$75k–$100k,Remote,Yes,7.9,4.9,0.5,5.9,3.3,6.2,4.5,7.1,3.3,5.4,5.2,None,N/A,0,Moderate,Yes,0,Yes,None,N/A,0
3842,26,Male,USA,Gaming,Product Manager,Small (51–200),5,$150k–$200k,Hybrid,No,6.0,4.8,6.8,8.4,7.4,5.0,6.9,5.0,3.1,6.7,5.7,None,N/A,0,Easy,Yes,0,Yes,None,N/A,0
3843,39,Female,Germany,AI/ML startup,Product Manager,Large (1 001–5 000),3,$100k–$150k,Remote,Yes,6.6,5.8,12.9,9.0,5.6,8.9,7.5,6.5,1.6,4.3,6.8,Anxiety & Depression,Not sure / undiagnosed,1,Moderate,Yes,0,No,None,No,1
3844,21,Female,USA,Government/Public sector,Security Engineer,Medium (201–1 000),3,<$50k,Remote,Yes,7.0,7.0,3.5,5.5,3.4,7.5,6.9,6.4,2.6,6.7,5.9,Depression,Not sure / undiagnosed,1,Moderate,Yes,1,No,None,Partially,1
3845,44,Female,USA,Cybersecurity,Security Engineer,Medium (201–1 000),7,$100k–$150k,Hybrid,No,3.2,6.7,4.2,8.0,8.1,8.2,6.3,7.6,2.0,4.7,4.9,ADHD,Formally diagnosed,1,Easy,No,0,No,1–3 days,Yes,1
3846,38,Male,USA,Consulting/Agency,QA/Test Engineer,Small (51–200),19,$75k–$100k,Hybrid,Yes,6.4,7.4,4.0,3.9,5.5,4.0,8.4,6.8,1.5,6.6,5.3,Depression,Formally diagnosed,1,No access,Yes,1,Yes,None,No,1
3847,40,Male,Netherlands,HealthTech,ML/AI Engineer,Enterprise (5 000+),3,<$50k,Hybrid,No,9.5,6.5,1.0,6.2,6.6,3.8,5.5,6.5,6.8,9.8,4.1,Depression,Formally diagnosed,1,Moderate,Yes,1,No,>2 weeks,No,1
3848,28,Male,Germany,Cybersecurity,Software Engineer,Large (1 001–5 000),0,$100k–$150k,In-person,Yes,5.6,7.0,3.3,7.4,6.9,4.8,5.2,5.0,2.1,6.4,5.7,None,N/A,0,Easy,No,0,Yes,None,N/A,0
3849,30,Female,USA,HealthTech,CTO/VP Engineering,Enterprise (5 000+),4,$75k–$100k,Hybrid,Yes,6.7,5.7,0.0,5.3,5.9,5.5,8.0,5.2,3.4,5.6,7.5,Anxiety,Formally diagnosed,1,Moderate,Yes,0,Yes,1–3 days,No,1
3850,21,Male,Australia,FinTech,DevOps/SRE,Small (51–200),5,$50k–$75k,Remote,Yes,10.0,6.2,1.0,7.5,5.6,7.6,6.1,5.3,6.2,8.7,3.3,Burnout,Formally diagnosed,1,Easy,Yes,1,Yes,>2 weeks,Yes,1
3851,28,Female,UK,HealthTech,DevOps/SRE,Startup (1–50),9,$75k–$100k,Remote,Yes,8.8,3.3,0.4,7.2,8.2,3.3,7.6,4.6,5.7,7.8,4.5,Anxiety & Depression,Formally diagnosed,1,No access,Yes,1,No,None,Yes,1
3852,35,Female,Germany,FinTech,Data Analyst,Small (51–200),1,$50k–$75k,Hybrid,Yes,5.2,6.6,0.1,7.5,3.1,5.9,8.0,7.2,3.0,4.4,7.9,Burnout,Not sure / undiagnosed,1,Difficult,No,0,No,None,Yes,1
3853,41,Male,USA,FinTech,Data Scientist,Medium (201–1 000),4,$75k–$100k,In-person,Yes,6.9,7.7,2.2,8.2,1.8,4.2,7.5,6.6,2.6,6.1,6.2,None,N/A,0,Easy,Don't know,0,No,None,N/A,0
3854,23,Male,Germany,Government/Public sector,Engineering Manager,Large (1 001–5 000),3,$50k–$75k,Remote,No,7.4,5.6,0.9,6.2,4.5,6.1,7.6,5.9,2.1,5.9,5.6,None,N/A,0,Easy,Yes,0,Yes,None,N/A,0
3855,29,Female,New Zealand,AI/ML startup,Backend Developer,Medium (201–1 000),6,$50k–$75k,Hybrid,Yes,9.9,6.1,1.8,4.6,4.8,4.7,5.0,6.8,8.2,5.9,4.9,Anxiety,Self-reported,1,Moderate,Yes,1,No,1–2 weeks,No,1
3856,30,Male,USA,Government/Public sector,QA/Test Engineer,Small (51–200),0,>$200k,Hybrid,Yes,4.4,4.9,2.7,5.4,2.5,5.6,8.6,4.8,3.5,6.4,4.5,Anxiety & Depression,Formally diagnosed,1,Moderate,Don't know,1,No,None,Yes,1
3857,21,Male,USA,HealthTech,Security Engineer,Medium (201–1 000),11,>$200k,In-person,No,10.0,6.5,0.0,5.7,6.8,3.9,7.2,4.7,1.2,9.0,6.0,None,N/A,0,Moderate,No,0,No,None,N/A,0
3858,36,Female,USA,Big Tech,ML/AI Engineer,Large (1 001–5 000),3,$150k–$200k,In-person,No,6.5,6.1,2.3,10.0,5.5,5.1,9.3,4.8,3.2,5.9,4.5,None,N/A,0,Difficult,Yes,0,No,None,N/A,0
3859,26,Male,USA,FinTech,CTO/VP Engineering,Small (51–200),11,$75k–$100k,Hybrid,Yes,5.4,6.4,1.5,3.7,7.2,4.5,10.0,7.6,2.4,7.3,3.9,Anxiety,Not sure / undiagnosed,0,Difficult,Yes,0,No,None,No,1
3860,30,Non-binary,UK,AI/ML startup,Software Engineer,Enterprise (5 000+),2,$150k–$200k,Hybrid,Yes,7.1,6.0,8.3,4.8,5.7,8.5,8.2,8.1,1.0,6.9,6.8,Depression,Self-reported,1,Easy,No,0,No,None,Yes,1
3861,28,Female,Brazil,HealthTech,Security Engineer,Small (51–200),5,$100k–$150k,Hybrid,Yes,5.3,7.0,1.6,4.8,3.2,5.9,6.4,6.0,2.8,6.9,7.6,Anxiety,Not sure / undiagnosed,1,Moderate,Yes,1,Yes,None,No,1
3862,26,Female,Spain,Consulting/Agency,Cloud Architect,Large (1 001–5 000),17,<$50k,Hybrid,No,5.4,6.2,0.0,9.4,4.4,8.5,9.1,8.7,1.0,3.7,9.6,Burnout,Formally diagnosed,0,Moderate,Yes,0,Yes,4–7 days,Partially,1
3863,31,Male,USA,AI/ML startup,ML/AI Engineer,Medium (201–1 000),15,>$200k,Remote,No,5.0,6.9,5.1,6.9,6.1,7.8,7.9,7.0,2.9,5.1,7.0,Burnout,Formally diagnosed,1,Easy,No,0,Yes,None,Partially,1
3864,30,Male,Germany,Consulting/Agency,Backend Developer,Small (51–200),15,>$200k,In-person,Yes,5.0,5.4,11.6,4.3,8.7,5.6,10.0,5.7,1.4,5.2,7.5,Anxiety,Self-reported,0,Moderate,No,0,No,1–3 days,No,1
3865,29,Male,India,FinTech,DevOps/SRE,Large (1 001–5 000),0,$100k–$150k,In-person,Was already remote,3.0,6.8,1.2,6.6,6.0,5.7,7.6,6.9,1.4,2.9,8.6,None,N/A,0,Difficult,No,0,No,None,N/A,0
3866,26,Male,Germany,Cybersecurity,ML/AI Engineer,Medium (201–1 000),2,$75k–$100k,Remote,Was already remote,3.1,7.5,13.2,5.8,6.1,7.8,10.0,8.4,4.7,1.4,8.6,None,N/A,0,Easy,Yes,0,Yes,None,N/A,0
3867,34,Male,Canada,Gaming,Mobile Developer,Large (1 001–5 000),0,$100k–$150k,Remote,Yes,4.6,6.7,3.5,5.6,8.1,4.2,10.0,7.8,2.4,7.8,5.2,None,N/A,0,Moderate,Yes,0,No,None,N/A,0
3868,44,Male,USA,FinTech,Cloud Architect,Large (1 001–5 000),2,$50k–$75k,Remote,Yes,6.5,6.9,6.2,7.6,6.8,4.2,8.3,5.2,4.0,6.2,6.2,None,N/A,0,Easy,No,0,No,None,N/A,0
3869,33,Male,Canada,E-commerce,DevOps/SRE,Startup (1–50),1,$75k–$100k,Remote,Yes,4.7,7.5,2.3,5.6,5.7,5.7,10.0,6.3,2.5,3.8,8.0,None,N/A,0,Moderate,Yes,0,No,None,N/A,0
3870,39,Male,UK,E-commerce,Cloud Architect,Large (1 001–5 000),5,$150k–$200k,In-person,Was already remote,9.8,6.4,2.1,7.5,4.4,2.1,8.0,5.8,2.4,6.7,7.2,Depression,Formally diagnosed,1,Difficult,No,0,No,1–2 weeks,No,1
3871,21,Female,Sweden,Big Tech,CTO/VP Engineering,Large (1 001–5 000),8,$75k–$100k,In-person,No,7.1,7.1,5.8,7.6,9.8,4.8,7.3,3.6,1.0,4.1,4.0,Burnout,Self-reported,0,Moderate,Don't know,0,Yes,None,Yes,1
3872,33,Male,Netherlands,AI/ML startup,DevOps/SRE,Large (1 001–5 000),3,$50k–$75k,Remote,Yes,4.8,4.6,14.3,4.7,3.6,6.9,6.3,4.6,3.6,5.8,7.2,Burnout,Self-reported,0,Moderate,No,0,Yes,None,No,1
3873,23,Male,USA,Gaming,Data Scientist,Medium (201–1 000),8,<$50k,In-person,Was already remote,9.3,4.6,0.0,5.4,4.7,6.7,5.1,7.8,4.1,9.9,3.7,Anxiety & Depression,Not sure / undiagnosed,1,Moderate,No,0,No,None,Partially,1
3874,20,Female,USA,Consulting/Agency,DevOps/SRE,Small (51–200),0,$100k–$150k,In-person,No,5.6,8.7,7.8,6.3,1.8,5.9,5.8,6.6,4.0,4.4,5.4,None,N/A,0,Difficult,Don't know,0,No,None,N/A,0
3875,26,Prefer not to say,Spain,SaaS/Software,Cloud Architect,Small (51–200),9,>$200k,Remote,No,5.6,7.7,3.7,10.0,9.7,6.8,9.2,6.2,2.1,3.9,7.8,None,N/A,0,Easy,Don't know,0,No,None,N/A,0
3876,40,Male,Germany,E-commerce,Security Engineer,Enterprise (5 000+),1,$100k–$150k,In-person,Was already remote,7.2,5.9,9.7,6.3,5.6,5.1,6.2,6.9,6.2,4.7,6.7,Anxiety & Depression,Self-reported,1,Easy,No,0,No,None,No,1
3877,39,Male,Japan,Gaming,Full-Stack Developer,Enterprise (5 000+),3,$75k–$100k,Hybrid,Was already remote,5.9,7.3,1.1,7.0,8.1,6.2,7.2,6.8,1.8,6.2,5.7,None,N/A,0,Easy,Yes,0,Yes,None,N/A,0
3878,33,Female,USA,Big Tech,DevOps/SRE,Medium (201–1 000),3,$100k–$150k,Hybrid,Yes,6.2,5.9,0.6,6.0,6.2,5.3,8.4,7.6,3.4,6.5,5.0,Anxiety,Formally diagnosed,0,Difficult,Yes,0,No,1–2 weeks,No,1
3879,20,Non-binary,Germany,HealthTech,Security Engineer,Small (51–200),11,$100k–$150k,Remote,No,7.2,7.0,1.0,5.2,7.2,5.8,7.9,8.2,3.7,6.2,3.4,None,N/A,0,Moderate,No,0,No,None,N/A,0
3880,30,Female,Germany,Gaming,Software Engineer,Large (1 001–5 000),18,$150k–$200k,Hybrid,No,3.9,6.0,7.8,5.0,5.1,5.3,7.9,5.5,3.2,5.9,7.9,None,N/A,0,Difficult,Don't know,0,No,None,N/A,0
3881,34,Female,Japan,HealthTech,Software Engineer,Large (1 001–5 000),1,$100k–$150k,Hybrid,Yes,5.8,7.0,1.9,6.9,1.0,3.5,8.6,7.2,1.1,4.3,7.4,None,N/A,0,Difficult,Yes,0,Yes,None,N/A,0
3882,33,Male,USA,AI/ML startup,Software Engineer,Large (1 001–5 000),0,$50k–$75k,In-person,Yes,4.3,6.7,10.8,7.5,7.9,5.2,10.0,5.5,1.0,2.6,10.0,None,N/A,0,Easy,No,0,Yes,None,N/A,0
3883,18,Female,USA,Government/Public sector,Engineering Manager,Startup (1–50),5,$50k–$75k,Hybrid,Yes,6.6,7.3,0.5,2.5,5.7,6.0,9.0,3.9,2.5,4.6,8.2,None,N/A,0,Difficult,Yes,0,No,None,N/A,0
3884,25,Male,UK,HealthTech,Product Manager,Startup (1–50),3,>$200k,Hybrid,Was already remote,3.5,9.7,1.3,7.1,6.4,8.2,8.7,7.7,3.2,2.1,7.5,None,N/A,0,Easy,No,0,No,None,N/A,0
3885,31,Female,Singapore,AI/ML startup,QA/Test Engineer,Medium (201–1 000),4,$75k–$100k,Remote,Was already remote,8.8,6.0,2.9,7.3,6.4,5.1,7.8,5.5,6.8,7.3,5.2,None,N/A,0,Moderate,Yes,0,No,None,N/A,0
3886,36,Female,Mexico,FinTech,Security Engineer,Small (51–200),0,$150k–$200k,Hybrid,Was already remote,4.9,4.7,1.2,9.1,4.7,4.8,6.2,5.9,1.0,4.7,5.3,None,N/A,0,Moderate,Yes,0,Yes,None,N/A,0
3887,18,Prefer not to say,Argentina,AI/ML startup,QA/Test Engineer,Large (1 001–5 000),8,$75k–$100k,Hybrid,Was already remote,5.4,6.9,0.4,8.3,7.5,6.1,7.7,5.3,2.6,7.1,5.8,None,N/A,1,Easy,Yes,1,Yes,None,N/A,0
3888,30,Male,South Africa,Consulting/Agency,QA/Test Engineer,Medium (201–1 000),1,$150k–$200k,Hybrid,Yes,5.8,6.5,1.4,5.5,3.3,4.8,7.6,6.3,3.3,8.2,6.2,ADHD,Self-reported,0,Moderate,Don't know,0,Yes,None,Yes,1
3889,33,Male,USA,Gaming,Full-Stack Developer,Large (1 001–5 000),2,$50k–$75k,Hybrid,No,4.3,4.3,1.3,4.5,6.1,4.5,9.3,4.5,1.0,5.4,6.2,None,N/A,0,Moderate,Yes,0,Yes,None,N/A,0
3890,38,Female,USA,Cybersecurity,Software Engineer,Small (51–200),1,$50k–$75k,Remote,No,6.4,5.6,1.5,5.3,4.6,4.8,5.1,7.9,4.5,6.4,1.9,Depression,Not sure / undiagnosed,1,Easy,Don't know,0,Yes,1–2 weeks,Partially,1
3891,37,Female,USA,Government/Public sector,Data Analyst,Large (1 001–5 000),16,$75k–$100k,In-person,No,8.0,6.9,0.0,7.2,5.8,4.9,7.8,7.9,3.6,5.5,7.0,None,N/A,0,Moderate,Yes,0,No,None,N/A,0
3892,36,Female,UK,HealthTech,QA/Test Engineer,Medium (201–1 000),1,$100k–$150k,In-person,Was already remote,5.4,7.8,10.9,5.8,5.8,5.7,5.2,7.2,1.0,5.8,5.7,None,N/A,0,Moderate,Yes,0,Yes,None,N/A,0
3893,26,Male,Brazil,Government/Public sector,Mobile Developer,Small (51–200),7,$75k–$100k,In-person,No,5.2,7.9,5.6,7.4,7.0,6.3,10.0,7.3,2.0,6.1,7.2,Burnout,Formally diagnosed,0,No access,No,0,No,1–3 days,Partially,1
3894,18,Male,Ireland,Gaming,Backend Developer,Medium (201–1 000),1,$100k–$150k,Remote,No,7.2,8.1,5.8,9.9,2.7,6.4,4.9,6.9,4.0,6.5,5.9,None,N/A,0,Difficult,No,0,No,None,N/A,0
3895,29,Male,USA,Gaming,Backend Developer,Medium (201–1 000),3,$75k–$100k,Hybrid,No,7.0,6.0,0.7,8.2,1.4,7.2,6.8,5.0,3.9,5.3,5.5,None,N/A,0,Difficult,Yes,0,No,None,N/A,0
3896,39,Male,India,HealthTech,Security Engineer,Enterprise (5 000+),30,$100k–$150k,Hybrid,No,6.2,5.5,6.5,7.1,5.4,8.0,10.0,5.8,3.5,4.7,5.7,Burnout,Self-reported,1,Moderate,Yes,1,Yes,4–7 days,No,1
3897,42,Female,Spain,Big Tech,CTO/VP Engineering,Startup (1–50),0,$100k–$150k,Hybrid,Yes,8.2,4.4,2.2,6.4,10.0,6.1,8.1,8.5,4.4,6.2,6.6,Depression,Formally diagnosed,1,No access,No,0,No,1–2 weeks,Yes,1
3898,37,Male,Canada,Cybersecurity,CTO/VP Engineering,Large (1 001–5 000),11,$100k–$150k,In-person,Was already remote,6.7,6.4,0.0,6.2,9.1,4.1,9.9,3.4,1.0,8.6,2.6,None,N/A,0,Moderate,Don't know,0,Yes,None,N/A,0
3899,35,Female,USA,HealthTech,ML/AI Engineer,Enterprise (5 000+),16,$100k–$150k,In-person,Yes,9.2,5.2,0.0,7.9,5.2,4.7,6.6,6.3,4.5,6.8,6.8,Anxiety,Not sure / undiagnosed,0,Easy,Yes,0,Yes,None,No,1
3900,34,Female,Canada,SaaS/Software,Mobile Developer,Large (1 001–5 000),6,$150k–$200k,Hybrid,Yes,5.5,5.8,1.9,6.4,8.1,5.6,10.0,7.0,5.5,6.9,5.0,None,N/A,1,Moderate,No,0,Yes,None,N/A,0
3901,27,Female,UK,Government/Public sector,Product Manager,Large (1 001–5 000),0,$75k–$100k,In-person,Yes,3.9,5.2,2.0,7.4,8.6,6.3,10.0,5.3,1.0,4.6,5.0,None,N/A,0,Difficult,No,0,Yes,None,N/A,0
3902,31,Male,Germany,SaaS/Software,Data Analyst,Small (51–200),9,$75k–$100k,Hybrid,No,8.5,5.6,4.6,5.0,3.7,5.0,8.0,7.0,4.8,5.0,5.3,None,N/A,0,No access,No,0,No,None,N/A,0
3903,44,Female,Canada,Government/Public sector,DevOps/SRE,Medium (201–1 000),11,$100k–$150k,Remote,Was already remote,2.8,6.4,7.8,6.5,6.3,7.4,8.4,5.2,2.8,4.0,6.2,None,N/A,0,Easy,No,0,No,None,N/A,0
3904,24,Male,USA,FinTech,Security Engineer,Large (1 001–5 000),21,$100k–$150k,In-person,Was already remote,4.5,6.1,7.2,6.5,1.3,6.1,8.8,5.6,2.5,3.3,10.0,None,N/A,0,Moderate,Yes,0,No,None,N/A,0
3905,44,Female,Argentina,Government/Public sector,Software Engineer,Large (1 001–5 000),10,$100k–$150k,Remote,No,4.2,8.9,1.9,7.3,4.8,9.7,8.1,7.8,3.7,2.8,7.2,None,N/A,0,Moderate,Yes,0,Yes,None,N/A,0
3906,29,Male,Germany,Gaming,Full-Stack Developer,Medium (201–1 000),3,$150k–$200k,Remote,Yes,6.1,6.5,3.2,3.9,4.3,7.3,8.2,6.4,5.4,4.6,7.8,None,N/A,0,No access,Don't know,0,Yes,None,N/A,0
3907,41,Male,Canada,AI/ML startup,Product Manager,Enterprise (5 000+),6,$100k–$150k,Hybrid,No,5.9,6.4,2.2,7.4,6.8,6.2,5.2,6.2,6.0,5.6,5.9,None,N/A,0,Easy,No,0,Yes,None,N/A,0
3908,21,Male,Poland,SaaS/Software,Data Scientist,Medium (201–1 000),3,$150k–$200k,Remote,Was already remote,8.2,7.0,6.8,6.6,5.1,5.9,8.0,8.0,4.5,5.9,5.6,Anxiety & Depression,Self-reported,1,Difficult,Yes,1,No,4–7 days,No,1
3909,36,Male,USA,SaaS/Software,Security Engineer,Enterprise (5 000+),2,$100k–$150k,Hybrid,Yes,6.1,6.0,7.4,3.4,5.0,7.7,9.1,6.1,2.4,4.7,8.3,Burnout,Formally diagnosed,0,Easy,Yes,0,No,4–7 days,Partially,1
3910,26,Prefer not to say,USA,E-commerce,Data Scientist,Medium (201–1 000),5,<$50k,Hybrid,No,5.0,7.3,0.2,8.6,8.4,5.0,8.5,8.5,2.7,6.1,5.0,None,N/A,0,Difficult,Yes,0,No,None,N/A,0
3911,21,Male,Sweden,Government/Public sector,Cloud Architect,Large (1 001–5 000),8,$150k–$200k,Hybrid,No,5.5,7.4,2.8,4.3,1.8,7.0,8.3,8.2,2.0,4.7,4.6,Burnout,Formally diagnosed,1,Moderate,Yes,1,No,4–7 days,No,1
3912,33,Female,USA,Cybersecurity,Frontend Developer,Large (1 001–5 000),5,$150k–$200k,Remote,Yes,4.3,5.9,2.6,5.8,3.1,10.0,8.9,6.1,3.1,4.3,6.5,None,N/A,0,Difficult,Don't know,0,No,None,N/A,0
3913,39,Prefer not to say,Sweden,Consulting/Agency,DevOps/SRE,Large (1 001–5 000),9,<$50k,Remote,Yes,7.2,6.0,4.5,2.6,7.0,6.7,7.3,5.7,2.5,6.7,6.5,Other,Not sure / undiagnosed,1,Easy,Yes,1,No,>2 weeks,Yes,1
3914,25,Male,USA,SaaS/Software,Software Engineer,Startup (1–50),1,$50k–$75k,In-person,No,8.7,4.4,0.0,7.7,4.7,3.6,8.6,7.4,1.6,6.7,6.3,Anxiety,Formally diagnosed,0,No access,No,0,No,None,Partially,1
3915,20,Female,USA,Government/Public sector,Product Manager,Startup (1–50),2,$100k–$150k,Hybrid,Was already remote,6.4,5.3,3.8,6.7,6.7,4.4,7.4,8.5,3.2,6.5,6.0,Depression,Formally diagnosed,0,Moderate,Yes,0,No,1–2 weeks,Partially,1
3916,31,Male,Germany,Gaming,Data Scientist,Medium (201–1 000),2,<$50k,Remote,Was already remote,6.0,5.8,4.4,9.1,8.2,6.1,9.4,6.0,1.0,4.6,8.7,Depression,Self-reported,1,Easy,No,0,Yes,None,Partially,1
3917,31,Male,USA,Consulting/Agency,CTO/VP Engineering,Enterprise (5 000+),1,$75k–$100k,In-person,No,6.8,6.8,0.0,5.9,7.5,6.5,7.7,9.5,5.2,5.7,6.9,None,N/A,0,Easy,No,0,No,None,N/A,0
3918,36,Male,Netherlands,Big Tech,Frontend Developer,Large (1 001–5 000),3,>$200k,Remote,Was already remote,5.2,5.6,1.9,7.4,8.4,7.9,7.9,7.3,2.7,4.3,5.2,None,N/A,1,Moderate,Yes,1,No,None,N/A,0
3919,39,Non-binary,India,AI/ML startup,CTO/VP Engineering,Small (51–200),16,$50k–$75k,Hybrid,Yes,5.7,6.8,13.3,7.8,6.1,5.7,10.0,6.3,4.1,6.0,5.9,Depression,Formally diagnosed,1,Difficult,Don't know,0,No,1–3 days,Yes,1
3920,31,Male,Spain,Government/Public sector,Full-Stack Developer,Small (51–200),4,$50k–$75k,Hybrid,No,5.7,6.3,1.1,6.8,4.0,7.2,6.5,4.3,4.0,6.0,5.0,Depression,Formally diagnosed,1,Moderate,No,0,No,1–3 days,Partially,1
3921,45,Female,Sweden,FinTech,Mobile Developer,Large (1 001–5 000),1,$100k–$150k,Remote,Yes,7.3,6.0,6.9,5.6,3.5,7.6,6.1,4.9,4.6,3.7,7.1,ADHD,Formally diagnosed,1,Easy,No,0,No,None,Yes,1
3922,33,Male,USA,Consulting/Agency,Software Engineer,Medium (201–1 000),2,<$50k,Hybrid,Was already remote,5.3,7.6,3.0,4.7,4.6,6.2,8.4,6.5,3.4,4.1,6.7,None,N/A,0,Difficult,No,0,Yes,None,N/A,0
3923,29,Female,Sweden,Big Tech,Security Engineer,Enterprise (5 000+),5,$150k–$200k,Hybrid,Was already remote,2.2,9.3,2.0,4.8,7.4,6.4,7.5,8.6,1.7,2.6,9.6,None,N/A,0,Difficult,Don't know,0,Yes,None,N/A,0
3924,19,Male,India,Government/Public sector,Data Scientist,Medium (201–1 000),2,$50k–$75k,In-person,Yes,4.0,5.2,6.6,7.7,6.5,9.0,6.6,4.9,2.6,3.7,6.1,None,N/A,0,No access,Yes,0,No,None,N/A,0
3925,30,Female,Australia,Government/Public sector,Cloud Architect,Medium (201–1 000),4,$100k–$150k,Remote,Was already remote,10.0,6.3,15.0,5.0,8.2,3.2,7.4,7.2,3.2,10.0,5.3,Anxiety & Burnout,Self-reported,1,Difficult,Don't know,0,No,None,Partially,1
3926,29,Female,Brazil,Consulting/Agency,QA/Test Engineer,Medium (201–1 000),1,$75k–$100k,Remote,Yes,5.7,8.8,4.5,5.1,8.6,6.8,9.7,4.5,2.7,2.9,7.1,None,N/A,0,Easy,Don't know,1,No,None,N/A,0
3927,39,Female,Germany,Consulting/Agency,Backend Developer,Large (1 001–5 000),2,$100k–$150k,Hybrid,Was already remote,6.9,7.4,0.0,4.8,3.8,5.2,6.4,8.9,3.0,7.0,4.8,None,N/A,0,Moderate,No,0,No,None,N/A,0
3928,35,Non-binary,Canada,Consulting/Agency,Frontend Developer,Medium (201–1 000),6,$100k–$150k,In-person,Yes,5.9,7.3,0.0,6.2,7.5,6.1,6.0,3.7,3.4,6.7,6.6,Anxiety,Self-reported,1,Difficult,Yes,1,Yes,1–3 days,Yes,1
3929,23,Female,India,HealthTech,Full-Stack Developer,Small (51–200),4,>$200k,Remote,Was already remote,5.9,4.6,2.1,7.0,5.3,7.1,8.1,4.4,3.0,4.9,8.6,Depression,Formally diagnosed,1,No access,No,0,No,1–3 days,Partially,1
3930,33,Male,USA,AI/ML startup,Engineering Manager,Small (51–200),0,$100k–$150k,Remote,Yes,4.0,8.4,0.3,7.5,3.6,6.1,8.4,7.3,1.7,4.7,6.7,None,N/A,0,Easy,Yes,0,No,None,N/A,0
3931,37,Male,USA,SaaS/Software,Data Scientist,Large (1 001–5 000),19,$150k–$200k,Hybrid,Yes,9.1,7.7,2.8,4.8,9.1,3.9,4.5,6.6,6.5,8.3,5.0,Depression,Formally diagnosed,1,No access,No,0,No,4–7 days,No,1
3932,43,Male,India,Consulting/Agency,Security Engineer,Startup (1–50),0,$100k–$150k,Hybrid,Was already remote,4.7,7.6,0.2,6.5,5.5,6.2,9.7,7.8,4.3,4.1,8.0,None,N/A,0,Moderate,No,0,Yes,None,N/A,0
3933,38,Male,USA,Consulting/Agency,Full-Stack Developer,Small (51–200),0,>$200k,Remote,Was already remote,4.6,7.9,12.8,1.9,7.7,8.4,7.9,4.7,6.0,3.6,7.6,Anxiety,Formally diagnosed,0,Difficult,No,0,No,1–2 weeks,Partially,1
3934,37,Male,USA,HealthTech,DevOps/SRE,Small (51–200),6,$75k–$100k,Remote,Was already remote,6.7,7.6,7.0,6.8,10.0,5.5,8.2,6.0,1.0,8.7,4.8,Depression & Burnout,Formally diagnosed,1,Easy,No,0,Yes,1–2 weeks,No,1
3935,32,Male,USA,Gaming,Cloud Architect,Enterprise (5 000+),6,$100k–$150k,Hybrid,Was already remote,8.1,6.9,5.0,5.4,2.8,4.8,6.4,8.1,4.6,5.9,6.5,Other,Formally diagnosed,0,Moderate,Don't know,0,Yes,1–2 weeks,Partially,1
3936,34,Male,India,Big Tech,CTO/VP Engineering,Startup (1–50),0,$75k–$100k,Hybrid,No,5.5,7.6,5.7,2.4,5.9,6.7,7.9,6.7,2.9,5.8,4.1,None,N/A,0,Moderate,No,0,No,None,N/A,0
3937,41,Prefer not to say,UK,Cybersecurity,ML/AI Engineer,Large (1 001–5 000),5,<$50k,Remote,Was already remote,2.6,5.5,7.0,4.2,4.2,9.6,6.9,4.6,1.0,2.5,6.0,Anxiety,Not sure / undiagnosed,1,Moderate,Don't know,0,No,1–2 weeks,Yes,1
3938,22,Male,Netherlands,Government/Public sector,Frontend Developer,Large (1 001–5 000),0,$100k–$150k,Hybrid,Was already remote,2.7,10.0,2.6,6.3,5.4,7.3,10.0,6.6,2.9,4.7,6.8,Burnout,Formally diagnosed,0,Moderate,Yes,0,No,4–7 days,No,1
3939,29,Non-binary,UK,Government/Public sector,Product Manager,Large (1 001–5 000),17,$150k–$200k,In-person,No,8.8,7.0,4.4,5.2,6.3,1.6,6.9,6.9,7.0,5.6,5.1,None,N/A,0,Difficult,Don't know,0,Yes,None,N/A,0
3940,26,Male,Canada,Consulting/Agency,Mobile Developer,Large (1 001–5 000),6,$100k–$150k,Hybrid,No,6.1,7.6,1.3,6.5,4.3,3.8,7.8,6.4,1.2,6.0,4.6,Anxiety,Self-reported,0,Difficult,Yes,0,Yes,None,Yes,1
3941,34,Female,UK,HealthTech,Product Manager,Medium (201–1 000),1,$75k–$100k,Remote,Was already remote,8.4,6.5,5.7,6.7,7.2,4.3,7.1,9.7,3.3,6.7,5.7,None,N/A,0,Moderate,Don't know,0,No,None,N/A,0
3942,41,Female,India,AI/ML startup,Security Engineer,Medium (201–1 000),0,$75k–$100k,In-person,Was already remote,6.4,4.4,3.0,6.9,8.1,3.5,4.8,7.2,1.0,6.8,6.2,None,N/A,0,Moderate,Yes,0,Yes,None,N/A,0
3943,27,Male,UK,Cybersecurity,Mobile Developer,Small (51–200),4,$75k–$100k,Remote,Yes,4.5,4.4,1.7,6.3,7.0,8.9,8.7,8.5,2.8,7.0,3.1,Depression & Burnout,Self-reported,1,No access,No,0,Yes,None,Yes,1
3944,18,Male,South Africa,Gaming,Data Scientist,Medium (201–1 000),5,>$200k,Remote,No,6.7,7.0,4.3,4.2,7.0,6.5,5.3,8.8,2.5,6.3,5.0,None,N/A,0,No access,Don't know,0,No,None,N/A,0
3945,28,Male,Mexico,E-commerce,QA/Test Engineer,Enterprise (5 000+),9,$75k–$100k,Remote,Was already remote,6.5,6.4,0.6,7.7,5.4,7.7,6.9,4.8,3.4,2.9,7.1,Anxiety,Self-reported,1,No access,Yes,1,No,1–3 days,No,1
3946,38,Male,Japan,Gaming,QA/Test Engineer,Enterprise (5 000+),12,$75k–$100k,Remote,Yes,6.9,7.2,11.2,6.5,4.5,5.8,6.7,5.5,5.2,5.3,7.3,Anxiety,Self-reported,0,No access,No,0,Yes,1–2 weeks,Yes,1
3947,36,Non-binary,Spain,E-commerce,Security Engineer,Large (1 001–5 000),2,$75k–$100k,Remote,Was already remote,6.1,6.2,3.5,3.7,5.6,6.2,8.4,7.8,4.7,5.5,7.5,Anxiety,Formally diagnosed,1,Moderate,No,0,Yes,None,No,1
3948,35,Female,Canada,HealthTech,DevOps/SRE,Enterprise (5 000+),10,$50k–$75k,Hybrid,Yes,5.1,6.4,1.8,4.9,6.0,5.4,7.9,6.9,4.5,7.8,4.8,Burnout,Self-reported,1,Difficult,Yes,1,Yes,>2 weeks,Partially,1
3949,29,Male,Germany,AI/ML startup,Product Manager,Enterprise (5 000+),4,$50k–$75k,Hybrid,Yes,8.1,5.8,1.9,8.1,5.4,5.1,5.0,7.9,3.1,6.3,4.7,Depression,Formally diagnosed,1,Moderate,Yes,0,Yes,None,Partially,1
3950,22,Male,France,Cybersecurity,Frontend Developer,Large (1 001–5 000),3,$100k–$150k,Remote,Yes,5.9,6.1,4.4,3.8,5.9,6.1,10.0,5.4,4.5,5.5,8.8,None,N/A,0,Difficult,Yes,1,No,None,N/A,0
3951,35,Male,Australia,E-commerce,Engineering Manager,Medium (201–1 000),6,$150k–$200k,Hybrid,Yes,6.4,5.3,5.2,8.5,4.1,6.4,5.8,6.2,1.0,6.6,4.5,ADHD,Formally diagnosed,1,Difficult,No,0,No,4–7 days,No,1
3952,25,Male,Ireland,Consulting/Agency,Backend Developer,Medium (201–1 000),0,$150k–$200k,Hybrid,No,4.2,5.6,13.1,10.0,7.7,6.1,9.4,6.0,2.5,8.7,5.1,Other,Self-reported,0,Moderate,Don't know,0,No,None,No,1
3953,48,Female,France,SaaS/Software,QA/Test Engineer,Enterprise (5 000+),1,$150k–$200k,Remote,No,4.1,7.5,1.1,5.3,5.6,7.3,9.6,6.2,4.0,1.7,9.6,None,N/A,0,Easy,Yes,0,Yes,None,N/A,0
3954,36,Male,Argentina,SaaS/Software,Product Manager,Large (1 001–5 000),9,>$200k,Remote,Yes,4.5,7.6,2.6,4.9,9.2,7.4,8.7,5.5,1.9,4.0,6.5,Burnout,Not sure / undiagnosed,1,Difficult,Yes,1,Yes,None,Partially,1
3955,27,Male,UK,Consulting/Agency,Security Engineer,Large (1 001–5 000),3,$50k–$75k,In-person,No,4.0,3.8,0.6,7.8,8.0,5.9,8.8,6.4,1.6,4.0,8.8,None,N/A,0,No access,Don't know,0,Yes,None,N/A,0
3956,27,Male,Brazil,AI/ML startup,ML/AI Engineer,Startup (1–50),13,<$50k,Remote,Yes,2.1,7.2,1.1,5.6,7.8,10.0,10.0,10.0,2.3,2.3,8.2,Anxiety,Formally diagnosed,1,Difficult,No,0,No,None,No,1
3957,31,Male,Australia,FinTech,Frontend Developer,Small (51–200),0,$50k–$75k,Hybrid,Was already remote,4.9,6.6,0.4,5.4,5.0,5.5,7.8,10.0,1.0,5.6,6.7,Anxiety & Burnout,Not sure / undiagnosed,1,Easy,Don't know,0,No,None,Yes,1
3958,30,Female,Australia,Government/Public sector,Backend Developer,Small (51–200),2,$100k–$150k,In-person,Was already remote,8.7,6.5,0.0,7.5,5.2,3.7,7.9,8.7,2.1,10.0,3.4,ADHD,Formally diagnosed,1,Difficult,No,0,Yes,None,No,1
3959,40,Male,UK,Gaming,ML/AI Engineer,Small (51–200),2,$100k–$150k,Remote,No,5.2,7.3,4.1,5.2,5.6,5.2,7.6,5.3,1.0,7.3,3.5,Depression,Formally diagnosed,1,Moderate,Yes,1,Yes,1–3 days,No,1
3960,33,Prefer not to say,Sweden,E-commerce,Product Manager,Enterprise (5 000+),3,$100k–$150k,Hybrid,Was already remote,3.7,7.8,7.3,5.8,6.7,6.8,9.9,4.5,2.8,3.7,5.1,None,N/A,0,Difficult,Yes,0,No,None,N/A,0
3961,26,Female,Ireland,SaaS/Software,Cloud Architect,Small (51–200),23,$75k–$100k,Remote,Was already remote,7.3,5.9,1.4,5.7,6.8,7.2,7.9,10.0,5.2,7.9,5.4,None,N/A,0,Easy,Don't know,0,Yes,None,N/A,0
3962,46,Male,USA,Consulting/Agency,Data Scientist,Medium (201–1 000),2,$75k–$100k,Remote,No,5.8,5.8,2.6,6.3,5.3,6.7,8.2,4.0,2.2,6.5,8.6,Anxiety,Self-reported,1,Difficult,No,0,Yes,4–7 days,No,1
3963,32,Male,India,Cybersecurity,Data Analyst,Startup (1–50),4,$100k–$150k,Hybrid,Yes,5.3,4.8,0.7,3.6,10.0,9.3,5.5,6.3,3.8,6.9,3.1,Other,Self-reported,0,No access,Yes,0,No,>2 weeks,Yes,1
3964,37,Female,UK,Cybersecurity,Data Analyst,Small (51–200),4,$50k–$75k,Hybrid,Yes,3.8,6.9,5.8,5.6,4.9,6.0,9.4,8.6,2.9,6.9,4.2,None,N/A,0,Moderate,No,0,Yes,None,N/A,0
3965,27,Non-binary,Italy,E-commerce,Security Engineer,Small (51–200),8,$150k–$200k,Remote,Was already remote,6.0,4.9,7.4,4.7,1.0,4.6,6.7,5.7,4.1,4.6,7.1,None,N/A,0,Moderate,Don't know,0,Yes,None,N/A,0
3966,34,Female,Canada,FinTech,DevOps/SRE,Enterprise (5 000+),4,>$200k,Remote,Yes,6.1,5.8,2.0,4.5,4.1,6.1,8.2,7.0,5.3,5.3,5.9,None,N/A,0,Difficult,Yes,0,Yes,None,N/A,0
3967,34,Male,USA,Big Tech,Security Engineer,Large (1 001–5 000),5,$75k–$100k,Hybrid,Yes,6.6,4.9,0.2,9.3,6.2,3.5,8.6,5.8,3.3,7.1,5.0,None,N/A,0,Moderate,No,0,Yes,None,N/A,0
3968,18,Prefer not to say,UK,Big Tech,DevOps/SRE,Large (1 001–5 000),7,$150k–$200k,Hybrid,Yes,6.1,8.0,0.0,10.0,5.2,6.5,7.3,5.3,1.0,4.7,7.1,None,N/A,0,Difficult,No,0,No,None,N/A,0
3969,47,Male,India,HealthTech,Security Engineer,Enterprise (5 000+),0,$100k–$150k,Hybrid,No,5.7,5.2,2.5,4.5,6.9,4.0,5.6,8.4,4.2,7.5,4.2,Burnout,Self-reported,1,Difficult,No,0,Yes,None,No,1
3970,41,Female,USA,AI/ML startup,Mobile Developer,Enterprise (5 000+),18,$75k–$100k,Remote,No,6.0,5.6,2.1,7.2,6.0,6.0,8.4,3.8,5.4,4.5,8.0,None,N/A,0,Difficult,No,0,No,None,N/A,0
3971,29,Non-binary,India,AI/ML startup,Backend Developer,Medium (201–1 000),10,<$50k,Remote,No,5.8,7.2,8.9,5.3,5.3,5.4,7.1,5.6,1.1,6.4,3.5,ADHD,Formally diagnosed,0,Moderate,Yes,0,Yes,1–3 days,No,1
3972,23,Male,Mexico,Gaming,ML/AI Engineer,Small (51–200),2,$75k–$100k,Hybrid,Yes,3.3,8.4,0.6,7.6,4.0,6.4,10.0,5.8,1.0,3.7,7.2,None,N/A,0,Difficult,Don't know,0,No,None,N/A,0
3973,34,Non-binary,Japan,Gaming,Product Manager,Small (51–200),7,$100k–$150k,In-person,Yes,9.5,5.0,0.0,2.8,7.5,2.8,4.0,8.6,2.9,8.9,1.0,Other,Formally diagnosed,0,Easy,Yes,0,No,1–2 weeks,No,1
3974,32,Male,USA,Big Tech,Cloud Architect,Startup (1–50),7,<$50k,Remote,Yes,7.1,8.0,0.2,5.2,3.5,5.0,7.9,5.8,2.4,8.9,4.8,Depression,Self-reported,1,Easy,No,0,Yes,1–3 days,No,1
3975,34,Prefer not to say,Argentina,E-commerce,Product Manager,Small (51–200),10,$150k–$200k,In-person,No,6.3,6.2,2.4,6.1,4.3,5.4,7.4,5.2,7.3,6.1,3.6,Burnout,Self-reported,1,Easy,No,0,Yes,1–3 days,No,1
3976,33,Male,Australia,SaaS/Software,Data Scientist,Medium (201–1 000),1,>$200k,Remote,No,5.6,7.9,1.0,2.7,8.9,7.4,7.8,6.9,3.1,6.1,3.9,Depression,Formally diagnosed,0,Easy,Yes,0,No,4–7 days,Yes,1
3977,35,Non-binary,USA,SaaS/Software,Full-Stack Developer,Startup (1–50),6,$50k–$75k,Remote,Yes,5.7,6.7,0.6,6.9,5.2,4.7,9.3,4.7,1.0,5.5,5.6,Burnout,Self-reported,1,Difficult,Yes,1,No,None,No,1
3978,42,Male,USA,Consulting/Agency,DevOps/SRE,Enterprise (5 000+),0,$75k–$100k,Remote,Yes,6.5,5.0,2.1,3.4,1.3,8.0,7.9,9.1,1.4,3.5,5.6,Depression,Self-reported,1,Easy,No,0,No,>2 weeks,No,1
3979,36,Female,USA,E-commerce,Full-Stack Developer,Large (1 001–5 000),0,$100k–$150k,Hybrid,Was already remote,8.5,5.1,0.0,7.9,7.4,4.6,6.7,5.6,1.2,7.2,4.6,Depression,Formally diagnosed,1,Difficult,Yes,1,Yes,1–3 days,No,1
3980,24,Female,Brazil,SaaS/Software,Full-Stack Developer,Small (51–200),8,$150k–$200k,Hybrid,Was already remote,4.8,6.7,13.0,4.9,9.2,6.2,7.7,6.5,3.4,6.1,4.8,None,N/A,0,Moderate,Don't know,0,Yes,None,N/A,0
3981,42,Male,USA,FinTech,Data Scientist,Large (1 001–5 000),9,$75k–$100k,In-person,Yes,6.5,7.6,6.5,5.3,3.1,5.4,7.6,7.1,4.2,7.0,6.1,ADHD,Self-reported,0,Moderate,No,0,Yes,None,Partially,1
3982,44,Male,USA,Government/Public sector,Full-Stack Developer,Large (1 001–5 000),4,$100k–$150k,In-person,No,3.1,7.8,1.6,6.3,5.8,5.6,6.4,6.7,1.0,3.9,6.4,None,N/A,0,Difficult,Don't know,0,No,None,N/A,0
3983,55,Female,Netherlands,AI/ML startup,Full-Stack Developer,Small (51–200),4,>$200k,Hybrid,Yes,7.5,7.6,0.7,5.8,10.0,7.3,6.7,5.7,3.5,4.9,3.5,None,N/A,0,Moderate,Yes,0,Yes,None,N/A,0
3984,23,Male,India,FinTech,Data Scientist,Large (1 001–5 000),7,$75k–$100k,Hybrid,Yes,6.6,5.7,0.5,6.9,8.7,5.4,6.7,4.0,4.1,8.6,3.9,None,N/A,0,Easy,Yes,0,Yes,None,N/A,0
3985,33,Female,Sweden,SaaS/Software,Cloud Architect,Small (51–200),13,$50k–$75k,Remote,Was already remote,5.8,4.9,9.0,9.9,9.4,4.8,7.9,7.2,4.0,8.8,3.7,None,N/A,0,Moderate,Yes,0,No,None,N/A,0
3986,18,Male,France,Government/Public sector,Mobile Developer,Startup (1–50),3,>$200k,In-person,Yes,2.1,8.1,4.5,8.6,4.8,9.0,9.6,6.2,1.0,1.0,8.6,None,N/A,0,Easy,Yes,0,No,None,N/A,0
3987,36,Non-binary,USA,Consulting/Agency,QA/Test Engineer,Medium (201–1 000),0,$50k–$75k,Remote,Yes,5.0,7.3,2.6,3.6,5.1,9.5,8.1,6.3,5.0,4.8,6.2,Depression,Self-reported,1,Easy,No,0,Yes,>2 weeks,Partially,1
3988,27,Male,Ireland,Gaming,Full-Stack Developer,Medium (201–1 000),10,<$50k,In-person,Yes,4.3,6.8,2.7,4.9,8.5,4.7,8.8,6.6,2.8,6.3,5.4,Other,Formally diagnosed,1,Moderate,Yes,1,No,1–2 weeks,No,1
3989,46,Male,USA,E-commerce,DevOps/SRE,Startup (1–50),2,$75k–$100k,In-person,Was already remote,4.4,6.4,0.8,5.8,6.4,6.8,8.0,8.4,1.0,5.5,6.5,Burnout,Formally diagnosed,1,Difficult,No,0,Yes,>2 weeks,Partially,1
3990,26,Male,Germany,E-commerce,Data Scientist,Medium (201–1 000),0,$50k–$75k,Remote,Was already remote,2.7,6.9,12.2,3.7,8.5,10.0,6.1,1.0,4.3,4.6,6.0,Anxiety & Burnout,Formally diagnosed,0,Moderate,No,0,Yes,None,Partially,1
3991,19,Male,India,SaaS/Software,Frontend Developer,Enterprise (5 000+),5,>$200k,In-person,No,5.3,5.9,8.5,6.7,5.3,5.9,4.6,5.0,2.3,6.2,4.8,None,N/A,0,Difficult,Yes,0,Yes,None,N/A,0
3992,28,Male,USA,HealthTech,CTO/VP Engineering,Large (1 001–5 000),4,$75k–$100k,Hybrid,No,9.3,6.2,9.5,9.1,7.7,5.3,5.9,7.8,2.8,5.1,7.0,Burnout,Formally diagnosed,1,Moderate,Yes,1,No,1–2 weeks,Partially,1
3993,18,Male,New Zealand,SaaS/Software,Full-Stack Developer,Large (1 001–5 000),3,$150k–$200k,Remote,Yes,7.3,7.0,0.6,5.7,4.8,7.7,4.6,7.5,3.2,5.7,4.7,None,N/A,0,Easy,Yes,0,Yes,None,N/A,0
3994,37,Female,Canada,Gaming,QA/Test Engineer,Large (1 001–5 000),10,$50k–$75k,Remote,Was already remote,6.1,8.0,2.0,6.9,3.9,8.3,10.0,5.7,4.7,5.2,5.4,Depression,Self-reported,1,Moderate,No,0,Yes,None,No,1
3995,18,Female,USA,Gaming,Cloud Architect,Large (1 001–5 000),1,$50k–$75k,Remote,Yes,7.0,6.4,2.0,4.6,6.3,7.1,7.1,6.0,4.4,4.4,7.1,None,N/A,0,Easy,Yes,0,No,None,N/A,0
3996,32,Female,Mexico,Consulting/Agency,Cloud Architect,Startup (1–50),0,$100k–$150k,Hybrid,Yes,9.9,6.1,1.0,6.6,4.4,2.7,9.0,3.8,5.5,6.9,3.4,None,N/A,0,Difficult,No,0,No,None,N/A,0
3997,18,Male,India,Big Tech,Engineering Manager,Enterprise (5 000+),2,>$200k,In-person,Was already remote,4.2,5.2,0.3,6.0,2.9,4.3,6.5,6.9,1.4,4.3,3.8,ADHD,Not sure / undiagnosed,0,Moderate,No,0,No,1–2 weeks,No,1
3998,29,Female,Australia,Gaming,DevOps/SRE,Large (1 001–5 000),0,$50k–$75k,Hybrid,Was already remote,4.6,7.0,6.4,5.9,2.7,6.0,9.6,9.9,1.0,2.8,10.0,None,N/A,0,Difficult,Yes,0,Yes,None,N/A,0
3999,44,Male,Germany,Gaming,Software Engineer,Small (51–200),4,$100k–$150k,Remote,No,5.1,7.4,4.8,5.2,7.1,8.7,7.8,6.5,4.0,5.1,7.4,None,N/A,0,Moderate,No,0,No,None,N/A,0
4000,34,Female,Brazil,AI/ML startup,DevOps/SRE,Medium (201–1 000),2,$50k–$75k,Remote,No,3.5,6.3,2.7,8.3,5.8,5.6,6.5,8.0,2.1,3.3,4.9,Anxiety & Depression,Formally diagnosed,1,Moderate,No,0,No,None,No,1
4001,25,Male,USA,FinTech,ML/AI Engineer,Large (1 001–5 000),9,$150k–$200k,In-person,Was already remote,6.6,8.0,0.6,7.5,4.1,4.9,7.5,7.4,1.3,6.2,6.2,Anxiety,Not sure / undiagnosed,1,Easy,No,0,No,4–7 days,No,1
4002,31,Male,USA,AI/ML startup,Frontend Developer,Startup (1–50),8,>$200k,In-person,Was already remote,5.4,5.8,3.4,7.6,6.2,6.9,6.6,5.7,2.0,4.4,5.5,None,N/A,0,Easy,Don't know,0,No,None,N/A,0
4003,32,Male,Canada,SaaS/Software,Cloud Architect,Small (51–200),3,$100k–$150k,In-person,Was already remote,7.1,6.6,0.0,5.9,7.2,3.8,8.7,5.3,4.9,9.0,3.8,Depression & Burnout,Formally diagnosed,0,Moderate,Don't know,0,No,1–2 weeks,No,1
4004,35,Female,USA,Gaming,Mobile Developer,Startup (1–50),1,$100k–$150k,Remote,Yes,7.5,6.4,20.0,6.3,6.8,5.3,6.3,7.6,2.5,6.1,5.9,Anxiety,Self-reported,1,Moderate,Yes,1,Yes,4–7 days,No,1
4005,21,Male,Australia,Cybersecurity,Cloud Architect,Enterprise (5 000+),3,<$50k,Remote,Was already remote,8.4,5.1,0.0,5.0,6.9,3.5,5.1,5.2,2.5,7.6,6.0,None,N/A,0,Moderate,Yes,1,Yes,None,N/A,0
4006,36,Female,UK,Government/Public sector,Data Analyst,Startup (1–50),5,$50k–$75k,Hybrid,Yes,7.3,6.1,0.0,5.3,6.9,4.5,8.5,8.5,3.8,6.6,5.1,Anxiety & Burnout,Self-reported,0,Difficult,Yes,0,No,None,No,1
4007,18,Male,USA,SaaS/Software,Product Manager,Small (51–200),1,$50k–$75k,Remote,No,5.3,6.8,3.2,5.6,4.8,5.4,10.0,7.3,1.9,5.0,7.2,None,N/A,0,Moderate,Don't know,0,No,None,N/A,0
4008,27,Female,USA,Consulting/Agency,Security Engineer,Startup (1–50),8,$75k–$100k,Remote,Yes,5.1,6.9,2.2,5.2,7.2,6.6,7.9,6.6,2.5,3.5,8.9,Anxiety & Depression,Self-reported,1,Moderate,Don't know,0,No,None,Yes,1
4009,28,Non-binary,France,Consulting/Agency,ML/AI Engineer,Large (1 001–5 000),2,$150k–$200k,Remote,Yes,4.2,5.3,4.7,5.7,3.6,5.6,8.5,5.5,4.4,6.1,6.5,Depression,Formally diagnosed,1,Easy,No,0,Yes,>2 weeks,Partially,1
4010,36,Male,Brazil,SaaS/Software,Engineering Manager,Enterprise (5 000+),14,$100k–$150k,Hybrid,No,6.1,6.9,0.2,9.5,6.5,7.4,7.2,6.7,1.0,5.6,8.2,None,N/A,0,Easy,Yes,0,No,None,N/A,0
4011,32,Male,UK,E-commerce,Data Scientist,Medium (201–1 000),3,$50k–$75k,Remote,Yes,6.6,7.5,1.1,7.4,4.2,4.8,6.0,7.0,1.0,4.6,7.0,Depression,Formally diagnosed,0,Easy,Yes,0,No,None,Partially,1
4012,21,Non-binary,Germany,Big Tech,Mobile Developer,Startup (1–50),10,$150k–$200k,Remote,Yes,3.3,8.1,2.9,6.8,2.4,6.7,8.9,4.9,1.0,4.0,7.2,None,N/A,0,Difficult,Don't know,0,Yes,None,N/A,0
4013,24,Male,USA,FinTech,Data Scientist,Medium (201–1 000),5,>$200k,Remote,Yes,8.1,7.0,1.2,4.6,2.4,4.8,7.1,6.8,5.3,9.0,4.5,Anxiety & Depression,Not sure / undiagnosed,1,No access,Yes,1,No,>2 weeks,No,1
4014,33,Male,India,Big Tech,Product Manager,Large (1 001–5 000),4,$100k–$150k,Remote,Was already remote,6.0,5.5,2.8,4.5,2.1,5.8,5.3,8.7,2.5,7.2,3.2,None,N/A,0,Easy,Don't know,0,No,None,N/A,0
4015,31,Female,USA,Government/Public sector,Mobile Developer,Large (1 001–5 000),6,$100k–$150k,Hybrid,Yes,5.3,7.5,0.3,3.7,7.0,10.0,5.7,6.0,4.0,5.2,5.3,None,N/A,0,Moderate,Yes,0,No,None,N/A,0
4016,27,Female,Canada,Consulting/Agency,Mobile Developer,Large (1 001–5 000),9,$50k–$75k,Hybrid,Yes,4.2,5.3,2.7,8.9,8.5,5.3,7.0,6.1,1.0,4.1,7.4,Anxiety,Formally diagnosed,1,Easy,No,0,Yes,>2 weeks,Yes,1
4017,28,Male,India,Consulting/Agency,Backend Developer,Small (51–200),5,$75k–$100k,Hybrid,No,8.5,5.8,1.8,6.8,8.4,5.9,5.1,5.1,2.7,7.4,3.6,Anxiety,Formally diagnosed,1,Easy,Yes,1,No,1–2 weeks,Yes,1
4018,37,Female,Spain,SaaS/Software,Backend Developer,Startup (1–50),8,$75k–$100k,Remote,Was already remote,6.9,5.1,6.9,5.6,7.2,4.6,6.2,7.8,1.7,5.8,5.0,Depression & Burnout,Formally diagnosed,0,Moderate,Yes,0,Yes,>2 weeks,Yes,1
4019,28,Male,UK,Consulting/Agency,Engineering Manager,Startup (1–50),1,>$200k,Remote,No,7.6,7.3,2.2,6.6,5.6,7.7,9.9,4.9,4.1,7.3,5.4,Burnout,Self-reported,1,Easy,No,1,Yes,1–3 days,No,1
4020,31,Male,Netherlands,E-commerce,Security Engineer,Enterprise (5 000+),1,$100k–$150k,Remote,Was already remote,5.8,6.7,2.5,7.5,3.0,6.8,8.4,3.1,5.4,5.2,6.6,Burnout,Self-reported,0,Difficult,Yes,0,No,None,Yes,1
4021,48,Female,India,Big Tech,Product Manager,Large (1 001–5 000),1,$150k–$200k,Remote,Yes,8.9,3.8,4.8,4.0,6.8,5.9,6.1,5.9,5.2,9.5,5.2,Burnout,Formally diagnosed,0,Easy,Yes,0,No,4–7 days,No,1
4022,21,Male,Spain,Consulting/Agency,Mobile Developer,Large (1 001–5 000),8,$50k–$75k,Hybrid,No,7.5,5.9,0.0,7.0,7.4,6.2,7.2,5.5,2.7,6.4,3.1,Depression,Formally diagnosed,1,Difficult,Yes,1,Yes,None,No,1
4023,18,Male,UK,HealthTech,Data Scientist,Enterprise (5 000+),0,$75k–$100k,Hybrid,Was already remote,8.4,4.5,2.7,6.2,5.6,7.0,6.6,8.1,5.9,5.2,5.8,None,N/A,0,Moderate,Don't know,0,Yes,None,N/A,0
4024,37,Female,UK,Cybersecurity,Mobile Developer,Enterprise (5 000+),8,$50k–$75k,Remote,No,8.1,5.5,5.0,5.8,8.0,8.1,6.3,7.8,3.5,5.7,6.1,Anxiety & Burnout,Formally diagnosed,1,Moderate,No,0,Yes,4–7 days,Partially,1
4025,26,Female,Ireland,HealthTech,DevOps/SRE,Small (51–200),2,$150k–$200k,Remote,Yes,4.9,6.4,0.4,6.7,4.3,8.8,8.1,5.5,2.1,2.6,10.0,Anxiety & Depression,Self-reported,1,Moderate,Yes,0,Yes,1–3 days,Yes,1
4026,29,Female,USA,SaaS/Software,Frontend Developer,Startup (1–50),0,$50k–$75k,Remote,No,6.4,7.2,5.5,8.3,7.7,4.9,6.6,4.7,4.2,4.2,6.4,None,N/A,0,Moderate,No,0,Yes,None,N/A,0
4027,26,Non-binary,USA,Government/Public sector,Engineering Manager,Enterprise (5 000+),3,$100k–$150k,Hybrid,Was already remote,8.4,7.0,4.5,10.0,5.1,6.4,6.0,4.1,3.9,4.8,4.8,None,N/A,0,Difficult,No,0,Yes,None,N/A,0
4028,30,Female,USA,Cybersecurity,QA/Test Engineer,Enterprise (5 000+),1,<$50k,In-person,Was already remote,6.9,4.8,0.0,7.8,7.4,4.8,7.1,6.5,1.0,5.6,5.7,None,N/A,0,Moderate,Yes,0,Yes,None,N/A,0
4029,43,Male,Brazil,Gaming,Data Analyst,Medium (201–1 000),4,$100k–$150k,Hybrid,Yes,4.2,6.6,1.2,2.8,8.4,8.3,8.7,5.7,3.3,5.3,5.8,None,N/A,0,Difficult,Yes,0,No,None,N/A,0
4030,38,Male,USA,HealthTech,Frontend Developer,Enterprise (5 000+),3,$100k–$150k,Hybrid,Yes,6.2,6.1,0.2,7.0,4.0,2.9,7.5,7.9,1.9,6.6,4.3,Anxiety,Self-reported,0,Easy,Yes,0,Yes,None,Yes,1
4031,38,Female,Japan,E-commerce,Product Manager,Small (51–200),1,$100k–$150k,Hybrid,Was already remote,7.5,4.8,1.8,6.3,5.0,5.7,5.7,7.3,2.7,5.3,5.1,None,N/A,0,Moderate,Yes,0,Yes,None,N/A,0
4032,21,Male,Canada,FinTech,Data Scientist,Startup (1–50),10,$50k–$75k,Remote,Yes,3.4,6.8,9.0,8.4,4.6,5.5,10.0,6.0,1.9,4.5,5.2,None,N/A,0,Moderate,Yes,0,No,None,N/A,0
4033,23,Female,USA,Government/Public sector,Backend Developer,Medium (201–1 000),2,$100k–$150k,Hybrid,No,4.3,7.9,3.4,7.0,8.2,7.3,8.0,6.8,3.6,3.5,7.2,Burnout,Formally diagnosed,1,No access,No,0,Yes,None,Yes,1
4034,18,Female,UK,Government/Public sector,Engineering Manager,Large (1 001–5 000),3,$100k–$150k,Hybrid,Yes,3.4,6.0,3.7,6.8,8.1,5.9,7.6,10.0,1.0,3.2,8.8,Anxiety,Formally diagnosed,1,Easy,Yes,1,Yes,None,No,1
4035,25,Male,USA,E-commerce,Security Engineer,Large (1 001–5 000),10,>$200k,In-person,Yes,6.9,7.3,0.0,6.4,5.3,3.5,10.0,5.2,4.6,7.5,4.8,Depression,Formally diagnosed,0,Easy,Yes,0,Yes,>2 weeks,No,1
4036,39,Non-binary,India,E-commerce,Data Scientist,Large (1 001–5 000),0,<$50k,In-person,Was already remote,8.8,4.4,2.8,6.1,7.1,1.7,2.9,5.3,1.5,7.5,4.8,Anxiety & Burnout,Self-reported,0,No access,Don't know,0,No,None,No,1
4037,35,Male,Australia,HealthTech,Security Engineer,Startup (1–50),2,>$200k,Remote,Was already remote,2.3,9.1,8.4,6.5,4.9,6.7,9.5,4.1,1.0,4.4,7.7,None,N/A,0,Moderate,Yes,0,No,None,N/A,0
4038,30,Male,Canada,Cybersecurity,Backend Developer,Small (51–200),2,$100k–$150k,Remote,No,6.4,6.5,1.6,10.0,4.3,6.7,7.1,5.8,3.2,6.1,6.6,None,N/A,0,Easy,Don't know,0,No,None,N/A,0
4039,31,Prefer not to say,USA,SaaS/Software,CTO/VP Engineering,Enterprise (5 000+),3,$75k–$100k,Remote,Yes,4.9,6.0,4.0,5.6,6.9,7.5,10.0,6.7,2.5,5.1,4.2,None,N/A,0,Easy,Don't know,0,Yes,None,N/A,0
4040,26,Male,India,Consulting/Agency,Frontend Developer,Startup (1–50),0,$100k–$150k,Hybrid,Was already remote,9.1,6.6,0.1,5.0,7.1,4.6,8.3,7.2,6.6,10.0,3.8,Depression,Self-reported,1,No access,Don't know,1,Yes,None,Partially,1
4041,33,Male,Brazil,Government/Public sector,ML/AI Engineer,Large (1 001–5 000),0,$100k–$150k,Hybrid,Yes,6.4,9.2,0.7,6.4,4.0,5.2,8.2,5.5,2.7,5.6,7.0,None,N/A,0,Moderate,Don't know,0,No,None,N/A,0
4042,37,Male,France,HealthTech,Mobile Developer,Large (1 001–5 000),2,$75k–$100k,Hybrid,No,7.5,7.7,0.0,3.1,5.8,6.1,7.2,6.9,5.1,6.2,3.7,None,N/A,0,Moderate,Yes,1,No,None,N/A,0
4043,19,Female,Brazil,HealthTech,DevOps/SRE,Large (1 001–5 000),0,$100k–$150k,Hybrid,Yes,8.5,6.0,0.0,3.5,5.4,8.8,5.1,2.2,7.3,4.9,6.1,Anxiety & Depression,Formally diagnosed,1,Moderate,Yes,0,No,None,No,1
4044,34,Female,USA,HealthTech,Mobile Developer,Enterprise (5 000+),1,$100k–$150k,In-person,Yes,6.3,7.9,1.1,4.0,2.1,5.7,9.3,4.1,4.6,7.8,4.6,ADHD,Not sure / undiagnosed,0,Easy,No,0,Yes,None,Yes,1
4045,38,Female,Ireland,AI/ML startup,Frontend Developer,Medium (201–1 000),1,$100k–$150k,Remote,No,2.8,9.8,3.6,4.7,4.8,6.1,8.8,7.3,1.1,5.0,6.7,Burnout,Self-reported,1,Difficult,Yes,0,Yes,1–2 weeks,Partially,1
4046,28,Female,UK,Big Tech,DevOps/SRE,Large (1 001–5 000),3,$100k–$150k,Remote,Was already remote,5.8,6.2,5.1,10.0,6.2,4.7,9.8,7.5,4.4,6.5,5.6,Burnout,Formally diagnosed,0,Moderate,Yes,0,No,4–7 days,No,1
4047,37,Male,USA,FinTech,Full-Stack Developer,Small (51–200),0,$100k–$150k,Hybrid,Was already remote,6.4,6.7,0.8,4.5,4.5,5.4,7.8,9.4,6.0,5.1,6.1,Anxiety,Formally diagnosed,0,Moderate,Don't know,0,No,None,No,1
4048,53,Female,Brazil,SaaS/Software,Frontend Developer,Medium (201–1 000),6,$75k–$100k,Remote,No,3.9,6.1,1.0,6.2,4.2,8.1,7.9,5.4,2.0,5.0,7.8,None,N/A,0,Difficult,Don't know,0,No,None,N/A,0
4049,31,Female,Mexico,Gaming,Software Engineer,Medium (201–1 000),10,<$50k,Hybrid,Yes,2.6,6.9,2.8,5.1,5.9,5.9,10.0,6.1,3.6,4.3,6.0,None,N/A,0,Easy,Don't know,0,No,None,N/A,0
4050,34,Male,India,Big Tech,Software Engineer,Small (51–200),6,$100k–$150k,Hybrid,Yes,3.5,6.8,5.9,6.5,5.9,5.5,8.6,5.9,4.2,5.5,6.3,None,N/A,0,Moderate,Yes,0,Yes,None,N/A,0
4051,26,Male,USA,HealthTech,CTO/VP Engineering,Enterprise (5 000+),9,$75k–$100k,In-person,Yes,8.4,5.6,0.8,9.3,6.3,3.1,6.1,7.5,3.7,7.4,5.2,Depression & Burnout,Not sure / undiagnosed,0,Moderate,Don't know,0,Yes,None,Yes,1
4052,33,Prefer not to say,USA,Cybersecurity,DevOps/SRE,Large (1 001–5 000),5,<$50k,Hybrid,Was already remote,3.9,8.3,8.9,9.1,5.9,5.1,8.5,5.1,1.4,4.6,6.6,Depression,Not sure / undiagnosed,1,Difficult,Yes,0,Yes,None,Yes,1
4053,35,Female,Canada,HealthTech,Engineering Manager,Small (51–200),3,$75k–$100k,Remote,Yes,10.0,3.6,0.0,5.2,7.4,6.1,6.9,7.0,4.3,7.3,4.2,Anxiety & Burnout,Formally diagnosed,1,Difficult,Don't know,0,No,1–3 days,Yes,1
4054,33,Female,Ireland,Cybersecurity,Engineering Manager,Startup (1–50),1,$50k–$75k,Hybrid,Yes,8.6,6.0,4.0,5.6,7.4,4.4,7.2,8.1,3.7,6.4,3.4,None,N/A,0,Moderate,Don't know,0,Yes,None,N/A,0
4055,24,Female,USA,E-commerce,Mobile Developer,Small (51–200),1,$100k–$150k,Hybrid,No,7.6,6.2,1.5,7.6,7.6,6.3,5.6,8.2,1.7,5.5,5.5,Anxiety & Depression,Self-reported,1,Moderate,No,0,Yes,None,No,1
4056,33,Female,Brazil,AI/ML startup,Full-Stack Developer,Large (1 001–5 000),2,$100k–$150k,Hybrid,Yes,3.2,6.7,0.9,7.7,8.1,6.2,10.0,9.6,1.0,5.7,6.4,None,N/A,1,Difficult,Don't know,0,Yes,None,N/A,0
4057,42,Female,USA,Government/Public sector,Mobile Developer,Large (1 001–5 000),0,$150k–$200k,Hybrid,Was already remote,8.5,6.9,0.2,6.3,7.9,2.9,5.0,4.1,3.4,9.7,4.8,Depression & Burnout,Formally diagnosed,0,Moderate,Yes,0,Yes,1–3 days,Partially,1
4058,35,Female,Sweden,SaaS/Software,DevOps/SRE,Medium (201–1 000),13,$75k–$100k,Remote,No,5.1,7.7,6.8,7.6,4.5,9.9,8.0,7.3,3.7,5.0,7.2,None,N/A,0,No access,Yes,0,No,None,N/A,0
4059,39,Male,Spain,SaaS/Software,Mobile Developer,Startup (1–50),12,$75k–$100k,Remote,Yes,2.7,7.4,0.7,4.2,3.4,6.9,8.4,4.9,4.8,5.7,7.1,Burnout,Not sure / undiagnosed,1,Easy,Don't know,0,No,None,No,1
4060,30,Female,Canada,Gaming,Product Manager,Small (51–200),0,$100k–$150k,Hybrid,No,6.5,6.8,4.5,4.4,7.2,6.9,8.5,3.5,4.3,4.3,6.7,None,N/A,0,Difficult,No,0,Yes,None,N/A,0
4061,37,Male,UK,Consulting/Agency,Software Engineer,Small (51–200),4,>$200k,Remote,No,6.8,6.3,5.3,5.4,8.6,6.0,6.7,3.5,3.3,6.8,3.2,Depression,Formally diagnosed,1,Easy,No,0,Yes,1–2 weeks,No,1
4062,34,Female,Sweden,Gaming,CTO/VP Engineering,Large (1 001–5 000),3,>$200k,Remote,Was already remote,4.6,7.6,0.6,4.4,4.6,9.2,10.0,7.7,1.8,3.0,9.6,None,N/A,0,Difficult,Yes,0,Yes,None,N/A,0
4063,24,Male,Germany,E-commerce,Engineering Manager,Small (51–200),6,$100k–$150k,Hybrid,Was already remote,4.9,8.6,11.5,7.6,7.5,7.8,9.6,5.5,1.0,4.0,6.9,ADHD,Self-reported,0,Easy,No,0,No,1–3 days,No,1
4064,34,Male,Australia,Big Tech,Data Scientist,Small (51–200),5,$100k–$150k,In-person,Yes,5.7,7.8,7.0,2.5,9.4,8.0,6.9,5.0,4.7,5.4,6.7,Depression,Formally diagnosed,0,Easy,Yes,0,Yes,>2 weeks,Yes,1
4065,24,Male,India,Gaming,Cloud Architect,Small (51–200),0,$100k–$150k,Hybrid,Yes,5.6,9.1,0.5,6.1,5.6,6.2,9.3,8.3,3.5,4.8,10.0,Anxiety,Not sure / undiagnosed,1,Moderate,No,0,Yes,1–3 days,No,1
4066,27,Male,USA,SaaS/Software,DevOps/SRE,Medium (201–1 000),5,$100k–$150k,Hybrid,No,7.3,7.2,0.3,5.8,3.2,4.5,9.3,5.8,5.2,8.5,5.2,Depression & Burnout,Formally diagnosed,0,Moderate,Yes,0,No,1–3 days,Yes,1
4067,33,Male,Japan,AI/ML startup,Security Engineer,Medium (201–1 000),5,$100k–$150k,Hybrid,No,5.5,4.7,5.8,7.1,8.7,5.3,8.6,6.8,2.6,4.3,6.4,Depression,Not sure / undiagnosed,1,Moderate,Yes,1,Yes,>2 weeks,Partially,1
4068,34,Male,USA,E-commerce,DevOps/SRE,Large (1 001–5 000),4,$75k–$100k,Hybrid,Yes,9.0,6.6,1.7,5.9,7.2,6.1,6.9,3.5,3.5,4.0,6.8,Anxiety,Formally diagnosed,1,Moderate,Yes,1,No,None,Yes,1
4069,23,Prefer not to say,Mexico,Government/Public sector,Cloud Architect,Large (1 001–5 000),2,$75k–$100k,Hybrid,Was already remote,6.6,5.6,8.5,7.4,6.3,3.9,7.7,7.0,2.4,5.1,6.0,None,N/A,0,Easy,Yes,0,Yes,None,N/A,0
4070,39,Male,USA,Gaming,Data Analyst,Large (1 001–5 000),17,$100k–$150k,Remote,No,3.0,8.7,14.1,5.4,7.4,6.8,9.9,6.8,1.0,3.7,9.4,Burnout,Formally diagnosed,1,Moderate,Don't know,0,No,1–3 days,No,1
4071,36,Male,France,Cybersecurity,QA/Test Engineer,Small (51–200),10,$150k–$200k,Remote,No,8.1,5.8,0.6,4.7,5.4,4.9,6.4,7.7,2.0,8.1,4.6,ADHD,Not sure / undiagnosed,1,Difficult,No,0,No,None,Yes,1
4072,26,Female,USA,AI/ML startup,Mobile Developer,Startup (1–50),4,$75k–$100k,Remote,Yes,4.5,5.5,0.5,5.1,9.0,5.6,7.4,5.6,4.0,6.0,5.0,None,N/A,0,Moderate,Yes,0,Yes,None,N/A,0
4073,20,Female,UK,FinTech,QA/Test Engineer,Medium (201–1 000),0,$100k–$150k,Hybrid,Yes,8.1,6.5,3.4,6.0,5.8,5.1,8.1,7.3,3.8,8.4,2.0,None,N/A,0,Moderate,Don't know,0,No,None,N/A,0
4074,30,Male,USA,SaaS/Software,Backend Developer,Startup (1–50),3,$100k–$150k,Remote,No,6.6,6.1,8.5,5.2,2.2,8.6,8.5,4.9,5.7,2.9,7.0,Burnout,Self-reported,1,No access,No,0,No,None,Yes,1
4075,28,Female,France,HealthTech,Security Engineer,Medium (201–1 000),6,$75k–$100k,Hybrid,Was already remote,4.5,7.4,0.8,5.0,5.1,6.9,8.1,6.8,3.1,5.9,5.8,None,N/A,0,No access,No,0,Yes,None,N/A,0
4076,32,Female,Germany,Government/Public sector,Mobile Developer,Startup (1–50),0,$100k–$150k,In-person,Was already remote,5.2,7.1,14.7,2.5,2.1,5.8,8.1,9.6,1.0,6.3,4.2,Anxiety,Formally diagnosed,1,Moderate,No,0,No,None,No,1
4077,29,Male,Singapore,SaaS/Software,Full-Stack Developer,Small (51–200),2,>$200k,Hybrid,No,6.8,6.8,0.3,8.5,6.0,4.5,7.6,4.8,2.6,6.0,6.5,Burnout,Formally diagnosed,0,Easy,No,0,No,1–3 days,Yes,1
4078,18,Male,USA,E-commerce,Engineering Manager,Startup (1–50),1,$75k–$100k,Hybrid,Yes,6.5,6.9,0.0,6.8,10.0,7.7,9.9,5.7,2.2,5.2,6.9,Anxiety,Self-reported,1,Easy,Yes,1,No,None,Partially,1
4079,29,Non-binary,Australia,Cybersecurity,Software Engineer,Large (1 001–5 000),2,$150k–$200k,Hybrid,No,7.7,7.2,1.6,5.4,3.6,2.8,5.3,7.0,2.4,8.3,4.9,Burnout,Formally diagnosed,0,No access,Yes,0,No,None,Yes,1
4080,29,Female,Netherlands,Gaming,Software Engineer,Small (51–200),0,$75k–$100k,Remote,Yes,6.8,6.6,5.2,8.9,4.9,6.4,7.8,5.8,1.0,6.9,6.1,Anxiety,Formally diagnosed,1,Moderate,Yes,1,No,None,Partially,1
4081,36,Female,USA,E-commerce,CTO/VP Engineering,Startup (1–50),0,$150k–$200k,Remote,No,6.0,6.4,1.3,3.9,3.0,6.7,8.1,6.7,1.4,5.5,7.5,ADHD,Formally diagnosed,0,Difficult,Yes,0,Yes,None,No,1
4082,26,Male,UK,AI/ML startup,QA/Test Engineer,Small (51–200),3,$150k–$200k,Remote,Was already remote,6.2,6.3,1.1,5.2,5.7,5.7,9.1,5.3,6.0,6.8,4.1,Anxiety & Depression,Formally diagnosed,0,Moderate,No,0,Yes,None,Yes,1
4083,44,Male,Canada,Cybersecurity,DevOps/SRE,Large (1 001–5 000),12,$150k–$200k,Remote,No,5.7,6.3,0.6,7.0,6.3,7.9,7.3,6.4,1.1,3.7,7.0,Anxiety,Formally diagnosed,0,Easy,Yes,0,Yes,None,Partially,1
4084,18,Female,UK,HealthTech,Cloud Architect,Large (1 001–5 000),3,>$200k,Remote,Yes,6.9,6.1,14.4,5.7,2.0,6.7,6.9,5.6,3.5,8.0,3.3,None,N/A,0,Moderate,Yes,0,Yes,None,N/A,0
4085,41,Male,UK,Consulting/Agency,DevOps/SRE,Startup (1–50),3,$50k–$75k,Remote,No,6.8,7.4,1.0,6.4,7.3,5.9,8.7,7.2,2.0,6.4,6.6,Anxiety,Not sure / undiagnosed,1,No access,No,0,Yes,>2 weeks,No,1
4086,30,Male,Australia,Gaming,Software Engineer,Large (1 001–5 000),8,$75k–$100k,Remote,No,6.5,7.9,3.4,5.0,5.4,6.6,6.4,4.9,1.0,5.1,6.7,Burnout,Self-reported,0,Moderate,Yes,0,No,None,No,1
4087,38,Female,USA,Government/Public sector,Full-Stack Developer,Medium (201–1 000),1,$100k–$150k,Hybrid,No,10.0,6.6,0.0,3.8,5.5,4.1,7.4,5.2,4.3,10.0,2.8,Other,Formally diagnosed,1,Moderate,No,0,Yes,None,Yes,1
4088,32,Male,France,SaaS/Software,Security Engineer,Large (1 001–5 000),0,$100k–$150k,Hybrid,Was already remote,6.7,6.8,1.6,4.8,3.8,7.6,6.5,4.2,4.4,6.9,3.1,ADHD,Self-reported,1,Moderate,No,0,Yes,None,Yes,1
4089,40,Female,Mexico,Cybersecurity,Cloud Architect,Large (1 001–5 000),1,$150k–$200k,In-person,Yes,8.2,6.2,4.7,7.3,6.1,5.1,5.8,7.5,2.7,7.4,4.5,Anxiety,Self-reported,1,Moderate,Yes,0,Yes,1–2 weeks,No,1
4090,29,Female,Germany,Gaming,ML/AI Engineer,Large (1 001–5 000),8,<$50k,Hybrid,Yes,4.8,7.1,12.4,7.0,9.1,7.2,8.8,9.0,5.7,3.5,9.6,Depression & Burnout,Self-reported,0,Difficult,Yes,0,No,1–3 days,No,1
4091,23,Male,India,Government/Public sector,CTO/VP Engineering,Large (1 001–5 000),6,$100k–$150k,Remote,Was already remote,6.0,6.9,0.4,4.5,7.5,5.3,7.5,8.2,1.7,4.7,7.0,None,N/A,0,Difficult,Yes,0,Yes,None,N/A,0
4092,42,Female,USA,Big Tech,Product Manager,Startup (1–50),0,$150k–$200k,Remote,No,2.1,6.8,1.1,2.5,7.6,7.5,9.9,8.4,2.5,3.1,9.0,Burnout,Self-reported,0,Moderate,Yes,0,Yes,None,Partially,1
4093,31,Male,Japan,E-commerce,Data Analyst,Medium (201–1 000),6,<$50k,Remote,Was already remote,6.2,5.8,15.0,6.3,3.3,4.9,8.7,6.9,1.0,6.2,4.1,None,N/A,0,Moderate,Yes,0,Yes,None,N/A,0
4094,33,Female,USA,SaaS/Software,Software Engineer,Small (51–200),14,$100k–$150k,Hybrid,Yes,4.9,6.9,2.9,5.1,10.0,7.4,10.0,7.1,3.1,5.1,6.3,Depression,Not sure / undiagnosed,0,Easy,Yes,0,Yes,1–3 days,No,1
4095,41,Male,India,FinTech,Backend Developer,Enterprise (5 000+),0,$75k–$100k,In-person,Yes,4.7,5.9,1.6,6.2,4.9,4.4,7.0,6.1,4.5,7.5,5.6,Anxiety,Self-reported,1,Moderate,Yes,0,No,None,Partially,1
4096,24,Male,New Zealand,Big Tech,ML/AI Engineer,Small (51–200),5,$150k–$200k,Hybrid,Yes,6.4,5.6,10.9,7.4,7.1,6.5,7.5,6.7,3.6,2.9,9.6,Anxiety,Self-reported,0,Easy,Yes,0,No,None,Partially,1
4097,36,Female,India,Government/Public sector,Engineering Manager,Medium (201–1 000),2,<$50k,Remote,Was already remote,5.3,6.0,1.7,9.7,6.2,7.7,8.2,6.7,1.0,4.1,7.6,None,N/A,0,Easy,Yes,0,No,None,N/A,0
4098,27,Male,France,Big Tech,CTO/VP Engineering,Small (51–200),3,$50k–$75k,Hybrid,Was already remote,3.2,8.5,1.4,5.4,6.2,6.5,10.0,4.7,3.0,5.0,4.6,Depression,Formally diagnosed,0,Moderate,Yes,0,Yes,None,Yes,1
4099,31,Non-binary,Canada,Gaming,Software Engineer,Startup (1–50),4,$50k–$75k,Remote,Yes,5.6,8.3,5.5,5.6,7.7,5.4,7.8,6.7,1.7,5.3,6.5,Depression,Formally diagnosed,0,Moderate,Yes,0,No,None,No,1
4100,32,Male,USA,Cybersecurity,Data Analyst,Large (1 001–5 000),8,<$50k,Hybrid,Yes,10.0,5.7,0.0,5.8,8.0,4.2,4.4,2.8,3.1,8.7,3.5,ADHD,Self-reported,0,Difficult,Don't know,0,Yes,1–3 days,No,1
4101,20,Male,Sweden,FinTech,QA/Test Engineer,Medium (201–1 000),4,$100k–$150k,Hybrid,Yes,6.8,6.5,0.9,8.0,2.7,4.6,7.0,4.9,3.6,4.6,5.3,None,N/A,0,Easy,No,0,Yes,None,N/A,0
4102,26,Male,USA,Consulting/Agency,Software Engineer,Medium (201–1 000),4,$150k–$200k,Hybrid,No,6.5,7.3,1.6,6.9,3.1,2.7,6.3,8.6,4.0,6.9,5.0,None,N/A,1,Easy,Yes,1,No,None,N/A,0
4103,42,Male,Australia,Cybersecurity,CTO/VP Engineering,Startup (1–50),2,$100k–$150k,Hybrid,Yes,4.0,6.0,4.4,6.4,5.6,9.1,8.1,6.1,2.3,2.8,8.8,Anxiety,Not sure / undiagnosed,0,Difficult,Yes,0,No,None,No,1
4104,38,Male,USA,Consulting/Agency,CTO/VP Engineering,Large (1 001–5 000),0,$75k–$100k,Remote,Yes,3.8,7.2,6.8,7.2,6.9,6.7,7.9,8.4,2.2,5.0,6.0,Burnout,Self-reported,1,Difficult,Yes,0,Yes,1–2 weeks,Partially,1
4105,31,Female,Japan,Government/Public sector,ML/AI Engineer,Startup (1–50),6,$75k–$100k,Hybrid,No,4.3,9.1,1.1,3.3,6.0,6.3,7.6,6.8,4.6,4.9,7.2,None,N/A,0,Easy,No,0,No,None,N/A,0
4106,33,Female,USA,HealthTech,Product Manager,Medium (201–1 000),0,$75k–$100k,Hybrid,Was already remote,6.5,6.4,1.2,6.7,4.0,4.2,8.5,2.8,4.9,5.3,6.1,Depression,Formally diagnosed,0,Difficult,No,0,No,None,Yes,1
4107,29,Female,Germany,Cybersecurity,DevOps/SRE,Large (1 001–5 000),2,$100k–$150k,In-person,Yes,3.8,6.9,2.7,8.8,7.5,5.5,6.8,8.6,1.7,3.5,9.4,None,N/A,0,Moderate,Yes,0,No,None,N/A,0
4108,42,Prefer not to say,India,Government/Public sector,Frontend Developer,Medium (201–1 000),1,$100k–$150k,Hybrid,Was already remote,8.6,5.9,0.0,6.5,9.0,2.8,7.6,6.6,5.2,8.6,4.2,Burnout,Self-reported,1,Easy,Yes,1,No,None,Partially,1
4109,30,Male,Canada,Gaming,QA/Test Engineer,Startup (1–50),2,$100k–$150k,Remote,No,3.9,6.8,4.5,6.6,5.6,6.4,10.0,6.7,3.2,4.6,5.6,None,N/A,0,Difficult,Don't know,0,Yes,None,N/A,0
4110,33,Female,UK,Consulting/Agency,Security Engineer,Large (1 001–5 000),2,$75k–$100k,Remote,Yes,7.5,6.7,2.2,6.4,6.9,5.1,8.1,4.0,7.2,8.0,3.8,Burnout,Not sure / undiagnosed,1,Difficult,Yes,0,No,>2 weeks,No,1
4111,40,Male,Canada,Government/Public sector,ML/AI Engineer,Small (51–200),6,$100k–$150k,Hybrid,No,6.5,6.8,0.1,9.3,2.8,3.2,7.2,7.5,1.0,6.2,7.5,Anxiety & Burnout,Not sure / undiagnosed,1,Difficult,No,0,Yes,1–3 days,No,1
4112,26,Female,USA,SaaS/Software,Cloud Architect,Startup (1–50),1,$100k–$150k,In-person,No,8.7,3.7,0.0,10.0,5.2,5.1,7.6,8.4,5.5,7.5,5.4,Anxiety,Formally diagnosed,1,Moderate,Don't know,0,No,4–7 days,Yes,1
4113,43,Male,Canada,Consulting/Agency,Backend Developer,Medium (201–1 000),4,<$50k,Remote,No,4.0,7.7,8.2,5.7,7.2,7.6,6.9,8.6,2.0,5.0,5.3,Burnout,Self-reported,1,Moderate,No,0,No,None,Yes,1
4114,20,Prefer not to say,UK,Gaming,Backend Developer,Startup (1–50),3,>$200k,Remote,Yes,10.0,4.6,2.6,6.2,6.1,3.7,5.6,6.8,7.9,10.0,1.8,ADHD,Formally diagnosed,0,Difficult,Don't know,0,Yes,None,No,1
4115,44,Female,Germany,SaaS/Software,Engineering Manager,Small (51–200),8,$50k–$75k,Hybrid,Yes,6.3,7.2,1.3,4.9,4.3,6.3,6.6,9.7,3.1,6.5,7.7,Depression & Burnout,Formally diagnosed,1,Moderate,Yes,0,Yes,1–3 days,Yes,1
4116,29,Non-binary,USA,Government/Public sector,Data Scientist,Large (1 001–5 000),3,$100k–$150k,Hybrid,Was already remote,8.2,6.1,0.6,8.2,5.3,5.7,7.1,5.7,4.1,7.1,3.9,None,N/A,0,Moderate,Yes,0,No,None,N/A,0
4117,30,Female,Italy,Big Tech,Frontend Developer,Enterprise (5 000+),10,>$200k,Remote,Yes,6.7,6.6,0.9,7.3,7.6,4.9,6.7,4.0,3.1,5.8,6.6,None,N/A,0,Difficult,No,0,No,None,N/A,0
4118,18,Non-binary,Canada,AI/ML startup,Engineering Manager,Medium (201–1 000),0,$75k–$100k,Hybrid,No,4.1,7.2,4.0,2.4,5.3,7.8,7.1,8.7,2.7,5.5,5.2,Burnout,Formally diagnosed,0,Moderate,Yes,0,Yes,None,No,1
4119,28,Female,USA,Cybersecurity,Software Engineer,Small (51–200),5,<$50k,Remote,Yes,4.6,6.3,0.8,7.0,4.8,5.6,7.3,7.1,1.0,5.3,7.1,Anxiety,Formally diagnosed,0,Easy,No,1,Yes,1–3 days,Yes,1
4120,24,Male,Canada,FinTech,Data Scientist,Small (51–200),0,$100k–$150k,Hybrid,Was already remote,6.0,5.9,15.0,5.5,6.7,9.6,6.1,1.3,3.0,6.4,5.4,Burnout,Formally diagnosed,1,Moderate,Yes,1,No,1–3 days,No,1
4121,27,Male,Singapore,Gaming,Backend Developer,Large (1 001–5 000),6,$75k–$100k,Remote,Was already remote,4.6,7.7,4.2,6.5,5.8,9.4,6.6,9.4,2.1,4.5,3.1,Burnout,Formally diagnosed,0,Difficult,No,0,No,None,No,1
4122,30,Male,USA,HealthTech,Security Engineer,Medium (201–1 000),1,$100k–$150k,In-person,Was already remote,6.3,6.0,0.1,3.8,7.9,4.7,7.7,5.7,3.1,6.8,5.9,None,N/A,0,Moderate,No,0,Yes,None,N/A,0
4123,39,Male,Australia,FinTech,Software Engineer,Small (51–200),2,$150k–$200k,In-person,No,7.6,5.1,0.0,5.3,4.8,5.4,8.2,9.1,2.4,6.6,5.0,None,N/A,0,Moderate,Yes,0,No,None,N/A,0
4124,33,Male,Germany,Government/Public sector,Data Scientist,Large (1 001–5 000),2,$100k–$150k,In-person,No,8.3,6.6,2.7,4.8,6.7,4.6,7.5,6.4,4.4,7.8,6.2,Anxiety & Burnout,Self-reported,0,Difficult,Yes,0,Yes,>2 weeks,Yes,1
4125,34,Male,USA,SaaS/Software,Security Engineer,Small (51–200),10,$100k–$150k,Hybrid,Yes,9.0,6.4,0.6,6.2,3.4,4.7,4.7,5.5,4.0,8.4,3.8,None,N/A,0,Easy,Yes,0,No,None,N/A,0
4126,23,Male,Brazil,Consulting/Agency,Software Engineer,Small (51–200),0,$100k–$150k,Hybrid,Yes,5.9,6.6,3.5,5.7,6.2,5.1,6.6,6.4,3.7,6.8,8.3,ADHD,Formally diagnosed,0,Difficult,No,0,Yes,None,No,1
4127,25,Prefer not to say,UK,FinTech,Product Manager,Startup (1–50),6,$150k–$200k,Remote,Yes,5.2,7.0,4.4,6.7,8.7,6.6,6.6,7.3,3.4,4.0,8.1,None,N/A,0,Easy,No,1,Yes,None,N/A,0
4128,45,Non-binary,USA,SaaS/Software,Frontend Developer,Large (1 001–5 000),21,$100k–$150k,Hybrid,No,2.9,7.4,3.3,4.3,1.5,6.9,7.0,7.7,2.3,4.2,6.9,None,N/A,0,No access,Don't know,0,No,None,N/A,0
4129,26,Male,Brazil,AI/ML startup,QA/Test Engineer,Small (51–200),0,>$200k,In-person,Was already remote,1.8,8.2,1.9,4.5,6.8,5.8,6.4,5.6,4.6,5.5,8.9,None,N/A,0,Easy,Yes,0,No,None,N/A,0
4130,44,Male,India,Consulting/Agency,QA/Test Engineer,Small (51–200),18,$100k–$150k,Hybrid,Yes,5.8,7.5,2.6,6.5,5.2,5.5,5.4,4.7,2.3,4.5,7.2,Anxiety & Burnout,Formally diagnosed,0,Moderate,Yes,0,Yes,None,Yes,1
4131,30,Male,Ireland,Cybersecurity,QA/Test Engineer,Small (51–200),0,<$50k,Hybrid,Yes,8.3,6.7,1.0,4.4,5.8,4.4,7.1,6.4,2.9,9.2,4.1,Anxiety,Self-reported,1,Difficult,Yes,1,Yes,None,No,1
4132,32,Male,India,Big Tech,Backend Developer,Enterprise (5 000+),10,$75k–$100k,Remote,No,6.2,7.5,7.4,5.0,5.2,8.9,7.3,5.2,3.9,5.6,5.7,Anxiety,Self-reported,0,Difficult,Don't know,0,No,4–7 days,No,1
4133,40,Female,France,AI/ML startup,Product Manager,Medium (201–1 000),17,$150k–$200k,Hybrid,Yes,6.8,8.2,4.2,6.6,6.0,7.6,7.7,4.1,3.5,4.9,5.9,None,N/A,0,Difficult,Yes,0,Yes,None,N/A,0
4134,41,Male,Brazil,Consulting/Agency,CTO/VP Engineering,Small (51–200),27,$50k–$75k,Hybrid,Yes,4.2,7.5,3.6,9.3,6.9,8.8,8.7,6.2,3.4,4.7,7.7,Depression,Not sure / undiagnosed,0,Easy,Don't know,0,No,4–7 days,No,1
4135,31,Female,USA,AI/ML startup,Data Analyst,Large (1 001–5 000),3,$150k–$200k,Remote,Yes,5.2,6.7,0.1,4.5,3.2,6.3,10.0,5.5,2.7,4.8,3.9,Depression,Not sure / undiagnosed,1,Moderate,No,1,No,None,No,1
4136,29,Female,Netherlands,Cybersecurity,Frontend Developer,Small (51–200),11,$100k–$150k,In-person,Was already remote,8.1,4.4,15.3,3.0,7.0,4.5,7.3,5.2,3.3,8.2,5.7,Burnout,Not sure / undiagnosed,1,Difficult,Yes,1,Yes,1–2 weeks,Yes,1
4137,31,Female,India,SaaS/Software,ML/AI Engineer,Medium (201–1 000),0,>$200k,Hybrid,Was already remote,6.8,5.0,2.4,5.7,9.1,5.4,8.2,4.7,2.2,6.3,6.9,None,N/A,0,Difficult,No,0,Yes,None,N/A,0
4138,34,Male,USA,Consulting/Agency,Full-Stack Developer,Medium (201–1 000),3,$150k–$200k,Remote,Yes,5.2,7.2,1.0,6.0,5.4,4.3,10.0,8.7,3.6,6.0,7.0,Anxiety,Formally diagnosed,0,Difficult,Yes,0,Yes,1–2 weeks,Yes,1
4139,38,Female,Canada,Government/Public sector,Data Analyst,Medium (201–1 000),2,$100k–$150k,Hybrid,Was already remote,7.2,6.0,2.5,9.4,4.7,3.0,7.7,3.8,3.1,6.4,5.8,Anxiety,Self-reported,1,Difficult,Yes,1,No,1–2 weeks,Partially,1
4140,32,Male,USA,Gaming,ML/AI Engineer,Startup (1–50),2,$150k–$200k,Remote,Was already remote,6.2,6.0,5.6,7.2,5.5,4.9,10.0,7.3,4.6,4.1,6.3,None,N/A,0,Difficult,No,0,No,None,N/A,0
4141,36,Male,France,FinTech,Engineering Manager,Large (1 001–5 000),6,>$200k,Hybrid,Yes,8.0,6.8,1.9,6.6,6.4,4.8,7.2,7.3,4.6,6.6,5.1,Burnout,Self-reported,0,Difficult,Yes,0,No,None,Yes,1
4142,44,Male,Germany,Big Tech,Engineering Manager,Medium (201–1 000),0,$75k–$100k,Hybrid,Yes,6.9,7.2,4.7,7.0,4.4,4.8,7.3,7.9,2.1,6.5,7.2,None,N/A,0,Easy,Yes,0,No,None,N/A,0
4143,34,Male,Poland,E-commerce,QA/Test Engineer,Enterprise (5 000+),34,>$200k,Hybrid,Was already remote,5.4,7.1,1.7,5.6,7.1,7.8,9.9,7.2,2.8,5.5,5.9,None,N/A,0,Easy,Yes,0,No,None,N/A,0
4144,34,Male,USA,HealthTech,ML/AI Engineer,Large (1 001–5 000),5,<$50k,In-person,Yes,5.6,6.2,3.0,4.1,9.8,5.8,7.8,5.2,1.7,7.9,4.9,Anxiety,Formally diagnosed,0,Easy,No,0,No,None,No,1
4145,20,Male,India,SaaS/Software,Software Engineer,Enterprise (5 000+),11,$150k–$200k,Remote,Was already remote,3.5,9.3,2.3,8.8,9.2,8.3,6.6,7.8,1.0,6.1,4.8,None,N/A,0,Moderate,Yes,0,Yes,None,N/A,0
4146,18,Female,USA,Gaming,Software Engineer,Medium (201–1 000),9,$75k–$100k,Remote,No,3.1,7.1,3.2,5.5,7.8,8.9,10.0,3.6,1.0,3.0,7.1,None,N/A,1,Moderate,Don't know,0,No,None,N/A,0
4147,34,Female,India,HealthTech,ML/AI Engineer,Startup (1–50),7,$100k–$150k,In-person,Yes,5.2,7.8,0.6,8.5,7.8,6.8,6.2,8.8,1.0,4.4,4.3,None,N/A,0,Difficult,Yes,0,Yes,None,N/A,0
4148,31,Male,France,E-commerce,DevOps/SRE,Large (1 001–5 000),0,$150k–$200k,Hybrid,No,8.4,5.8,2.2,5.8,8.2,6.0,5.2,7.8,6.9,7.4,5.0,Anxiety,Self-reported,1,Easy,No,0,Yes,1–2 weeks,Yes,1
4149,28,Male,France,Consulting/Agency,Engineering Manager,Large (1 001–5 000),3,$100k–$150k,Hybrid,Was already remote,6.8,5.3,13.0,8.1,5.9,6.8,8.5,2.3,2.1,8.9,1.8,ADHD,Not sure / undiagnosed,0,Moderate,Yes,0,No,None,No,1
4150,33,Female,Brazil,AI/ML startup,Data Scientist,Enterprise (5 000+),2,$100k–$150k,In-person,No,5.5,6.8,4.9,8.2,3.1,4.5,9.9,6.8,2.9,8.4,5.5,Burnout,Self-reported,0,Moderate,No,0,No,None,Partially,1
4151,31,Male,Japan,Gaming,Full-Stack Developer,Small (51–200),0,$50k–$75k,Hybrid,No,7.2,9.1,0.7,5.4,7.9,6.0,5.9,6.2,4.9,6.3,6.1,None,N/A,0,Moderate,Don't know,0,Yes,None,N/A,0
4152,40,Non-binary,USA,Big Tech,CTO/VP Engineering,Medium (201–1 000),2,>$200k,Hybrid,Yes,8.0,7.2,6.1,6.1,2.9,7.8,7.4,7.3,4.1,4.8,8.2,Anxiety & Depression,Self-reported,1,Moderate,Don't know,0,No,1–3 days,Partially,1
4153,32,Female,UK,Cybersecurity,Cloud Architect,Enterprise (5 000+),5,$75k–$100k,Hybrid,Was already remote,4.9,6.7,7.9,7.0,4.8,8.7,8.2,4.7,1.0,2.6,6.4,Anxiety,Not sure / undiagnosed,0,No access,No,0,No,4–7 days,No,1
4154,26,Male,Australia,Government/Public sector,Backend Developer,Enterprise (5 000+),1,$50k–$75k,Hybrid,Yes,4.9,7.4,0.7,8.0,7.0,6.9,5.8,4.5,5.4,3.0,7.6,Anxiety,Not sure / undiagnosed,1,Easy,Yes,0,No,None,No,1
4155,39,Male,Canada,FinTech,Security Engineer,Startup (1–50),3,$100k–$150k,In-person,Was already remote,10.0,5.4,0.0,4.0,4.2,4.3,5.6,7.3,4.1,9.3,4.4,Anxiety,Formally diagnosed,1,No access,Don't know,0,No,>2 weeks,No,1
4156,30,Male,USA,AI/ML startup,Mobile Developer,Large (1 001–5 000),2,$75k–$100k,In-person,No,4.4,7.7,3.1,10.0,9.8,5.2,10.0,8.5,1.9,5.2,7.8,Burnout,Formally diagnosed,0,Moderate,No,0,No,None,Yes,1
4157,35,Male,Germany,SaaS/Software,ML/AI Engineer,Large (1 001–5 000),0,$100k–$150k,Hybrid,No,5.0,8.9,2.3,5.3,5.1,4.6,7.8,5.6,2.6,6.7,6.0,None,N/A,0,Easy,Yes,0,Yes,None,N/A,0
4158,28,Male,UK,HealthTech,Frontend Developer,Startup (1–50),5,$75k–$100k,Hybrid,Yes,5.4,6.1,4.3,5.1,3.4,5.1,6.5,5.6,3.2,7.5,3.3,Depression & Burnout,Self-reported,1,Moderate,Yes,1,No,>2 weeks,No,1
4159,27,Female,UK,SaaS/Software,DevOps/SRE,Enterprise (5 000+),5,$75k–$100k,Remote,No,4.2,7.3,1.4,9.1,6.5,9.7,10.0,6.1,3.6,4.6,7.2,None,N/A,0,Moderate,Yes,0,No,None,N/A,0
4160,32,Male,Sweden,SaaS/Software,Product Manager,Medium (201–1 000),18,>$200k,In-person,No,2.5,7.8,2.4,5.2,4.4,5.1,7.0,4.8,1.3,5.3,6.0,Depression,Formally diagnosed,0,Easy,Yes,0,Yes,4–7 days,Yes,1
4161,32,Male,UK,Gaming,DevOps/SRE,Large (1 001–5 000),1,>$200k,Hybrid,No,6.2,6.1,0.7,7.6,5.1,4.4,5.8,2.6,2.0,7.2,4.2,None,N/A,0,Easy,No,0,Yes,None,N/A,0
4162,35,Female,USA,Cybersecurity,Full-Stack Developer,Enterprise (5 000+),2,$150k–$200k,Hybrid,Was already remote,4.9,6.4,1.2,4.6,7.0,3.4,8.7,5.9,4.0,4.9,8.0,None,N/A,0,Easy,No,0,Yes,None,N/A,0
4163,29,Male,USA,HealthTech,Cloud Architect,Startup (1–50),2,$150k–$200k,In-person,Yes,6.8,6.6,0.0,7.4,7.5,3.9,8.0,9.3,3.0,8.1,5.6,Anxiety,Not sure / undiagnosed,1,Easy,Yes,1,No,None,Yes,1
4164,18,Male,Japan,HealthTech,Frontend Developer,Enterprise (5 000+),13,$50k–$75k,Remote,Yes,4.5,6.2,2.6,5.1,7.0,9.3,7.4,3.8,3.5,4.4,6.5,Burnout,Formally diagnosed,0,Easy,Yes,0,Yes,None,Yes,1
4165,28,Male,South Africa,HealthTech,Mobile Developer,Large (1 001–5 000),2,$100k–$150k,Hybrid,No,8.3,7.2,1.3,6.2,5.7,6.1,4.6,2.6,4.5,7.7,3.3,None,N/A,0,Moderate,Yes,0,Yes,None,N/A,0
4166,37,Male,Australia,SaaS/Software,DevOps/SRE,Large (1 001–5 000),3,$150k–$200k,Hybrid,Yes,5.9,6.4,1.3,8.1,3.2,7.6,9.1,9.5,1.6,5.6,5.9,Anxiety,Not sure / undiagnosed,1,Easy,Don't know,0,Yes,None,Partially,1
4167,29,Female,UK,Gaming,Mobile Developer,Medium (201–1 000),1,$75k–$100k,In-person,No,4.5,6.8,2.9,3.9,6.9,7.3,7.0,9.1,2.3,6.6,5.5,Anxiety,Formally diagnosed,1,Moderate,Don't know,0,Yes,1–2 weeks,Partially,1
4168,30,Male,Mexico,SaaS/Software,Backend Developer,Startup (1–50),0,<$50k,Hybrid,No,4.8,5.8,1.8,7.9,6.1,8.4,6.4,6.5,2.7,6.0,6.6,None,N/A,0,No access,No,0,No,None,N/A,0
4169,39,Female,Australia,Government/Public sector,Data Scientist,Large (1 001–5 000),0,$75k–$100k,Hybrid,Was already remote,5.5,5.8,1.8,6.2,6.1,6.5,6.5,7.6,3.7,6.4,4.0,None,N/A,0,Easy,Yes,0,Yes,None,N/A,0
4170,26,Male,Japan,Government/Public sector,Frontend Developer,Medium (201–1 000),6,$100k–$150k,Hybrid,No,8.5,5.5,0.0,7.8,4.6,4.1,6.6,6.5,3.7,8.5,4.8,None,N/A,0,Moderate,Yes,0,No,None,N/A,0
4171,20,Male,Netherlands,HealthTech,Cloud Architect,Medium (201–1 000),6,<$50k,Remote,Yes,5.0,6.3,0.3,3.1,6.4,8.9,7.9,3.0,5.1,7.6,3.2,None,N/A,0,Moderate,Don't know,0,Yes,None,N/A,0
4172,30,Male,UK,Cybersecurity,Software Engineer,Medium (201–1 000),2,$75k–$100k,Hybrid,Yes,3.1,6.1,1.1,6.4,4.7,9.4,8.1,7.6,1.7,4.4,7.6,None,N/A,0,Moderate,Don't know,0,No,None,N/A,0
4173,28,Female,Canada,Cybersecurity,Backend Developer,Medium (201–1 000),3,>$200k,Hybrid,Yes,9.1,6.8,0.0,5.3,6.4,5.1,6.1,8.0,4.5,5.4,7.5,Anxiety,Formally diagnosed,0,Difficult,Yes,0,Yes,1–2 weeks,No,1
4174,24,Male,USA,HealthTech,Mobile Developer,Large (1 001–5 000),1,$75k–$100k,Remote,No,2.8,8.9,2.7,5.1,2.3,7.6,10.0,7.0,1.4,4.8,6.3,ADHD,Self-reported,0,Difficult,Yes,0,No,None,Yes,1
4175,30,Male,USA,Consulting/Agency,Engineering Manager,Large (1 001–5 000),7,$100k–$150k,Remote,Was already remote,10.0,5.5,5.9,4.3,9.1,3.9,6.8,3.5,4.8,7.9,5.0,Anxiety,Self-reported,1,No access,Yes,1,Yes,4–7 days,Yes,1
4176,35,Female,Netherlands,Big Tech,Security Engineer,Large (1 001–5 000),10,$100k–$150k,Remote,Yes,2.7,6.3,2.5,6.3,6.3,7.3,10.0,1.0,1.0,5.6,7.2,Burnout,Self-reported,1,Moderate,Yes,0,No,None,No,1
4177,31,Male,Ireland,HealthTech,Engineering Manager,Large (1 001–5 000),12,$150k–$200k,In-person,No,5.3,5.8,3.4,3.5,5.1,3.8,7.6,4.5,1.2,7.1,6.7,Depression,Formally diagnosed,1,Easy,No,0,No,1–3 days,No,1
4178,34,Male,France,Gaming,Mobile Developer,Large (1 001–5 000),1,$100k–$150k,Remote,No,5.2,7.0,0.0,3.6,5.2,6.8,9.2,3.5,2.7,4.9,7.3,Anxiety & Burnout,Self-reported,1,Moderate,Yes,0,Yes,1–3 days,No,1
4179,45,Female,Canada,Gaming,CTO/VP Engineering,Startup (1–50),6,$50k–$75k,Hybrid,No,7.6,6.4,6.0,2.8,8.5,4.5,7.8,4.2,6.6,8.2,6.6,Anxiety,Formally diagnosed,1,Easy,Don't know,0,Yes,1–3 days,Yes,1
4180,29,Male,USA,Gaming,QA/Test Engineer,Large (1 001–5 000),18,$50k–$75k,Remote,Yes,7.3,4.6,0.0,3.3,3.9,7.1,6.4,6.2,3.2,8.7,4.5,Depression,Self-reported,1,Easy,Don't know,0,Yes,None,Partially,1
4181,34,Female,USA,HealthTech,Security Engineer,Medium (201–1 000),5,$100k–$150k,Hybrid,No,9.5,3.5,0.0,4.8,4.8,3.3,8.3,10.0,4.6,8.4,5.2,Anxiety & Burnout,Not sure / undiagnosed,0,Difficult,Don't know,0,Yes,1–3 days,No,1
4182,28,Female,UK,Gaming,Product Manager,Medium (201–1 000),2,<$50k,Hybrid,Yes,3.3,7.3,6.4,3.8,3.6,6.3,10.0,5.9,2.5,3.1,7.5,None,N/A,0,Easy,Yes,0,Yes,None,N/A,0
4183,25,Female,Canada,Gaming,Full-Stack Developer,Medium (201–1 000),5,$75k–$100k,Remote,No,2.9,8.1,1.7,4.6,6.2,6.7,9.0,4.8,1.0,4.9,9.2,None,N/A,0,Moderate,Yes,0,No,None,N/A,0
4184,27,Female,India,E-commerce,Full-Stack Developer,Medium (201–1 000),6,$75k–$100k,Remote,Was already remote,7.9,7.5,0.2,4.3,7.0,2.2,6.7,6.8,3.2,7.7,7.8,Other,Formally diagnosed,0,Easy,Yes,0,No,1–3 days,No,1
4185,28,Female,USA,E-commerce,ML/AI Engineer,Small (51–200),2,$50k–$75k,Hybrid,Yes,10.0,5.0,1.8,5.0,6.4,3.5,6.9,6.5,4.8,7.7,5.5,Burnout,Formally diagnosed,0,Easy,No,0,No,None,No,1
4186,34,Female,Argentina,FinTech,Full-Stack Developer,Small (51–200),0,$75k–$100k,Hybrid,Yes,8.2,7.4,7.3,5.8,6.9,3.9,5.6,8.7,2.4,5.6,7.0,Depression,Self-reported,0,Difficult,Yes,0,Yes,4–7 days,Partially,1
4187,49,Female,UK,Consulting/Agency,Mobile Developer,Startup (1–50),5,$75k–$100k,In-person,No,7.3,6.0,0.2,5.3,8.0,2.7,8.2,3.1,1.8,5.9,3.6,Anxiety,Self-reported,1,Easy,Yes,1,No,1–3 days,No,1
4188,26,Male,Japan,AI/ML startup,CTO/VP Engineering,Medium (201–1 000),8,<$50k,Hybrid,No,8.1,4.8,2.5,7.3,5.6,6.2,9.3,4.3,2.5,7.5,7.5,None,N/A,0,Difficult,Don't know,0,Yes,None,N/A,0
4189,28,Male,Germany,SaaS/Software,Mobile Developer,Startup (1–50),33,$150k–$200k,Hybrid,Yes,3.6,9.1,3.6,4.5,4.1,3.2,9.9,8.2,1.4,5.1,7.4,Anxiety & Depression,Self-reported,0,Difficult,No,0,No,None,No,1
4190,31,Female,USA,Gaming,Full-Stack Developer,Small (51–200),1,>$200k,Hybrid,No,5.6,4.9,3.6,7.8,4.1,2.3,7.1,9.0,1.0,5.1,4.9,Burnout,Formally diagnosed,0,Easy,Yes,0,No,4–7 days,No,1
4191,34,Female,Sweden,FinTech,Data Scientist,Startup (1–50),6,$75k–$100k,Remote,Was already remote,6.1,6.4,10.0,2.6,4.3,6.8,8.4,7.6,4.9,8.6,3.3,None,N/A,0,Moderate,No,0,No,None,N/A,0
4192,33,Male,France,Government/Public sector,Product Manager,Startup (1–50),0,$50k–$75k,In-person,Yes,5.8,5.9,0.4,6.6,8.2,5.6,8.2,6.3,5.2,6.2,8.6,Depression & Burnout,Formally diagnosed,0,Moderate,No,0,Yes,None,No,1
4193,41,Female,Germany,Cybersecurity,Cloud Architect,Enterprise (5 000+),19,>$200k,Hybrid,Yes,7.0,6.8,3.2,3.7,7.4,4.9,5.4,10.0,2.7,7.4,5.6,Anxiety & Burnout,Formally diagnosed,0,Easy,Yes,0,Yes,1–3 days,No,1
4194,18,Male,Germany,AI/ML startup,Data Scientist,Large (1 001–5 000),0,$150k–$200k,Remote,No,6.0,7.6,0.4,3.5,1.0,7.2,9.0,8.6,4.9,6.0,6.4,Depression,Self-reported,1,Easy,Yes,1,No,None,No,1
4195,18,Female,USA,FinTech,Software Engineer,Enterprise (5 000+),2,>$200k,Hybrid,Yes,5.2,4.8,1.3,6.7,6.4,7.1,7.4,7.6,3.5,5.5,6.1,None,N/A,0,Easy,Don't know,0,Yes,None,N/A,0
4196,28,Female,India,Cybersecurity,Frontend Developer,Large (1 001–5 000),0,$75k–$100k,In-person,Was already remote,3.9,6.4,2.0,6.0,6.9,7.2,10.0,8.9,2.8,1.9,7.4,None,N/A,0,Difficult,Don't know,0,Yes,None,N/A,0
4197,40,Non-binary,Spain,HealthTech,DevOps/SRE,Large (1 001–5 000),5,$100k–$150k,In-person,Was already remote,5.7,7.7,6.1,9.2,4.5,3.6,9.9,5.7,2.9,5.7,7.7,Anxiety,Self-reported,1,No access,Don't know,0,Yes,1–3 days,No,1
4198,20,Male,USA,Consulting/Agency,Product Manager,Medium (201–1 000),2,>$200k,Remote,Yes,3.7,6.2,0.6,4.9,5.1,7.5,10.0,7.5,3.8,6.1,7.6,None,N/A,0,Moderate,Don't know,0,Yes,None,N/A,0
4199,18,Female,USA,E-commerce,DevOps/SRE,Medium (201–1 000),7,$100k–$150k,Remote,No,5.8,4.9,4.4,4.8,3.9,6.0,8.3,4.5,1.0,5.9,7.9,Anxiety & Depression,Formally diagnosed,0,Moderate,No,0,No,1–2 weeks,Yes,1
4200,36,Male,Ireland,HealthTech,QA/Test Engineer,Medium (201–1 000),3,$100k–$150k,Remote,Was already remote,6.6,6.0,8.1,3.9,3.4,7.1,8.6,8.7,3.2,4.7,7.1,None,N/A,0,Easy,Yes,0,Yes,None,N/A,0
4201,33,Male,USA,HealthTech,Cloud Architect,Small (51–200),2,$100k–$150k,Hybrid,Yes,4.8,6.2,0.3,6.0,4.9,8.5,9.7,6.9,1.0,4.5,6.6,Depression & Burnout,Self-reported,1,No access,Yes,1,No,1–2 weeks,Partially,1
4202,23,Male,India,FinTech,Data Scientist,Large (1 001–5 000),2,$150k–$200k,In-person,Was already remote,7.3,7.2,4.8,8.2,9.1,4.9,9.7,6.5,2.9,8.3,4.1,Anxiety & Depression,Formally diagnosed,1,Easy,Don't know,0,Yes,1–3 days,No,1
4203,24,Female,Germany,Consulting/Agency,Backend Developer,Enterprise (5 000+),0,>$200k,Remote,Yes,7.9,6.3,0.0,3.8,4.5,6.3,6.5,9.2,3.9,7.0,6.5,Burnout,Formally diagnosed,1,Easy,Yes,0,No,None,Yes,1
4204,24,Male,India,Big Tech,DevOps/SRE,Large (1 001–5 000),1,$75k–$100k,Remote,Yes,5.1,6.0,11.5,4.4,5.4,7.1,7.3,6.3,1.6,2.9,7.5,Anxiety & Burnout,Formally diagnosed,0,Difficult,Yes,0,Yes,None,No,1
4205,32,Male,UK,Gaming,Backend Developer,Medium (201–1 000),5,$75k–$100k,In-person,Yes,5.3,7.8,5.8,6.1,4.1,4.2,5.6,7.2,5.6,4.5,6.4,Anxiety & Burnout,Self-reported,1,Easy,Yes,1,No,None,Yes,1
4206,27,Female,USA,Consulting/Agency,ML/AI Engineer,Enterprise (5 000+),3,$50k–$75k,Hybrid,Yes,7.3,6.3,3.5,8.2,2.0,4.8,6.8,5.8,4.4,4.1,5.3,Burnout,Formally diagnosed,1,Difficult,No,0,Yes,None,No,1
4207,35,Female,USA,FinTech,Security Engineer,Enterprise (5 000+),0,$150k–$200k,Hybrid,No,4.2,5.5,3.0,5.7,5.5,6.8,8.6,6.0,1.0,4.7,7.1,None,N/A,0,Easy,No,1,Yes,None,N/A,0
4208,18,Female,France,Cybersecurity,Security Engineer,Medium (201–1 000),4,$75k–$100k,Hybrid,Was already remote,4.0,6.3,9.2,7.7,7.8,7.8,6.7,5.0,3.5,7.2,6.6,Anxiety & Depression,Self-reported,1,Difficult,No,0,No,1–3 days,Yes,1
4209,25,Non-binary,France,AI/ML startup,Cloud Architect,Enterprise (5 000+),0,<$50k,Hybrid,Yes,5.4,6.2,0.3,6.4,6.7,8.1,8.7,8.4,2.6,5.0,7.4,None,N/A,0,Easy,Yes,0,Yes,None,N/A,0
4210,23,Male,Australia,Cybersecurity,Product Manager,Startup (1–50),3,$150k–$200k,In-person,Yes,6.0,8.8,0.2,7.2,4.9,8.0,9.4,8.0,1.0,3.5,9.0,None,N/A,0,Difficult,Yes,0,Yes,None,N/A,0
4211,30,Non-binary,India,HealthTech,Security Engineer,Startup (1–50),18,$100k–$150k,In-person,No,5.0,6.6,6.0,5.9,6.9,5.4,7.0,8.0,4.8,6.8,5.9,None,N/A,0,Moderate,Yes,0,Yes,None,N/A,0
4212,27,Female,USA,Government/Public sector,ML/AI Engineer,Startup (1–50),2,$150k–$200k,In-person,Yes,7.0,4.9,1.7,4.1,5.1,5.0,7.9,3.6,3.7,5.2,8.2,Depression,Self-reported,1,Moderate,Yes,1,No,None,No,1
4213,37,Male,USA,Government/Public sector,Security Engineer,Large (1 001–5 000),7,$100k–$150k,In-person,Yes,3.5,7.0,6.9,7.8,3.2,5.3,8.5,6.0,4.4,5.2,7.9,None,N/A,1,No access,No,0,Yes,None,N/A,0
4214,18,Male,Sweden,Government/Public sector,CTO/VP Engineering,Startup (1–50),7,$75k–$100k,Hybrid,Was already remote,6.8,7.2,1.2,7.0,1.6,5.8,7.6,4.7,1.9,4.3,10.0,Anxiety,Formally diagnosed,0,No access,Yes,0,No,None,Yes,1
4215,32,Male,Canada,Consulting/Agency,Mobile Developer,Startup (1–50),2,$50k–$75k,In-person,No,5.0,6.7,2.1,6.7,5.4,5.2,9.2,4.8,1.6,7.3,5.9,Other,Self-reported,0,Difficult,Yes,0,Yes,1–3 days,No,1
4216,36,Male,USA,Big Tech,Frontend Developer,Startup (1–50),4,$100k–$150k,Remote,Was already remote,8.9,7.1,0.3,4.4,10.0,6.3,5.9,6.5,4.0,6.7,5.3,None,N/A,0,Moderate,No,0,No,None,N/A,0
4217,45,Female,USA,Big Tech,CTO/VP Engineering,Small (51–200),3,<$50k,In-person,Yes,7.6,7.1,9.8,2.6,3.5,3.8,6.4,8.0,6.6,6.5,3.9,Anxiety,Formally diagnosed,1,Easy,Yes,1,Yes,>2 weeks,Yes,1
4218,28,Female,USA,Big Tech,ML/AI Engineer,Medium (201–1 000),1,$100k–$150k,Remote,No,6.2,7.3,1.8,7.1,4.4,2.9,6.1,6.3,2.4,6.1,3.6,Anxiety,Self-reported,1,Difficult,No,0,Yes,None,Partially,1
4219,34,Female,UK,Consulting/Agency,CTO/VP Engineering,Startup (1–50),7,$100k–$150k,Remote,No,5.9,7.3,4.7,3.2,7.7,4.1,6.7,3.5,4.0,6.4,4.8,Anxiety,Self-reported,1,Difficult,Don't know,0,Yes,None,No,1
4220,18,Male,Sweden,SaaS/Software,Security Engineer,Medium (201–1 000),6,$50k–$75k,In-person,Was already remote,5.1,8.2,4.1,4.9,3.8,4.1,8.9,8.0,6.0,4.7,9.1,None,N/A,0,Moderate,Don't know,0,No,None,N/A,0
4221,18,Male,Spain,Big Tech,Backend Developer,Small (51–200),12,$100k–$150k,In-person,Yes,1.2,8.8,2.0,7.0,6.2,9.0,10.0,6.6,1.0,1.0,10.0,None,N/A,0,Moderate,Don't know,0,Yes,None,N/A,0
4222,38,Female,Ireland,FinTech,Full-Stack Developer,Small (51–200),5,$150k–$200k,Remote,Was already remote,6.2,5.3,8.3,2.8,4.0,7.8,5.9,4.0,4.9,6.4,5.4,Burnout,Self-reported,1,Moderate,Don't know,0,No,1–3 days,Partially,1
4223,31,Male,Spain,E-commerce,Mobile Developer,Large (1 001–5 000),2,>$200k,Remote,Yes,8.0,4.9,1.9,6.3,2.9,5.9,5.6,5.9,1.7,7.7,5.6,Anxiety & Burnout,Not sure / undiagnosed,0,Moderate,Yes,0,Yes,None,No,1
4224,40,Prefer not to say,Spain,SaaS/Software,Security Engineer,Enterprise (5 000+),6,$100k–$150k,Remote,Was already remote,4.3,7.6,7.0,5.0,3.4,7.1,8.8,6.3,1.0,6.2,6.4,Anxiety & Depression,Formally diagnosed,1,Difficult,No,0,Yes,None,Yes,1
4225,21,Male,Germany,Cybersecurity,Data Scientist,Medium (201–1 000),5,$50k–$75k,Remote,Yes,4.5,5.9,6.4,5.6,6.0,5.7,10.0,7.7,1.1,8.1,6.3,Depression,Self-reported,0,Moderate,Don't know,0,Yes,4–7 days,Partially,1
4226,35,Non-binary,USA,Government/Public sector,ML/AI Engineer,Small (51–200),5,$150k–$200k,Hybrid,No,6.2,5.3,0.0,2.6,9.6,4.9,6.7,7.6,5.4,8.4,6.6,Anxiety & Burnout,Self-reported,0,No access,Yes,0,Yes,None,Partially,1
4227,46,Male,Sweden,SaaS/Software,Security Engineer,Enterprise (5 000+),10,$100k–$150k,Hybrid,Yes,3.7,8.1,3.7,5.7,5.6,6.3,7.0,8.3,1.0,5.3,5.5,None,N/A,0,Moderate,Yes,0,No,None,N/A,0
4228,35,Male,USA,Gaming,Mobile Developer,Medium (201–1 000),13,>$200k,Hybrid,No,4.7,6.4,5.5,8.2,7.7,4.9,7.2,5.1,4.3,7.2,2.2,None,N/A,0,Difficult,Yes,0,Yes,None,N/A,0
4229,34,Male,USA,Consulting/Agency,Frontend Developer,Large (1 001–5 000),1,$100k–$150k,In-person,Yes,5.2,7.5,8.2,5.8,4.2,8.6,8.0,6.7,1.0,4.0,5.5,Anxiety & Depression,Self-reported,0,Easy,Yes,0,No,1–3 days,Partially,1
4230,32,Female,USA,SaaS/Software,Product Manager,Medium (201–1 000),2,$75k–$100k,Hybrid,Yes,6.2,7.2,2.1,9.9,5.9,8.0,6.1,6.7,2.8,3.0,6.1,None,N/A,0,Difficult,Don't know,0,No,None,N/A,0
4231,20,Female,Germany,Consulting/Agency,Data Analyst,Small (51–200),5,>$200k,Hybrid,No,9.7,5.8,3.5,3.9,3.2,7.1,6.3,9.8,4.9,8.0,5.1,None,N/A,0,Easy,No,0,No,None,N/A,0
4232,42,Male,UK,E-commerce,Frontend Developer,Large (1 001–5 000),4,$100k–$150k,Remote,No,5.9,7.6,12.0,10.0,5.4,5.4,8.7,5.8,1.0,3.5,5.7,None,N/A,0,Easy,No,0,No,None,N/A,0
4233,27,Non-binary,USA,HealthTech,Data Scientist,Large (1 001–5 000),5,<$50k,Hybrid,Yes,6.7,7.0,5.7,7.9,4.9,5.8,7.3,6.8,2.1,5.6,7.2,None,N/A,0,Difficult,Yes,0,Yes,None,N/A,0
4234,35,Female,Canada,Big Tech,Engineering Manager,Medium (201–1 000),3,$100k–$150k,In-person,Was already remote,5.9,7.6,6.5,9.4,8.3,7.9,7.6,7.6,1.8,4.2,5.4,Anxiety,Not sure / undiagnosed,0,Difficult,Yes,0,Yes,4–7 days,No,1
4235,20,Female,Singapore,Cybersecurity,Engineering Manager,Small (51–200),2,<$50k,In-person,Yes,6.5,4.9,1.4,9.6,5.4,3.2,8.8,5.5,1.4,6.9,5.4,Anxiety,Formally diagnosed,1,Moderate,No,0,No,None,No,1
4236,23,Female,Germany,AI/ML startup,DevOps/SRE,Large (1 001–5 000),0,$150k–$200k,Hybrid,Was already remote,6.3,6.3,0.0,7.3,5.8,6.1,8.8,6.1,1.0,6.0,7.0,Anxiety,Formally diagnosed,1,Difficult,Don't know,0,Yes,1–3 days,No,1
4237,42,Male,Singapore,Consulting/Agency,Software Engineer,Small (51–200),5,$100k–$150k,In-person,Was already remote,7.7,4.7,11.1,3.6,8.3,3.6,6.0,6.4,5.4,8.0,5.5,Anxiety,Not sure / undiagnosed,1,Moderate,Yes,1,No,1–2 weeks,No,1
4238,29,Male,USA,Gaming,CTO/VP Engineering,Large (1 001–5 000),1,$50k–$75k,Hybrid,No,9.0,5.6,3.0,6.7,7.2,5.0,6.1,4.7,1.4,6.3,5.9,None,N/A,0,Moderate,Yes,0,Yes,None,N/A,0
4239,42,Non-binary,USA,FinTech,Product Manager,Medium (201–1 000),6,$150k–$200k,Remote,Yes,5.7,5.5,0.5,2.6,7.3,9.2,10.0,4.4,1.8,4.1,6.2,None,N/A,0,Moderate,Yes,0,No,None,N/A,0
4240,31,Non-binary,Germany,HealthTech,Backend Developer,Medium (201–1 000),18,$100k–$150k,Hybrid,Yes,5.3,5.6,12.7,8.3,3.0,7.4,8.5,7.2,1.4,4.6,4.8,Anxiety,Formally diagnosed,0,Easy,Don't know,0,Yes,None,Partially,1
4241,18,Prefer not to say,Canada,HealthTech,Software Engineer,Small (51–200),1,$50k–$75k,Remote,No,10.0,5.8,3.0,10.0,8.5,5.1,7.6,6.2,3.7,7.6,3.9,None,N/A,0,Moderate,Yes,0,Yes,None,N/A,0
4242,38,Non-binary,Australia,E-commerce,Frontend Developer,Large (1 001–5 000),0,$50k–$75k,Hybrid,Yes,9.1,7.7,0.0,7.2,8.8,5.3,5.4,6.3,5.0,7.2,7.2,None,N/A,0,No access,Yes,0,No,None,N/A,0
4243,27,Male,Sweden,Government/Public sector,Frontend Developer,Small (51–200),0,$150k–$200k,Hybrid,No,6.6,6.8,0.2,5.3,7.9,1.4,6.0,7.9,2.2,5.6,4.5,Depression,Self-reported,1,Easy,Yes,1,No,None,No,1
4244,37,Female,Netherlands,AI/ML startup,Frontend Developer,Medium (201–1 000),2,$75k–$100k,In-person,Was already remote,8.3,6.4,6.1,8.2,7.3,4.2,6.0,3.3,1.6,7.0,2.9,Anxiety,Formally diagnosed,1,Moderate,Yes,0,No,1–2 weeks,No,1
4245,32,Male,Mexico,Government/Public sector,CTO/VP Engineering,Small (51–200),1,$150k–$200k,Remote,Was already remote,8.9,4.4,9.7,8.0,6.8,5.0,5.9,7.6,2.0,6.9,5.3,Depression & Burnout,Formally diagnosed,0,Difficult,No,0,No,None,No,1
4246,20,Prefer not to say,UK,Cybersecurity,Software Engineer,Enterprise (5 000+),3,<$50k,In-person,No,5.6,8.5,1.4,6.9,8.9,5.1,8.4,7.0,2.9,5.4,8.7,None,N/A,0,Easy,Don't know,0,Yes,None,N/A,0
4247,33,Male,USA,HealthTech,Security Engineer,Enterprise (5 000+),4,$75k–$100k,Hybrid,Was already remote,7.8,6.4,1.1,7.3,5.9,4.5,7.9,4.0,1.5,7.6,6.2,Depression,Not sure / undiagnosed,0,Easy,Don't know,0,Yes,None,No,1
4248,48,Female,Germany,AI/ML startup,Cloud Architect,Large (1 001–5 000),2,$150k–$200k,Remote,Yes,6.3,7.7,1.4,4.8,7.9,6.7,7.0,7.4,2.6,6.1,4.8,Depression & Burnout,Formally diagnosed,0,Moderate,Yes,0,No,1–2 weeks,No,1
4249,35,Male,USA,E-commerce,ML/AI Engineer,Enterprise (5 000+),7,$100k–$150k,Remote,Was already remote,6.4,6.0,5.9,6.9,7.4,6.1,5.8,7.5,1.4,5.8,5.8,None,N/A,0,Moderate,Yes,0,No,None,N/A,0
4250,31,Male,USA,Government/Public sector,Cloud Architect,Startup (1–50),12,$75k–$100k,Remote,Yes,7.5,7.0,1.4,7.6,6.7,6.0,7.2,7.1,1.0,5.9,6.5,Depression,Formally diagnosed,1,Moderate,Yes,0,No,None,No,1
4251,40,Male,USA,Big Tech,Data Scientist,Enterprise (5 000+),1,>$200k,In-person,Yes,9.2,4.3,0.5,5.9,8.0,4.5,8.3,7.7,3.4,5.4,6.2,Other,Formally diagnosed,1,Easy,Yes,0,Yes,None,Partially,1
4252,33,Female,UK,AI/ML startup,CTO/VP Engineering,Startup (1–50),9,$75k–$100k,In-person,Yes,7.0,6.7,2.8,5.5,6.1,5.4,10.0,5.3,3.4,6.9,5.0,None,N/A,0,Difficult,No,0,Yes,None,N/A,0
4253,33,Female,USA,AI/ML startup,CTO/VP Engineering,Medium (201–1 000),0,$150k–$200k,Hybrid,Yes,7.7,7.0,1.6,6.4,7.8,4.3,4.0,5.4,4.3,7.0,3.6,Anxiety,Formally diagnosed,1,Moderate,Yes,0,Yes,None,No,1
4254,23,Male,USA,Consulting/Agency,Product Manager,Small (51–200),1,$100k–$150k,Hybrid,No,7.7,8.1,1.9,6.7,7.6,4.1,7.9,8.2,3.7,5.0,6.4,None,N/A,0,Moderate,Don't know,0,No,None,N/A,0
4255,33,Female,Australia,Big Tech,Data Scientist,Enterprise (5 000+),4,$50k–$75k,Hybrid,Was already remote,8.4,8.3,0.9,6.5,5.5,5.4,8.8,1.7,2.7,7.4,4.4,None,N/A,0,Difficult,Yes,0,Yes,None,N/A,0
4256,39,Female,India,SaaS/Software,Mobile Developer,Large (1 001–5 000),2,$100k–$150k,Hybrid,Yes,7.1,7.2,1.6,6.9,7.0,2.7,6.5,6.5,2.6,7.0,5.1,Burnout,Not sure / undiagnosed,1,No access,Yes,0,No,None,No,1
4257,25,Male,France,AI/ML startup,Engineering Manager,Medium (201–1 000),0,>$200k,Hybrid,No,6.5,5.2,0.0,6.3,2.8,4.8,7.7,6.7,2.8,7.0,5.1,Anxiety,Self-reported,0,Difficult,Yes,0,Yes,1–3 days,Partially,1
4258,42,Male,Australia,HealthTech,Product Manager,Enterprise (5 000+),1,$100k–$150k,Remote,Yes,5.5,6.2,9.0,7.1,7.2,6.9,9.1,3.5,3.8,7.2,4.8,Anxiety,Formally diagnosed,0,No access,Yes,0,No,4–7 days,Partially,1
4259,31,Female,USA,E-commerce,Product Manager,Large (1 001–5 000),12,$100k–$150k,In-person,Yes,7.3,5.8,0.0,7.6,1.0,4.1,8.4,5.7,4.4,7.7,3.5,Depression,Self-reported,1,Difficult,Yes,1,Yes,4–7 days,No,1
4260,25,Female,USA,Cybersecurity,DevOps/SRE,Large (1 001–5 000),1,$75k–$100k,Remote,Yes,5.4,8.1,5.1,6.1,8.5,7.0,7.3,6.4,5.0,5.6,5.0,None,N/A,0,Difficult,Yes,0,No,None,N/A,0
4261,39,Female,USA,Gaming,Cloud Architect,Startup (1–50),7,$150k–$200k,Remote,Was already remote,6.2,6.5,0.9,6.1,3.0,6.4,9.7,5.5,2.9,4.8,5.4,None,N/A,0,Difficult,No,0,No,None,N/A,0
4262,29,Female,Brazil,Big Tech,Frontend Developer,Enterprise (5 000+),7,>$200k,In-person,No,4.2,7.3,0.6,5.7,5.5,7.1,8.5,7.1,4.1,4.2,8.4,ADHD,Self-reported,1,Difficult,Yes,1,Yes,4–7 days,No,1
4263,37,Male,France,FinTech,Data Analyst,Enterprise (5 000+),0,$150k–$200k,Hybrid,No,9.9,8.0,1.9,4.8,8.4,4.9,5.1,6.8,4.3,6.9,7.1,None,N/A,1,Difficult,Don't know,0,No,None,N/A,0
4264,29,Male,USA,Gaming,QA/Test Engineer,Enterprise (5 000+),2,$150k–$200k,Hybrid,No,4.1,6.9,4.5,6.2,6.9,7.3,7.1,6.4,2.3,5.3,7.9,Depression,Not sure / undiagnosed,1,Moderate,Yes,1,No,4–7 days,Yes,1
4265,31,Male,UK,Gaming,Data Scientist,Small (51–200),1,$50k–$75k,Hybrid,Was already remote,7.1,5.2,2.9,2.0,4.7,7.4,8.5,4.8,3.2,7.6,6.6,Anxiety & Burnout,Formally diagnosed,0,Difficult,Don't know,0,No,1–3 days,Partially,1
4266,35,Male,South Africa,HealthTech,CTO/VP Engineering,Small (51–200),0,$150k–$200k,Remote,No,4.7,7.5,3.1,7.0,5.2,6.2,6.9,2.4,2.9,4.5,5.9,None,N/A,0,No access,Yes,0,Yes,None,N/A,0
4267,34,Female,India,Government/Public sector,DevOps/SRE,Medium (201–1 000),1,<$50k,In-person,No,3.6,6.1,3.1,9.9,7.6,6.2,10.0,8.8,1.0,3.6,8.3,None,N/A,0,Moderate,Yes,0,No,None,N/A,0
4268,18,Non-binary,Sweden,Gaming,Mobile Developer,Small (51–200),1,$150k–$200k,Hybrid,No,6.9,5.5,2.2,5.2,4.3,4.6,8.7,2.4,5.0,7.2,4.2,Burnout,Formally diagnosed,1,Easy,Yes,0,No,1–3 days,No,1
4269,23,Male,USA,E-commerce,Engineering Manager,Small (51–200),0,$75k–$100k,In-person,No,8.8,5.9,6.0,8.8,6.2,5.3,4.1,3.6,3.6,6.1,5.0,None,N/A,0,Moderate,No,0,No,None,N/A,0
4270,38,Male,USA,Gaming,Cloud Architect,Large (1 001–5 000),0,$100k–$150k,Remote,Yes,4.7,9.3,0.4,6.6,4.7,6.2,9.1,4.3,3.1,4.1,5.7,None,N/A,0,No access,Yes,0,No,None,N/A,0
4271,31,Female,Sweden,Government/Public sector,Frontend Developer,Large (1 001–5 000),4,$100k–$150k,Hybrid,Yes,7.2,6.0,0.0,4.2,6.9,5.8,4.8,6.8,4.0,8.3,4.4,Depression,Self-reported,1,Easy,Yes,1,Yes,None,Partially,1
4272,28,Female,Australia,Consulting/Agency,Full-Stack Developer,Enterprise (5 000+),2,$150k–$200k,In-person,Was already remote,9.3,6.5,4.6,4.3,6.9,5.5,4.8,6.0,6.3,6.0,5.5,Anxiety & Depression,Self-reported,1,No access,Yes,0,Yes,4–7 days,No,1
4273,21,Female,Australia,AI/ML startup,Full-Stack Developer,Startup (1–50),13,$150k–$200k,Hybrid,Yes,10.0,5.4,0.0,7.0,5.2,3.7,8.6,7.5,4.8,8.1,4.7,ADHD,Self-reported,1,Difficult,No,0,Yes,1–3 days,Partially,1
4274,23,Female,Germany,SaaS/Software,Security Engineer,Small (51–200),1,$75k–$100k,Remote,No,5.6,6.9,5.0,5.2,4.1,4.6,7.9,9.4,1.2,8.3,3.0,Depression & Burnout,Self-reported,0,Easy,Yes,0,Yes,None,Yes,1
4275,18,Female,Germany,HealthTech,ML/AI Engineer,Small (51–200),5,$75k–$100k,Hybrid,No,6.0,8.1,1.2,9.8,4.8,4.2,6.8,6.7,1.0,3.0,6.3,None,N/A,0,Moderate,Don't know,0,Yes,None,N/A,0
4276,31,Female,France,Consulting/Agency,Software Engineer,Medium (201–1 000),12,>$200k,Remote,Was already remote,6.3,7.3,8.7,5.9,3.4,9.0,5.9,4.2,2.9,4.4,7.3,Depression & Burnout,Not sure / undiagnosed,0,Difficult,Yes,0,Yes,4–7 days,Yes,1
4277,27,Male,USA,E-commerce,Full-Stack Developer,Medium (201–1 000),0,$50k–$75k,Remote,Yes,7.4,6.3,0.5,3.7,3.1,5.2,9.0,7.8,2.5,7.2,6.1,Depression & Burnout,Formally diagnosed,0,Moderate,Don't know,0,Yes,4–7 days,Yes,1
4278,24,Male,UK,E-commerce,Backend Developer,Medium (201–1 000),3,$100k–$150k,In-person,No,5.8,6.3,1.7,5.8,7.7,7.1,9.6,8.2,1.3,7.9,4.3,Depression & Burnout,Formally diagnosed,1,Moderate,Don't know,0,No,None,No,1
4279,31,Male,Singapore,Government/Public sector,Frontend Developer,Enterprise (5 000+),3,>$200k,In-person,No,7.3,8.0,0.0,3.0,6.7,2.9,7.5,5.3,2.9,5.8,7.0,None,N/A,0,Difficult,Yes,0,Yes,None,N/A,0
4280,34,Male,USA,Cybersecurity,QA/Test Engineer,Medium (201–1 000),14,>$200k,In-person,No,6.0,8.5,3.6,2.2,4.5,5.3,8.2,6.9,3.9,5.8,5.7,Anxiety & Burnout,Formally diagnosed,1,Easy,Yes,1,No,None,Partially,1
4281,47,Non-binary,Germany,HealthTech,Engineering Manager,Medium (201–1 000),5,$100k–$150k,Hybrid,No,4.8,7.0,1.9,6.2,8.6,7.3,8.8,5.5,4.2,3.9,8.2,None,N/A,0,Easy,No,0,Yes,None,N/A,0
4282,20,Female,Australia,HealthTech,CTO/VP Engineering,Large (1 001–5 000),2,$100k–$150k,Hybrid,No,6.9,7.4,9.4,6.1,7.1,6.2,7.9,6.8,5.0,8.5,5.7,None,N/A,0,Moderate,Yes,0,No,None,N/A,0
4283,40,Male,Argentina,Consulting/Agency,Data Analyst,Large (1 001–5 000),6,$100k–$150k,Remote,Was already remote,5.1,8.0,0.0,7.3,6.8,7.4,9.4,5.5,3.3,4.3,9.0,Anxiety,Self-reported,0,Moderate,Yes,0,Yes,1–2 weeks,No,1
4284,39,Male,Canada,Gaming,Frontend Developer,Medium (201–1 000),4,$75k–$100k,In-person,Yes,4.3,6.2,1.9,5.8,8.0,5.6,7.6,6.7,1.9,4.4,7.5,None,N/A,0,No access,Yes,0,No,None,N/A,0
4285,26,Male,Canada,AI/ML startup,Cloud Architect,Enterprise (5 000+),2,$50k–$75k,In-person,Yes,6.1,6.4,0.0,10.0,7.8,3.0,5.4,5.9,2.0,6.2,4.0,None,N/A,0,Moderate,No,0,Yes,None,N/A,0
4286,33,Male,Brazil,Gaming,Full-Stack Developer,Large (1 001–5 000),8,$150k–$200k,Remote,Was already remote,4.7,7.7,1.5,6.7,7.2,4.3,10.0,9.8,2.4,6.2,8.6,None,N/A,0,Easy,Yes,0,Yes,None,N/A,0
4287,28,Female,Sweden,Cybersecurity,QA/Test Engineer,Enterprise (5 000+),6,$50k–$75k,Hybrid,Yes,5.5,7.0,1.5,8.7,5.8,6.4,6.3,3.0,1.2,7.1,5.9,None,N/A,0,Moderate,Yes,0,Yes,None,N/A,0
4288,33,Non-binary,France,Big Tech,CTO/VP Engineering,Small (51–200),0,$100k–$150k,Remote,No,7.9,5.5,0.2,6.8,5.9,6.2,7.9,5.7,4.0,5.3,6.8,Anxiety,Formally diagnosed,1,Easy,Yes,0,Yes,1–2 weeks,Yes,1
4289,43,Prefer not to say,Canada,Big Tech,Engineering Manager,Startup (1–50),11,$100k–$150k,Hybrid,No,5.1,6.1,1.0,7.6,2.4,7.6,8.8,9.7,3.2,6.2,6.8,Burnout,Formally diagnosed,1,Difficult,Don't know,0,Yes,1–2 weeks,Yes,1
4290,36,Female,UK,FinTech,Engineering Manager,Large (1 001–5 000),2,$75k–$100k,In-person,Yes,4.0,7.9,1.3,7.8,6.5,4.0,8.3,9.2,1.0,5.5,5.1,Depression & Burnout,Not sure / undiagnosed,1,Moderate,Don't know,0,Yes,None,Partially,1
4291,35,Female,India,Consulting/Agency,Data Analyst,Medium (201–1 000),5,$50k–$75k,Hybrid,Yes,7.2,5.3,0.5,8.0,7.1,3.7,6.2,6.4,1.0,7.7,3.9,None,N/A,0,Difficult,No,0,Yes,None,N/A,0
4292,28,Male,Singapore,Government/Public sector,ML/AI Engineer,Large (1 001–5 000),2,$150k–$200k,Hybrid,No,8.1,5.7,0.3,5.8,5.8,5.5,7.2,4.2,1.6,5.4,4.2,Depression,Formally diagnosed,0,Moderate,Don't know,1,No,None,No,1
4293,20,Male,Singapore,Cybersecurity,Mobile Developer,Large (1 001–5 000),11,$100k–$150k,Remote,Yes,5.3,5.8,6.6,8.7,1.8,5.8,10.0,7.0,3.1,4.5,7.0,None,N/A,0,Moderate,Yes,0,Yes,None,N/A,0
4294,30,Male,USA,AI/ML startup,Engineering Manager,Small (51–200),5,$150k–$200k,In-person,Yes,8.5,6.6,0.0,3.8,1.6,4.0,4.6,5.8,2.1,6.5,5.2,None,N/A,0,Easy,Yes,0,No,None,N/A,0
4295,41,Female,Canada,HealthTech,ML/AI Engineer,Medium (201–1 000),4,<$50k,Remote,No,7.1,7.6,15.2,10.0,1.5,4.2,7.2,7.3,3.0,5.3,6.4,Depression,Formally diagnosed,0,Moderate,No,0,No,None,No,1
4296,20,Female,Canada,E-commerce,DevOps/SRE,Enterprise (5 000+),21,$50k–$75k,In-person,No,8.7,3.2,0.1,4.6,2.9,4.9,9.3,7.1,3.5,9.1,5.5,Anxiety,Formally diagnosed,0,Easy,No,0,No,>2 weeks,No,1
4297,24,Male,New Zealand,Cybersecurity,Data Analyst,Enterprise (5 000+),1,$50k–$75k,In-person,Yes,4.4,5.8,0.3,5.1,6.2,5.5,9.7,6.7,4.3,6.2,6.4,None,N/A,0,Easy,Don't know,0,No,None,N/A,0
4298,32,Male,Australia,AI/ML startup,Mobile Developer,Large (1 001–5 000),0,$50k–$75k,Remote,Yes,2.9,6.9,1.3,3.7,5.9,7.9,7.4,5.9,2.4,3.6,8.6,None,N/A,0,Easy,Yes,0,Yes,None,N/A,0
4299,24,Male,UK,Cybersecurity,Engineering Manager,Large (1 001–5 000),3,$50k–$75k,In-person,No,7.1,7.3,9.4,6.1,5.9,6.1,6.0,5.9,1.0,3.5,7.0,None,N/A,0,Easy,No,0,Yes,None,N/A,0
4300,26,Non-binary,USA,Gaming,CTO/VP Engineering,Enterprise (5 000+),3,$100k–$150k,In-person,No,6.1,5.0,20.0,7.1,5.2,3.5,9.2,8.0,2.6,6.2,6.3,None,N/A,0,No access,Yes,0,Yes,None,N/A,0
4301,28,Male,Germany,FinTech,Engineering Manager,Large (1 001–5 000),3,<$50k,In-person,No,6.5,7.3,0.6,7.8,4.3,5.5,5.6,4.4,2.7,4.5,8.0,Anxiety,Self-reported,1,Easy,Don't know,0,Yes,1–2 weeks,Yes,1
4302,21,Female,USA,AI/ML startup,Data Analyst,Small (51–200),5,<$50k,Hybrid,No,6.9,8.0,0.4,6.8,4.8,4.2,6.9,7.8,2.8,8.3,4.4,Anxiety & Burnout,Self-reported,0,Easy,Yes,0,No,1–2 weeks,No,1
4303,24,Female,Brazil,Gaming,Backend Developer,Startup (1–50),5,<$50k,In-person,Yes,8.9,6.1,5.2,10.0,5.5,5.7,5.5,6.5,1.7,5.6,4.9,None,N/A,0,No access,No,0,Yes,None,N/A,0
4304,37,Male,Netherlands,Consulting/Agency,Data Analyst,Medium (201–1 000),2,$100k–$150k,In-person,No,4.9,7.3,8.6,6.0,7.3,3.6,8.1,5.0,3.0,6.8,4.7,Burnout,Self-reported,1,Easy,No,0,No,4–7 days,No,1
4305,22,Female,Canada,E-commerce,Full-Stack Developer,Startup (1–50),10,$100k–$150k,In-person,Was already remote,9.1,5.8,2.5,7.0,7.4,3.6,7.7,8.7,3.4,9.1,4.4,None,N/A,0,Easy,No,0,No,None,N/A,0
4306,20,Female,Canada,Government/Public sector,Engineering Manager,Startup (1–50),5,$75k–$100k,Hybrid,Yes,5.2,5.1,9.6,9.5,6.1,7.9,7.9,3.4,3.0,5.0,7.2,None,N/A,0,No access,Yes,0,Yes,None,N/A,0
4307,27,Male,Ireland,FinTech,Backend Developer,Enterprise (5 000+),12,$100k–$150k,Remote,Yes,7.0,5.8,9.9,8.7,2.2,4.5,6.6,5.9,2.5,5.5,7.0,Burnout,Formally diagnosed,1,Difficult,No,0,No,1–2 weeks,Yes,1
4308,37,Non-binary,USA,AI/ML startup,Cloud Architect,Large (1 001–5 000),13,$100k–$150k,Hybrid,Was already remote,6.8,7.4,4.5,5.5,5.5,3.9,7.7,8.4,3.6,5.8,4.3,None,N/A,0,Difficult,Don't know,0,No,None,N/A,0
4309,30,Male,USA,AI/ML startup,Data Analyst,Enterprise (5 000+),1,<$50k,Remote,Yes,4.7,7.8,1.6,4.5,6.3,8.6,8.4,6.2,2.2,6.3,5.6,Anxiety & Depression,Formally diagnosed,0,Moderate,Yes,0,Yes,1–3 days,No,1
4310,28,Male,Mexico,SaaS/Software,Data Scientist,Large (1 001–5 000),6,$150k–$200k,Remote,Yes,6.9,7.2,0.0,6.7,4.2,5.3,6.1,7.0,2.5,7.2,5.4,None,N/A,0,Moderate,Yes,0,No,None,N/A,0
4311,32,Female,Sweden,Gaming,DevOps/SRE,Medium (201–1 000),2,$75k–$100k,In-person,Yes,4.3,6.8,2.8,5.7,9.8,8.2,7.9,7.6,3.1,7.4,2.9,None,N/A,0,Moderate,Yes,0,No,None,N/A,0
4312,18,Female,Brazil,HealthTech,DevOps/SRE,Startup (1–50),9,$75k–$100k,Remote,Was already remote,2.6,8.1,1.9,7.7,4.6,6.8,6.8,8.7,1.9,2.4,8.7,None,N/A,0,Moderate,Yes,0,Yes,None,N/A,0
4313,35,Prefer not to say,USA,Consulting/Agency,Security Engineer,Enterprise (5 000+),7,$150k–$200k,Remote,No,7.8,6.2,0.0,3.6,5.2,6.2,6.1,1.3,3.6,7.5,6.0,Burnout,Formally diagnosed,1,Moderate,Don't know,0,Yes,>2 weeks,No,1
4314,34,Female,USA,Consulting/Agency,Data Scientist,Startup (1–50),1,$50k–$75k,Remote,Yes,7.9,4.3,0.9,6.3,5.3,8.2,9.0,8.1,2.7,7.1,4.6,Depression,Not sure / undiagnosed,1,Easy,No,0,Yes,1–3 days,Partially,1
4315,28,Non-binary,USA,AI/ML startup,Mobile Developer,Large (1 001–5 000),15,<$50k,Hybrid,No,3.5,6.2,2.7,4.3,3.3,3.6,9.8,6.9,3.3,5.8,6.0,None,N/A,0,Difficult,No,0,Yes,None,N/A,0
4316,39,Female,USA,Consulting/Agency,Backend Developer,Startup (1–50),6,>$200k,Remote,Yes,5.6,6.0,3.6,6.4,2.4,5.5,7.5,7.7,1.0,6.7,3.1,None,N/A,0,Easy,Yes,0,No,None,N/A,0
4317,23,Female,Netherlands,FinTech,ML/AI Engineer,Small (51–200),16,$100k–$150k,Remote,Yes,4.0,5.6,1.1,8.1,4.8,7.4,10.0,7.9,1.5,5.2,8.2,None,N/A,0,Difficult,Yes,0,No,None,N/A,0
4318,40,Female,USA,Government/Public sector,Data Scientist,Small (51–200),1,$75k–$100k,Hybrid,Was already remote,7.2,6.2,6.5,10.0,1.0,8.5,9.3,2.8,1.1,5.8,5.9,Anxiety & Burnout,Formally diagnosed,1,Moderate,Don't know,0,No,None,No,1
4319,33,Male,France,Big Tech,Frontend Developer,Medium (201–1 000),11,$150k–$200k,Hybrid,No,8.0,7.0,0.0,6.9,6.2,5.6,6.8,8.4,4.2,5.8,5.9,None,N/A,0,Easy,Don't know,0,No,None,N/A,0
4320,29,Non-binary,USA,Government/Public sector,CTO/VP Engineering,Enterprise (5 000+),6,<$50k,Hybrid,Was already remote,4.4,8.9,20.0,8.9,5.0,3.8,7.3,6.8,1.0,3.6,6.8,None,N/A,0,Moderate,Yes,0,No,None,N/A,0
4321,31,Male,UK,Government/Public sector,Software Engineer,Large (1 001–5 000),4,$50k–$75k,Hybrid,Was already remote,2.1,6.7,3.7,4.7,4.6,7.9,9.0,6.4,2.0,1.4,10.0,None,N/A,1,Moderate,Yes,1,Yes,None,N/A,0
4322,31,Female,Italy,Government/Public sector,CTO/VP Engineering,Large (1 001–5 000),9,$50k–$75k,Hybrid,Was already remote,6.9,5.7,0.0,1.8,6.7,8.4,8.1,5.5,2.2,4.7,5.5,Anxiety & Burnout,Formally diagnosed,1,Difficult,Don't know,0,Yes,None,No,1
4323,41,Male,USA,SaaS/Software,QA/Test Engineer,Enterprise (5 000+),5,$150k–$200k,In-person,Yes,7.1,7.4,5.7,8.5,4.4,3.8,8.8,4.3,2.8,9.4,4.0,Anxiety & Burnout,Formally diagnosed,1,Moderate,Yes,0,No,None,Yes,1
4324,23,Female,UK,HealthTech,Mobile Developer,Large (1 001–5 000),6,$75k–$100k,Remote,Yes,4.5,6.2,1.2,7.1,4.0,8.1,8.5,6.6,1.9,3.9,8.8,None,N/A,1,Easy,Yes,1,Yes,None,N/A,0
4325,26,Male,USA,Big Tech,Mobile Developer,Enterprise (5 000+),1,$150k–$200k,Hybrid,No,5.1,8.0,0.7,5.9,2.4,7.2,7.8,6.8,1.7,6.7,5.4,Burnout,Self-reported,0,Easy,Yes,0,No,None,No,1
4326,39,Male,USA,Big Tech,ML/AI Engineer,Medium (201–1 000),9,<$50k,In-person,Yes,4.6,6.9,0.6,5.2,2.9,6.8,9.8,6.4,2.3,5.0,6.4,None,N/A,0,Moderate,Yes,0,Yes,None,N/A,0
4327,27,Female,Canada,Government/Public sector,Mobile Developer,Enterprise (5 000+),5,$100k–$150k,Remote,No,6.0,6.2,2.5,7.2,7.8,8.8,6.3,8.9,1.2,4.5,5.4,Anxiety & Depression,Formally diagnosed,1,Difficult,Yes,1,Yes,1–3 days,Partially,1
4328,38,Male,UK,Big Tech,ML/AI Engineer,Large (1 001–5 000),10,$75k–$100k,Hybrid,No,7.5,6.0,6.7,2.5,4.5,7.3,7.1,7.0,3.6,8.0,5.8,Anxiety,Self-reported,1,Moderate,Yes,1,No,None,No,1
4329,44,Female,Australia,AI/ML startup,CTO/VP Engineering,Startup (1–50),2,$50k–$75k,In-person,No,6.7,8.3,7.5,4.1,5.6,4.5,9.1,6.0,3.0,6.4,6.5,Anxiety & Burnout,Formally diagnosed,1,Easy,Yes,1,Yes,1–3 days,No,1
4330,28,Male,Brazil,FinTech,Product Manager,Startup (1–50),2,$150k–$200k,Hybrid,No,7.0,6.3,4.8,5.2,4.8,4.1,7.5,7.6,4.8,6.6,5.4,Anxiety & Depression,Self-reported,1,Easy,Don't know,0,Yes,4–7 days,Yes,1
4331,37,Male,Germany,HealthTech,Engineering Manager,Small (51–200),0,$75k–$100k,Hybrid,No,3.7,5.7,3.4,7.2,7.1,5.6,8.5,5.6,1.5,5.1,6.6,None,N/A,0,Easy,Don't know,0,No,None,N/A,0
4332,23,Male,USA,Consulting/Agency,ML/AI Engineer,Medium (201–1 000),8,$100k–$150k,Remote,Was already remote,5.0,8.8,2.6,7.3,4.1,7.0,6.3,2.5,6.5,3.9,5.1,Burnout,Self-reported,1,Difficult,Yes,1,No,4–7 days,No,1
4333,37,Female,India,FinTech,Security Engineer,Large (1 001–5 000),2,<$50k,Hybrid,Was already remote,8.1,7.0,0.8,7.7,3.9,6.3,6.1,8.1,1.5,8.1,3.9,Burnout,Formally diagnosed,0,Easy,No,0,Yes,1–3 days,No,1
4334,33,Male,USA,AI/ML startup,DevOps/SRE,Large (1 001–5 000),2,$150k–$200k,Hybrid,No,3.8,7.3,0.5,6.2,2.6,6.3,8.9,3.5,2.7,3.9,7.3,None,N/A,0,Moderate,Don't know,0,No,None,N/A,0
4335,35,Non-binary,India,SaaS/Software,Mobile Developer,Enterprise (5 000+),6,$75k–$100k,In-person,Yes,4.5,3.7,6.5,7.8,6.3,7.9,9.8,9.3,1.0,5.7,6.2,None,N/A,0,Moderate,Yes,0,Yes,None,N/A,0
4336,27,Male,Australia,HealthTech,Mobile Developer,Medium (201–1 000),1,$100k–$150k,Hybrid,No,7.1,5.6,20.0,4.0,7.4,4.4,5.2,5.4,2.5,9.2,1.4,Burnout,Formally diagnosed,1,Easy,Yes,0,Yes,4–7 days,Yes,1
4337,19,Male,USA,SaaS/Software,CTO/VP Engineering,Large (1 001–5 000),13,$150k–$200k,Remote,No,2.7,7.2,9.5,5.5,7.0,8.9,8.2,4.1,2.9,4.4,7.9,None,N/A,0,Difficult,No,0,Yes,None,N/A,0
4338,35,Male,Brazil,Cybersecurity,ML/AI Engineer,Small (51–200),4,$50k–$75k,Hybrid,No,4.2,5.5,9.7,4.5,7.8,8.8,8.1,6.3,3.6,5.0,7.4,None,N/A,0,Moderate,No,0,No,None,N/A,0
4339,18,Male,Spain,E-commerce,Frontend Developer,Large (1 001–5 000),19,$75k–$100k,Remote,Yes,7.4,5.7,0.7,7.3,6.1,6.6,7.6,6.7,3.0,5.2,7.1,Depression,Formally diagnosed,1,Moderate,No,0,No,1–3 days,Yes,1
4340,29,Female,Brazil,SaaS/Software,ML/AI Engineer,Large (1 001–5 000),0,$150k–$200k,Hybrid,Was already remote,3.3,6.0,0.9,5.4,7.0,6.1,7.8,9.2,1.0,4.1,7.8,None,N/A,0,Moderate,Yes,0,No,None,N/A,0
4341,39,Female,USA,Gaming,Engineering Manager,Large (1 001–5 000),2,$75k–$100k,Hybrid,Yes,4.6,7.2,7.3,7.5,7.6,7.2,7.6,8.0,3.3,5.9,6.1,None,N/A,0,Moderate,Yes,0,Yes,None,N/A,0
4342,33,Female,India,E-commerce,Data Analyst,Medium (201–1 000),2,$150k–$200k,Remote,Was already remote,7.1,7.3,4.5,7.1,3.8,6.4,9.5,7.5,4.8,3.8,7.9,None,N/A,0,Moderate,Yes,0,No,None,N/A,0
4343,46,Male,Spain,Government/Public sector,DevOps/SRE,Large (1 001–5 000),7,$75k–$100k,Remote,Yes,4.0,7.9,2.0,6.2,8.2,9.5,8.9,5.5,1.0,6.4,7.7,Depression & Burnout,Formally diagnosed,1,Difficult,Yes,1,No,None,No,1
4344,39,Male,UK,Government/Public sector,Data Scientist,Small (51–200),1,$75k–$100k,In-person,No,7.5,7.1,5.6,4.9,6.7,1.8,6.5,9.2,3.6,7.4,4.3,None,N/A,0,Moderate,Yes,0,No,None,N/A,0
4345,27,Male,Brazil,FinTech,Data Scientist,Large (1 001–5 000),2,$50k–$75k,Hybrid,Yes,6.5,5.7,0.1,6.9,7.8,4.1,8.4,10.0,3.8,9.2,4.9,None,N/A,0,No access,Yes,0,No,None,N/A,0
4346,32,Non-binary,USA,AI/ML startup,Full-Stack Developer,Large (1 001–5 000),13,$50k–$75k,Remote,No,5.5,8.6,3.5,6.2,7.4,7.2,5.8,5.4,2.6,4.0,7.6,None,N/A,0,Moderate,Yes,0,No,None,N/A,0
4347,31,Male,USA,Big Tech,Cloud Architect,Medium (201–1 000),0,$75k–$100k,Hybrid,Yes,2.6,7.6,11.4,8.0,2.7,6.4,8.7,5.2,1.0,3.7,5.7,None,N/A,0,Difficult,Don't know,0,Yes,None,N/A,0
4348,20,Female,Netherlands,E-commerce,Software Engineer,Startup (1–50),7,<$50k,Hybrid,Was already remote,6.0,4.4,8.2,3.0,7.4,5.0,6.7,8.9,3.4,5.8,7.1,Anxiety & Depression,Formally diagnosed,0,Easy,Yes,0,No,1–3 days,Partially,1
4349,24,Male,Netherlands,Consulting/Agency,Software Engineer,Small (51–200),6,$50k–$75k,In-person,Yes,3.2,7.8,5.5,6.5,6.4,5.8,8.0,6.8,1.0,2.7,8.3,Depression,Not sure / undiagnosed,1,No access,Don't know,0,Yes,1–3 days,No,1
4350,27,Male,Sweden,HealthTech,Data Analyst,Medium (201–1 000),0,$75k–$100k,Remote,No,2.9,6.4,1.7,5.6,5.0,4.1,7.9,7.9,1.0,6.4,7.0,None,N/A,0,Easy,No,0,No,None,N/A,0
4351,18,Male,Mexico,Cybersecurity,Software Engineer,Large (1 001–5 000),6,$75k–$100k,Hybrid,Yes,6.7,6.2,0.0,5.2,6.9,7.7,7.2,9.7,2.0,5.7,6.9,None,N/A,1,Easy,Don't know,0,No,None,N/A,0
4352,32,Male,USA,AI/ML startup,Engineering Manager,Small (51–200),4,$50k–$75k,Hybrid,No,6.5,6.8,1.0,9.2,7.1,5.5,7.2,10.0,3.6,7.7,5.0,Anxiety,Formally diagnosed,0,No access,Yes,0,Yes,1–2 weeks,No,1
4353,30,Female,USA,AI/ML startup,ML/AI Engineer,Large (1 001–5 000),1,$50k–$75k,Remote,No,2.4,7.8,4.1,5.3,8.7,7.2,8.6,7.9,1.0,4.4,7.4,None,N/A,0,No access,Don't know,0,No,None,N/A,0
4354,19,Male,Ireland,Cybersecurity,Data Scientist,Medium (201–1 000),2,$75k–$100k,In-person,Yes,5.5,7.9,1.2,2.2,9.4,4.1,5.4,8.2,3.9,5.0,6.1,None,N/A,0,Easy,Yes,1,No,None,N/A,0
4355,35,Female,USA,Consulting/Agency,ML/AI Engineer,Startup (1–50),9,$150k–$200k,Hybrid,Yes,6.8,6.6,1.3,7.4,6.9,8.2,6.2,7.2,3.6,5.2,7.3,None,N/A,0,Difficult,Yes,0,No,None,N/A,0
4356,37,Male,Australia,SaaS/Software,Engineering Manager,Large (1 001–5 000),1,$100k–$150k,In-person,Yes,6.5,7.9,1.4,8.4,6.8,2.8,6.6,9.8,6.1,5.0,4.5,Depression,Self-reported,1,Moderate,Yes,1,Yes,4–7 days,Partially,1
4357,33,Non-binary,Germany,Consulting/Agency,Product Manager,Large (1 001–5 000),3,>$200k,Hybrid,No,6.4,6.0,1.1,7.3,7.3,2.5,5.5,7.7,2.6,7.4,4.5,Anxiety & Depression,Not sure / undiagnosed,1,Easy,Yes,0,Yes,4–7 days,Partially,1
4358,29,Male,USA,Consulting/Agency,Full-Stack Developer,Large (1 001–5 000),6,$50k–$75k,Hybrid,Yes,5.5,7.9,8.8,2.7,4.8,5.2,10.0,6.9,5.1,5.0,7.9,None,N/A,0,Moderate,Don't know,0,No,None,N/A,0
4359,36,Female,USA,E-commerce,Data Scientist,Small (51–200),0,$50k–$75k,In-person,Was already remote,7.9,4.7,0.5,6.3,7.8,4.5,4.5,8.6,3.9,6.9,3.1,Depression & Burnout,Self-reported,0,No access,Yes,0,No,4–7 days,Yes,1
4360,37,Female,Germany,Gaming,Security Engineer,Startup (1–50),14,$75k–$100k,Hybrid,Yes,6.3,5.1,17.3,4.7,4.7,5.6,10.0,3.4,1.0,6.6,6.6,Anxiety & Burnout,Self-reported,1,Difficult,Yes,1,No,4–7 days,No,1
4361,34,Prefer not to say,Japan,HealthTech,Cloud Architect,Startup (1–50),1,<$50k,Remote,Was already remote,8.0,6.7,0.0,9.3,5.5,4.6,4.1,4.8,1.7,5.1,7.1,Anxiety & Burnout,Formally diagnosed,1,Easy,Yes,0,Yes,4–7 days,Partially,1
4362,25,Male,Australia,AI/ML startup,CTO/VP Engineering,Startup (1–50),2,>$200k,Remote,Yes,6.1,5.2,6.9,5.6,4.8,4.5,5.8,6.0,3.2,6.2,4.5,Depression,Formally diagnosed,1,Moderate,Don't know,0,Yes,None,No,1
4363,34,Female,India,FinTech,Engineering Manager,Large (1 001–5 000),6,$100k–$150k,Remote,Yes,4.0,8.0,4.9,7.0,4.4,7.8,8.2,3.6,4.6,5.9,7.1,None,N/A,0,Easy,No,0,No,None,N/A,0
4364,40,Male,Canada,Big Tech,Software Engineer,Small (51–200),0,$100k–$150k,In-person,Yes,6.3,7.0,3.5,6.9,7.8,3.0,9.2,4.4,3.8,7.3,4.8,Depression,Formally diagnosed,1,Moderate,Yes,1,Yes,4–7 days,No,1
4365,27,Male,USA,Consulting/Agency,Cloud Architect,Enterprise (5 000+),5,$50k–$75k,Remote,Yes,3.6,8.2,2.5,8.0,6.1,6.5,7.7,6.2,1.3,5.6,4.7,None,N/A,0,No access,Yes,0,No,None,N/A,0
4366,47,Male,USA,Cybersecurity,QA/Test Engineer,Large (1 001–5 000),13,$150k–$200k,Remote,Was already remote,6.8,7.2,5.4,9.2,6.8,6.4,10.0,4.6,3.0,4.0,8.1,None,N/A,0,Difficult,Yes,0,Yes,None,N/A,0
4367,28,Male,UK,Consulting/Agency,ML/AI Engineer,Large (1 001–5 000),1,$100k–$150k,Remote,No,9.4,7.1,1.1,6.2,6.9,4.7,4.3,6.1,3.0,7.0,3.0,Anxiety,Formally diagnosed,1,Easy,Don't know,0,Yes,>2 weeks,Yes,1
4368,32,Prefer not to say,USA,Cybersecurity,Mobile Developer,Enterprise (5 000+),2,$100k–$150k,In-person,Yes,6.1,7.7,0.2,4.2,3.8,8.2,8.3,6.2,3.2,4.1,7.5,Burnout,Formally diagnosed,1,No access,No,0,No,4–7 days,Partially,1
4369,26,Male,USA,HealthTech,Frontend Developer,Small (51–200),1,$150k–$200k,Hybrid,No,5.8,6.9,0.9,9.5,3.3,7.3,8.2,8.6,1.0,5.6,6.2,None,N/A,0,Moderate,Yes,0,No,None,N/A,0
4370,33,Female,Canada,Government/Public sector,QA/Test Engineer,Small (51–200),9,>$200k,In-person,Was already remote,7.6,6.1,0.0,5.5,9.4,4.9,5.6,4.4,3.7,4.8,7.4,Anxiety & Depression,Formally diagnosed,1,Moderate,Don't know,0,No,>2 weeks,No,1
4371,18,Female,UK,HealthTech,Cloud Architect,Large (1 001–5 000),1,<$50k,Hybrid,Yes,6.5,7.7,2.5,7.6,4.4,5.2,5.6,6.6,4.1,6.5,7.2,Anxiety,Self-reported,0,Moderate,Don't know,0,No,1–3 days,No,1
4372,27,Female,USA,FinTech,Frontend Developer,Small (51–200),2,$50k–$75k,Remote,No,10.0,7.7,2.3,5.7,6.5,3.5,6.0,6.3,6.6,9.4,2.7,None,N/A,0,Difficult,Yes,1,No,None,N/A,0
4373,23,Female,India,Gaming,Mobile Developer,Enterprise (5 000+),5,<$50k,In-person,Yes,5.9,6.3,1.2,6.2,5.6,8.9,8.0,7.7,6.8,5.5,3.6,None,N/A,0,No access,Yes,0,Yes,None,N/A,0
4374,33,Male,Germany,E-commerce,Mobile Developer,Enterprise (5 000+),2,$100k–$150k,Remote,No,6.6,7.7,0.0,3.5,5.8,5.7,5.4,4.4,6.9,5.8,5.2,None,N/A,0,Easy,No,0,Yes,None,N/A,0
4375,39,Female,USA,Cybersecurity,Product Manager,Enterprise (5 000+),0,$75k–$100k,Remote,Yes,7.9,5.9,3.0,6.1,7.2,4.8,7.8,6.7,1.9,8.8,5.4,Depression,Self-reported,1,No access,Yes,0,No,4–7 days,No,1
4376,36,Male,Mexico,Gaming,Software Engineer,Enterprise (5 000+),16,$150k–$200k,Hybrid,No,3.4,6.8,0.7,7.3,4.0,7.3,9.7,9.0,4.8,3.6,5.4,None,N/A,0,Easy,Yes,0,No,None,N/A,0
4377,18,Non-binary,USA,Cybersecurity,Engineering Manager,Large (1 001–5 000),2,$100k–$150k,In-person,No,7.3,7.0,11.2,4.7,5.2,3.7,8.4,7.4,5.0,7.1,6.7,Anxiety,Self-reported,1,Moderate,Yes,0,No,1–3 days,No,1
4378,47,Female,Japan,E-commerce,ML/AI Engineer,Large (1 001–5 000),3,$150k–$200k,Remote,No,5.2,7.6,7.6,8.7,8.4,7.7,6.6,7.1,3.6,5.0,5.5,None,N/A,0,Difficult,No,0,Yes,None,N/A,0
4379,34,Prefer not to say,USA,HealthTech,ML/AI Engineer,Startup (1–50),1,$100k–$150k,Remote,Was already remote,5.5,7.3,6.1,9.3,5.8,7.1,10.0,3.7,3.9,3.3,7.5,Depression,Formally diagnosed,1,No access,Yes,1,No,None,Partially,1
4380,26,Male,Singapore,SaaS/Software,Frontend Developer,Large (1 001–5 000),11,$150k–$200k,Remote,Was already remote,7.4,6.5,0.9,6.6,8.6,4.1,6.5,8.1,1.9,8.9,4.1,Burnout,Self-reported,1,Difficult,Yes,1,Yes,None,Yes,1
4381,33,Male,USA,Gaming,CTO/VP Engineering,Small (51–200),1,$75k–$100k,Hybrid,Yes,4.7,7.1,4.9,7.2,7.2,7.6,8.0,7.0,3.7,5.0,6.8,Anxiety & Depression,Self-reported,1,Easy,No,0,No,None,Yes,1
4382,33,Male,Netherlands,Cybersecurity,Engineering Manager,Large (1 001–5 000),0,>$200k,Remote,Yes,5.6,5.3,0.0,7.1,7.4,7.9,6.4,4.5,1.0,6.1,5.7,Depression,Formally diagnosed,0,Easy,Yes,0,No,1–3 days,Yes,1
4383,26,Male,UK,Gaming,Mobile Developer,Enterprise (5 000+),2,$100k–$150k,Hybrid,Yes,5.7,6.8,0.1,5.5,6.6,6.1,7.9,5.8,1.9,5.2,7.0,Burnout,Self-reported,1,Moderate,Yes,0,No,None,Yes,1
4384,33,Male,France,Gaming,ML/AI Engineer,Small (51–200),22,$100k–$150k,Remote,Yes,5.8,8.1,2.2,5.1,10.0,6.2,6.2,7.3,1.5,5.6,8.5,Depression,Not sure / undiagnosed,0,Moderate,Yes,0,Yes,None,No,1
4385,27,Female,UK,Cybersecurity,Cloud Architect,Startup (1–50),0,$75k–$100k,Hybrid,No,4.8,8.1,3.2,4.9,4.5,3.5,8.5,6.6,5.1,6.1,4.5,Burnout,Formally diagnosed,1,Difficult,Don't know,0,Yes,>2 weeks,Partially,1
4386,28,Male,USA,E-commerce,Product Manager,Medium (201–1 000),0,>$200k,In-person,Yes,7.0,5.7,4.5,4.1,2.6,4.9,4.2,6.2,5.1,6.9,3.9,Anxiety & Depression,Formally diagnosed,1,Moderate,Don't know,0,No,4–7 days,Yes,1
4387,26,Male,Netherlands,E-commerce,DevOps/SRE,Large (1 001–5 000),4,$75k–$100k,Remote,No,3.9,7.7,1.6,5.3,4.2,5.6,9.6,9.1,1.9,5.7,7.7,Anxiety & Depression,Not sure / undiagnosed,0,Easy,Yes,0,No,4–7 days,No,1
4388,21,Female,USA,Big Tech,DevOps/SRE,Large (1 001–5 000),2,$150k–$200k,Hybrid,Yes,2.6,7.9,3.4,8.3,5.4,8.1,6.8,4.5,1.4,3.3,8.4,None,N/A,0,Difficult,No,0,No,None,N/A,0
4389,33,Female,Spain,Big Tech,Mobile Developer,Large (1 001–5 000),8,$75k–$100k,In-person,Yes,5.5,8.6,0.1,5.5,10.0,7.2,8.6,5.7,4.2,3.8,8.2,None,N/A,0,Moderate,Don't know,0,Yes,None,N/A,0
4390,36,Male,USA,HealthTech,Frontend Developer,Large (1 001–5 000),7,$150k–$200k,Hybrid,Was already remote,7.0,7.4,1.7,7.4,7.4,7.8,6.3,5.6,4.0,4.6,4.8,Anxiety & Depression,Formally diagnosed,1,Easy,Yes,1,Yes,1–3 days,No,1
4391,35,Male,Canada,AI/ML startup,Software Engineer,Small (51–200),1,>$200k,Hybrid,Yes,7.0,6.7,3.3,7.3,8.1,6.8,8.4,7.7,4.4,4.6,4.5,Anxiety,Self-reported,0,Difficult,Don't know,0,Yes,1–2 weeks,Yes,1
4392,38,Male,France,Gaming,Frontend Developer,Large (1 001–5 000),4,$100k–$150k,Hybrid,Yes,6.6,7.2,15.6,6.6,1.6,9.1,7.6,6.5,1.0,5.1,6.1,None,N/A,1,Difficult,Yes,0,No,None,N/A,0
4393,34,Male,UK,Gaming,CTO/VP Engineering,Large (1 001–5 000),0,$100k–$150k,Hybrid,Yes,5.4,6.0,5.0,6.9,5.0,4.9,8.2,5.3,1.6,8.7,5.8,None,N/A,0,No access,Don't know,0,Yes,None,N/A,0
4394,28,Female,USA,HealthTech,Backend Developer,Small (51–200),3,$75k–$100k,In-person,Yes,6.7,6.8,18.4,4.1,7.2,4.1,9.5,6.2,2.4,6.9,3.2,Anxiety,Self-reported,0,Easy,Don't know,0,Yes,None,No,1
4395,38,Male,Netherlands,FinTech,ML/AI Engineer,Medium (201–1 000),6,<$50k,Hybrid,Was already remote,5.8,8.9,2.2,6.6,6.3,6.4,6.8,7.1,1.0,3.6,8.2,None,N/A,0,Easy,No,0,No,None,N/A,0
4396,21,Female,Sweden,HealthTech,CTO/VP Engineering,Enterprise (5 000+),2,$100k–$150k,Remote,No,5.9,6.7,1.7,5.3,2.8,6.4,6.1,6.8,2.2,5.5,6.6,None,N/A,0,No access,Yes,0,Yes,None,N/A,0
4397,25,Female,Spain,AI/ML startup,ML/AI Engineer,Enterprise (5 000+),0,$50k–$75k,Hybrid,No,1.4,7.2,7.3,8.7,6.7,6.6,10.0,5.3,1.4,3.6,7.3,None,N/A,0,Moderate,Don't know,0,Yes,None,N/A,0
4398,24,Female,UK,HealthTech,DevOps/SRE,Large (1 001–5 000),0,$75k–$100k,Hybrid,Was already remote,5.2,8.2,2.1,7.3,4.4,7.9,7.8,2.7,1.0,6.3,4.9,None,N/A,0,Easy,No,0,Yes,None,N/A,0
4399,40,Male,Canada,FinTech,CTO/VP Engineering,Enterprise (5 000+),10,$75k–$100k,In-person,Was already remote,2.5,7.0,5.7,7.9,6.6,4.8,10.0,5.0,1.0,6.4,7.0,None,N/A,0,No access,Yes,0,Yes,None,N/A,0
4400,39,Male,UK,E-commerce,Mobile Developer,Startup (1–50),12,$50k–$75k,Remote,Yes,9.8,4.8,16.9,6.1,3.3,6.6,4.6,7.2,5.8,7.8,5.8,Anxiety,Formally diagnosed,1,Difficult,Yes,1,No,4–7 days,No,1
4401,35,Female,USA,Gaming,QA/Test Engineer,Enterprise (5 000+),2,$100k–$150k,Remote,Yes,7.5,7.9,3.8,5.0,5.8,6.6,5.3,8.4,3.6,8.0,5.5,Anxiety,Self-reported,1,Moderate,No,0,No,1–2 weeks,No,1
4402,40,Male,Netherlands,AI/ML startup,Engineering Manager,Startup (1–50),0,$50k–$75k,Hybrid,Yes,8.2,5.6,0.0,5.9,8.5,3.3,7.3,6.9,2.5,6.1,7.0,None,N/A,0,Moderate,No,0,Yes,None,N/A,0
4403,25,Male,UK,SaaS/Software,Frontend Developer,Medium (201–1 000),21,$150k–$200k,In-person,Yes,5.1,6.7,0.7,3.5,5.1,6.0,6.8,5.4,4.0,5.5,5.4,None,N/A,0,No access,Yes,0,Yes,None,N/A,0
4404,34,Male,Canada,Big Tech,Software Engineer,Small (51–200),4,$75k–$100k,Remote,No,5.9,6.4,0.9,4.7,8.7,4.2,6.3,7.1,2.4,8.3,1.8,None,N/A,0,Difficult,Yes,0,No,None,N/A,0
4405,31,Male,UK,Government/Public sector,CTO/VP Engineering,Large (1 001–5 000),3,$75k–$100k,Remote,Yes,3.7,9.2,6.4,3.8,3.5,7.1,9.6,8.4,3.4,3.6,7.3,Depression,Formally diagnosed,1,Moderate,Yes,1,No,1–2 weeks,No,1
4406,38,Female,France,HealthTech,Mobile Developer,Small (51–200),7,$75k–$100k,In-person,Yes,3.9,4.8,9.7,5.9,5.1,5.9,7.8,7.6,1.6,3.3,8.2,None,N/A,1,No access,Yes,1,Yes,None,N/A,0
4407,31,Male,Spain,Cybersecurity,DevOps/SRE,Startup (1–50),1,$50k–$75k,Remote,No,5.5,7.3,3.5,8.0,6.8,6.7,8.5,9.0,2.6,4.1,7.6,None,N/A,0,No access,Yes,0,No,None,N/A,0
4408,29,Male,Australia,E-commerce,Security Engineer,Medium (201–1 000),4,$100k–$150k,Hybrid,No,5.0,5.4,0.3,5.9,4.6,7.0,5.3,5.3,3.8,6.3,4.3,Burnout,Self-reported,1,Difficult,Yes,0,No,1–3 days,No,1
4409,36,Male,Canada,Gaming,Frontend Developer,Startup (1–50),12,$50k–$75k,Remote,Was already remote,6.8,7.6,1.9,4.3,5.2,5.0,5.3,4.8,3.7,5.5,4.9,Burnout,Formally diagnosed,1,Difficult,Yes,1,No,>2 weeks,No,1
4410,38,Female,Netherlands,Government/Public sector,Cloud Architect,Small (51–200),0,$100k–$150k,Remote,Yes,6.7,5.8,6.4,7.5,3.5,4.1,7.7,8.7,3.0,4.9,8.9,Anxiety & Depression,Formally diagnosed,1,Difficult,No,0,Yes,1–3 days,Partially,1
4411,26,Female,India,Cybersecurity,Data Scientist,Large (1 001–5 000),6,$75k–$100k,Remote,No,5.3,6.4,1.5,3.1,2.5,6.4,7.4,7.9,5.2,4.1,8.7,Anxiety,Formally diagnosed,1,Difficult,No,0,Yes,1–3 days,Yes,1
4412,31,Female,USA,FinTech,Software Engineer,Small (51–200),4,$75k–$100k,Remote,Yes,7.5,6.0,0.0,4.1,6.5,4.1,6.4,8.9,1.9,8.1,5.4,Burnout,Formally diagnosed,1,Difficult,Yes,0,No,None,No,1
4413,24,Male,USA,HealthTech,Software Engineer,Small (51–200),16,$100k–$150k,Hybrid,Was already remote,3.9,7.2,5.6,6.9,5.2,5.6,6.7,7.2,1.0,7.8,4.9,None,N/A,0,Easy,Don't know,0,No,None,N/A,0
4414,18,Male,USA,Big Tech,Data Analyst,Small (51–200),1,$150k–$200k,Remote,Yes,3.7,6.1,4.1,8.5,8.2,6.7,8.9,3.0,4.5,4.4,6.9,None,N/A,0,Easy,Yes,0,No,None,N/A,0
4415,33,Male,Canada,Big Tech,Engineering Manager,Startup (1–50),10,$75k–$100k,Remote,Yes,6.9,7.6,1.7,6.0,3.6,5.9,9.9,5.4,2.9,5.7,6.7,ADHD,Not sure / undiagnosed,1,Easy,No,0,Yes,1–3 days,No,1
4416,36,Female,Brazil,SaaS/Software,Engineering Manager,Medium (201–1 000),2,$75k–$100k,Hybrid,Was already remote,7.0,5.7,6.1,2.9,5.0,5.1,7.5,6.4,6.3,7.0,7.3,ADHD,Not sure / undiagnosed,0,Easy,No,0,Yes,None,No,1
4417,33,Female,UK,Government/Public sector,QA/Test Engineer,Large (1 001–5 000),3,$100k–$150k,Remote,Yes,7.5,5.8,5.9,6.6,4.5,5.8,6.8,5.0,1.9,3.7,6.9,None,N/A,0,Easy,Yes,0,No,None,N/A,0
4418,18,Female,UK,Big Tech,Security Engineer,Medium (201–1 000),1,$150k–$200k,Remote,Was already remote,3.4,6.0,4.7,10.0,4.0,8.9,9.7,7.2,1.0,3.6,7.5,None,N/A,1,No access,Don't know,0,No,None,N/A,0
4419,29,Male,Spain,FinTech,Product Manager,Startup (1–50),10,$100k–$150k,Remote,Yes,4.5,8.0,10.1,8.3,8.6,8.0,5.9,5.5,2.6,5.0,8.3,Anxiety,Self-reported,0,Moderate,Yes,0,No,4–7 days,Yes,1
4420,18,Female,Brazil,Government/Public sector,Software Engineer,Large (1 001–5 000),1,<$50k,In-person,Yes,6.5,6.3,1.7,5.4,3.9,4.3,8.6,4.0,2.1,6.9,6.7,None,N/A,0,Moderate,Yes,0,Yes,None,N/A,0
4421,42,Male,Australia,Government/Public sector,Data Analyst,Medium (201–1 000),10,$100k–$150k,Hybrid,Yes,6.6,8.2,4.1,5.8,5.9,6.6,10.0,8.2,2.7,6.2,7.1,Burnout,Self-reported,0,Difficult,Yes,0,No,None,No,1
4422,23,Female,USA,Big Tech,ML/AI Engineer,Medium (201–1 000),3,>$200k,Hybrid,Was already remote,9.4,3.0,5.0,7.5,6.2,6.7,4.9,7.5,3.2,7.2,4.3,Depression,Self-reported,1,Moderate,Yes,1,Yes,1–3 days,Yes,1
4423,41,Male,USA,Government/Public sector,CTO/VP Engineering,Small (51–200),9,$75k–$100k,Hybrid,Yes,4.2,7.9,3.8,7.4,3.9,7.8,9.4,5.3,1.0,1.7,9.3,None,N/A,0,Moderate,Yes,0,No,None,N/A,0
4424,39,Female,USA,Gaming,Cloud Architect,Small (51–200),1,$100k–$150k,Hybrid,Yes,9.8,4.4,1.5,3.2,7.5,3.5,5.4,5.7,4.4,8.0,3.5,Anxiety & Burnout,Self-reported,0,Moderate,No,0,No,None,No,1
4425,25,Male,USA,SaaS/Software,Frontend Developer,Startup (1–50),0,$75k–$100k,Hybrid,Was already remote,6.9,5.6,4.1,6.6,3.6,5.0,8.7,5.5,2.7,7.4,5.0,Depression,Formally diagnosed,1,Moderate,Yes,0,Yes,None,No,1
4426,23,Male,USA,Big Tech,Security Engineer,Small (51–200),4,$100k–$150k,Hybrid,No,8.1,6.1,0.7,9.0,8.2,5.9,7.4,7.9,3.3,6.9,7.3,Depression,Self-reported,1,Easy,Yes,1,No,1–2 weeks,Partially,1
4427,34,Female,Germany,Gaming,Full-Stack Developer,Startup (1–50),3,$50k–$75k,Remote,No,7.1,7.1,1.0,6.1,4.6,5.6,5.7,7.8,1.6,6.7,6.3,None,N/A,0,Difficult,No,0,No,None,N/A,0
4428,25,Male,USA,SaaS/Software,Mobile Developer,Medium (201–1 000),2,$75k–$100k,In-person,Yes,4.7,10.0,13.2,5.8,6.7,8.9,10.0,5.3,2.5,4.7,7.3,None,N/A,0,Moderate,Don't know,0,Yes,None,N/A,0
4429,32,Female,USA,E-commerce,Full-Stack Developer,Large (1 001–5 000),5,$150k–$200k,In-person,Yes,5.0,6.0,0.4,9.7,10.0,8.1,8.7,5.9,2.6,5.1,8.2,Anxiety,Formally diagnosed,0,Difficult,Don't know,0,No,None,Partially,1
4430,28,Female,USA,SaaS/Software,CTO/VP Engineering,Enterprise (5 000+),0,$50k–$75k,Remote,Was already remote,6.0,5.8,6.2,6.4,7.9,5.5,6.7,8.8,1.8,7.2,4.4,None,N/A,0,Difficult,Yes,0,No,None,N/A,0
4431,18,Female,India,Consulting/Agency,QA/Test Engineer,Large (1 001–5 000),5,>$200k,Remote,Was already remote,3.3,6.5,5.9,7.8,3.3,7.4,7.5,7.2,1.8,5.0,8.3,Other,Formally diagnosed,1,Easy,Don't know,0,Yes,1–3 days,No,1
4432,18,Male,India,Government/Public sector,ML/AI Engineer,Large (1 001–5 000),1,$75k–$100k,Hybrid,Yes,3.1,6.8,0.7,7.9,1.0,6.0,7.3,7.4,2.9,6.2,6.4,None,N/A,0,Easy,Yes,0,Yes,None,N/A,0
4433,33,Male,Germany,FinTech,Software Engineer,Medium (201–1 000),0,$100k–$150k,Remote,Yes,4.9,8.0,4.3,6.8,8.7,9.1,8.3,9.4,1.2,5.2,7.2,None,N/A,0,Moderate,Yes,0,No,None,N/A,0
4434,27,Female,USA,Big Tech,ML/AI Engineer,Startup (1–50),13,$75k–$100k,Hybrid,Was already remote,7.3,6.4,0.0,4.9,6.3,4.9,7.4,7.2,2.6,6.7,4.4,Anxiety,Self-reported,1,Moderate,Yes,1,Yes,None,No,1
4435,27,Male,UK,E-commerce,Data Analyst,Medium (201–1 000),3,$100k–$150k,Remote,Yes,4.8,8.7,0.9,3.0,9.0,8.1,5.5,5.9,5.5,6.4,3.6,Anxiety & Depression,Not sure / undiagnosed,0,No access,Yes,0,No,None,No,1
4436,37,Female,USA,Consulting/Agency,Data Scientist,Medium (201–1 000),7,>$200k,In-person,No,5.9,8.1,10.9,5.1,7.6,5.1,7.7,5.9,4.9,7.4,3.5,None,N/A,0,Difficult,Yes,0,No,None,N/A,0
4437,40,Male,USA,FinTech,Cloud Architect,Large (1 001–5 000),0,<$50k,Remote,No,5.7,7.4,1.4,5.5,5.9,7.5,6.8,5.7,4.0,5.8,3.8,None,N/A,0,Easy,No,0,Yes,None,N/A,0
4438,29,Male,Ireland,HealthTech,Product Manager,Large (1 001–5 000),0,$150k–$200k,In-person,Was already remote,7.8,5.8,0.0,8.4,8.4,6.0,5.8,8.2,4.9,7.7,1.0,None,N/A,0,Difficult,Yes,0,No,None,N/A,0
4439,29,Male,Italy,FinTech,Backend Developer,Small (51–200),3,$100k–$150k,Hybrid,Yes,6.8,4.4,2.1,7.5,5.2,7.6,7.0,7.9,4.3,5.7,4.6,None,N/A,0,Easy,No,0,No,None,N/A,0
4440,35,Male,India,Government/Public sector,Product Manager,Small (51–200),2,$100k–$150k,Hybrid,Was already remote,7.5,6.1,0.1,4.6,9.4,5.8,8.6,7.4,5.2,5.5,6.5,Burnout,Not sure / undiagnosed,1,Easy,No,0,Yes,None,No,1
4441,21,Male,Spain,Gaming,Software Engineer,Medium (201–1 000),0,<$50k,In-person,Yes,8.1,5.3,1.1,5.6,5.0,5.2,10.0,6.9,3.8,9.0,6.8,Anxiety,Self-reported,0,Easy,Yes,0,Yes,1–3 days,No,1
4442,33,Female,India,SaaS/Software,ML/AI Engineer,Medium (201–1 000),1,$150k–$200k,Hybrid,Yes,4.2,6.9,0.6,5.0,5.1,6.6,7.2,7.8,2.2,6.8,5.9,Depression & Burnout,Formally diagnosed,0,Moderate,Yes,0,Yes,None,Partially,1
4443,36,Female,USA,HealthTech,Security Engineer,Small (51–200),1,$50k–$75k,Hybrid,No,2.2,7.1,1.1,4.3,7.1,7.3,9.4,4.3,1.9,1.5,10.0,None,N/A,0,Moderate,Don't know,0,Yes,None,N/A,0
4444,37,Male,Argentina,SaaS/Software,Product Manager,Medium (201–1 000),1,>$200k,Remote,Yes,5.3,6.3,2.4,6.1,5.3,8.0,7.1,6.5,1.0,4.2,7.4,Anxiety,Formally diagnosed,1,Easy,No,0,Yes,1–3 days,No,1
4445,18,Non-binary,USA,Government/Public sector,Frontend Developer,Small (51–200),11,$150k–$200k,Remote,No,8.0,6.1,0.6,8.1,7.4,4.0,7.7,6.1,4.4,8.2,4.7,Burnout,Formally diagnosed,0,Moderate,Yes,0,No,>2 weeks,Partially,1
4446,26,Male,Australia,Big Tech,Product Manager,Large (1 001–5 000),3,$100k–$150k,Remote,No,7.2,4.4,0.0,3.8,5.4,5.6,6.4,4.1,2.1,4.7,6.1,Burnout,Not sure / undiagnosed,1,No access,Yes,0,No,1–2 weeks,No,1
4447,25,Non-binary,USA,E-commerce,Engineering Manager,Small (51–200),6,>$200k,Remote,No,5.3,6.2,2.9,8.6,6.8,5.6,9.0,7.9,2.9,7.6,6.7,Anxiety & Depression,Self-reported,0,Difficult,Don't know,0,Yes,None,No,1
4448,32,Female,UK,HealthTech,Data Analyst,Medium (201–1 000),0,$50k–$75k,Hybrid,No,9.5,7.2,0.0,6.8,8.4,3.8,5.8,6.7,3.6,10.0,4.0,Depression,Formally diagnosed,0,Moderate,Don't know,0,Yes,1–3 days,Yes,1
4449,35,Female,India,Big Tech,Product Manager,Large (1 001–5 000),9,>$200k,In-person,Was already remote,7.4,7.4,4.2,6.7,6.2,6.5,5.9,7.0,3.2,4.2,6.3,None,N/A,0,Difficult,No,0,Yes,None,N/A,0
4450,43,Male,Canada,Consulting/Agency,Frontend Developer,Enterprise (5 000+),1,$150k–$200k,In-person,Was already remote,4.9,6.8,0.2,5.9,5.5,4.2,9.3,6.6,1.6,6.8,7.0,Depression & Burnout,Not sure / undiagnosed,1,Difficult,Yes,1,No,4–7 days,No,1
4451,28,Male,USA,Big Tech,Mobile Developer,Enterprise (5 000+),2,$50k–$75k,In-person,No,8.1,4.3,11.4,6.6,5.4,4.8,8.4,4.9,1.5,6.6,5.2,Anxiety,Self-reported,1,Easy,Yes,0,Yes,4–7 days,Partially,1
4452,28,Male,UK,Cybersecurity,CTO/VP Engineering,Medium (201–1 000),0,$100k–$150k,Hybrid,Yes,3.2,6.9,5.2,6.3,7.5,5.3,9.6,4.1,1.4,4.5,7.2,None,N/A,0,Moderate,Yes,0,Yes,None,N/A,0
4453,40,Female,UK,HealthTech,Backend Developer,Medium (201–1 000),2,$150k–$200k,Remote,No,6.6,5.9,7.5,6.6,8.2,6.6,7.0,3.4,2.7,4.0,6.7,None,N/A,0,Difficult,No,0,No,None,N/A,0
4454,34,Male,South Africa,Big Tech,Engineering Manager,Medium (201–1 000),10,$100k–$150k,In-person,No,5.0,7.0,2.0,5.4,2.3,5.5,9.1,5.4,2.3,6.1,5.9,None,N/A,0,Easy,Yes,0,Yes,None,N/A,0
4455,41,Female,Sweden,Gaming,Backend Developer,Startup (1–50),2,$100k–$150k,Remote,Yes,5.9,6.8,0.0,7.6,7.2,5.5,9.2,6.8,3.2,6.2,5.9,Burnout,Formally diagnosed,0,No access,Yes,0,No,None,No,1
4456,34,Male,Canada,Gaming,Frontend Developer,Small (51–200),13,$75k–$100k,Hybrid,Yes,7.1,6.9,0.3,2.4,3.8,7.0,8.0,9.1,5.0,5.9,7.1,None,N/A,0,No access,No,0,No,None,N/A,0
4457,23,Female,USA,Consulting/Agency,Mobile Developer,Startup (1–50),11,$75k–$100k,Hybrid,No,7.7,4.7,11.7,7.9,5.0,4.2,6.6,2.9,2.6,9.0,3.6,None,N/A,0,Moderate,Yes,1,No,None,N/A,0
4458,22,Male,Sweden,SaaS/Software,Engineering Manager,Large (1 001–5 000),0,>$200k,Hybrid,Yes,6.2,4.5,3.0,7.5,6.0,4.9,6.4,2.8,3.4,9.1,5.6,None,N/A,0,Difficult,No,0,No,None,N/A,0
4459,20,Male,USA,AI/ML startup,ML/AI Engineer,Medium (201–1 000),2,$75k–$100k,In-person,Yes,5.6,6.2,0.7,7.4,5.9,3.1,7.4,5.5,2.6,6.1,4.5,None,N/A,0,Easy,Yes,0,Yes,None,N/A,0
4460,36,Male,USA,Big Tech,Cloud Architect,Startup (1–50),13,>$200k,Remote,No,2.9,6.1,2.9,7.2,5.6,7.1,9.4,7.8,1.2,2.7,9.9,None,N/A,1,Moderate,Yes,0,Yes,None,N/A,0
4461,40,Male,UK,Government/Public sector,Data Scientist,Large (1 001–5 000),0,$75k–$100k,Hybrid,Yes,3.2,7.4,1.8,6.9,6.5,5.0,9.8,7.4,1.0,2.1,9.8,None,N/A,0,No access,Yes,0,Yes,None,N/A,0
4462,45,Male,Singapore,HealthTech,Software Engineer,Large (1 001–5 000),7,$75k–$100k,Hybrid,Yes,1.4,7.7,3.4,7.8,4.8,8.5,10.0,6.1,2.7,5.2,6.8,None,N/A,0,No access,No,0,No,None,N/A,0
4463,38,Female,USA,Big Tech,QA/Test Engineer,Large (1 001–5 000),13,<$50k,Remote,No,6.3,5.1,6.0,7.1,7.0,9.0,6.6,2.9,5.3,4.8,7.8,None,N/A,0,Easy,No,0,No,None,N/A,0
4464,40,Male,USA,SaaS/Software,Mobile Developer,Medium (201–1 000),8,>$200k,Remote,No,7.7,6.5,0.1,5.7,5.5,8.7,8.1,3.6,5.0,5.8,7.1,Burnout,Formally diagnosed,0,Difficult,Yes,0,No,1–3 days,No,1
4465,27,Male,Canada,Big Tech,Full-Stack Developer,Small (51–200),7,$50k–$75k,Remote,Yes,1.7,8.3,2.7,5.2,6.6,9.8,10.0,8.5,1.2,2.0,7.9,None,N/A,0,Moderate,Yes,0,Yes,None,N/A,0
4466,23,Female,USA,AI/ML startup,ML/AI Engineer,Startup (1–50),10,$75k–$100k,In-person,No,7.9,7.9,1.3,6.3,5.0,3.4,8.2,7.0,1.4,6.2,6.6,Depression,Not sure / undiagnosed,1,Moderate,Don't know,0,No,None,Yes,1
4467,38,Male,Germany,E-commerce,Product Manager,Large (1 001–5 000),6,$150k–$200k,Hybrid,No,8.5,4.8,2.1,9.1,4.2,5.0,7.9,8.2,2.6,7.8,5.5,None,N/A,0,Difficult,No,0,Yes,None,N/A,0
4468,35,Non-binary,Canada,AI/ML startup,Full-Stack Developer,Small (51–200),3,$150k–$200k,Remote,Yes,6.3,6.3,0.0,7.9,3.8,5.7,8.9,7.9,3.4,5.6,4.7,None,N/A,0,No access,Yes,0,Yes,None,N/A,0
4469,32,Prefer not to say,Canada,Government/Public sector,Engineering Manager,Medium (201–1 000),0,$150k–$200k,Hybrid,Yes,8.8,5.3,0.0,7.3,5.2,3.6,7.9,10.0,3.0,5.5,4.0,None,N/A,0,Easy,No,0,Yes,None,N/A,0
4470,34,Male,USA,AI/ML startup,Engineering Manager,Medium (201–1 000),8,>$200k,Remote,Was already remote,5.9,8.7,1.5,1.0,3.9,6.3,7.6,5.7,4.9,6.3,5.2,Anxiety & Depression,Not sure / undiagnosed,0,Difficult,No,0,Yes,None,Yes,1
4471,34,Male,USA,Government/Public sector,Full-Stack Developer,Enterprise (5 000+),12,>$200k,Remote,No,3.7,5.1,6.2,3.3,7.8,7.2,10.0,5.8,3.0,3.9,9.5,Anxiety,Self-reported,1,No access,No,0,No,None,No,1
4472,41,Male,Brazil,SaaS/Software,Frontend Developer,Medium (201–1 000),3,$150k–$200k,Remote,Yes,5.4,7.5,0.6,7.0,6.8,6.2,7.7,7.2,4.1,6.2,5.5,None,N/A,0,Difficult,Yes,0,Yes,None,N/A,0
4473,41,Female,Ireland,HealthTech,Engineering Manager,Medium (201–1 000),4,$100k–$150k,In-person,Yes,8.9,5.5,6.4,8.7,3.6,4.9,7.9,8.5,2.2,6.5,4.8,Anxiety,Formally diagnosed,1,Moderate,Don't know,0,No,None,No,1
4474,36,Female,USA,AI/ML startup,DevOps/SRE,Small (51–200),2,$100k–$150k,Hybrid,Yes,4.9,5.7,1.5,5.5,2.4,6.0,10.0,3.5,4.4,4.5,7.1,None,N/A,0,Difficult,Yes,0,No,None,N/A,0
4475,38,Female,USA,Gaming,Cloud Architect,Enterprise (5 000+),10,<$50k,Hybrid,Yes,6.8,6.2,0.5,6.5,7.6,4.9,7.7,5.5,2.4,5.6,6.9,None,N/A,0,Difficult,Don't know,0,Yes,None,N/A,0
4476,35,Female,USA,Consulting/Agency,Data Scientist,Large (1 001–5 000),0,$150k–$200k,Hybrid,Was already remote,7.0,6.6,1.3,5.5,7.1,5.9,7.5,6.2,2.6,4.1,6.2,Other,Self-reported,0,Difficult,Yes,0,No,None,No,1
4477,28,Male,India,AI/ML startup,Data Scientist,Startup (1–50),5,$75k–$100k,Remote,No,8.1,4.1,2.0,4.2,3.3,7.0,8.3,6.6,4.0,7.9,6.9,Depression,Self-reported,0,No access,No,0,No,None,No,1
4478,37,Female,France,HealthTech,DevOps/SRE,Medium (201–1 000),13,$150k–$200k,Remote,No,2.6,7.0,5.3,5.5,4.7,8.0,6.2,7.8,3.4,6.0,6.7,Other,Self-reported,0,Moderate,Don't know,0,No,1–3 days,Yes,1
4479,21,Female,UK,SaaS/Software,Software Engineer,Medium (201–1 000),0,$100k–$150k,Remote,Yes,8.5,5.7,1.3,6.7,7.2,5.6,6.6,9.0,4.5,7.9,5.8,Depression,Formally diagnosed,0,Easy,Yes,0,Yes,1–3 days,Partially,1
4480,39,Female,Australia,Gaming,Engineering Manager,Startup (1–50),17,>$200k,Remote,Yes,4.3,5.2,6.2,9.7,1.0,7.3,9.1,8.0,1.0,4.6,9.9,None,N/A,0,Easy,No,0,Yes,None,N/A,0
4481,23,Female,France,Government/Public sector,DevOps/SRE,Medium (201–1 000),18,$75k–$100k,In-person,Was already remote,8.7,6.9,4.9,6.1,3.8,7.2,8.1,6.7,2.6,6.4,5.1,Depression,Self-reported,0,Difficult,No,0,No,1–3 days,No,1
4482,34,Female,Mexico,Gaming,Security Engineer,Large (1 001–5 000),14,$150k–$200k,In-person,Was already remote,5.3,5.6,0.0,6.4,4.7,4.3,7.1,6.8,6.9,5.6,6.1,Depression,Formally diagnosed,0,Moderate,Yes,0,No,>2 weeks,No,1
4483,25,Male,USA,AI/ML startup,Engineering Manager,Medium (201–1 000),3,$100k–$150k,Remote,Was already remote,5.4,8.1,5.4,9.2,7.5,7.1,9.3,6.7,3.4,3.1,6.9,None,N/A,0,Easy,No,0,No,None,N/A,0
4484,36,Male,USA,SaaS/Software,Cloud Architect,Large (1 001–5 000),2,>$200k,Remote,Yes,7.4,5.6,1.4,7.6,5.3,6.9,7.1,9.9,3.4,7.6,5.1,None,N/A,1,Easy,Yes,1,No,None,N/A,0
4485,31,Male,USA,Government/Public sector,QA/Test Engineer,Large (1 001–5 000),6,$75k–$100k,Remote,No,8.3,3.7,11.0,7.5,7.5,4.6,10.0,8.0,2.4,6.8,4.9,Burnout,Formally diagnosed,1,Moderate,Don't know,0,No,None,Partially,1
4486,20,Male,Singapore,FinTech,QA/Test Engineer,Large (1 001–5 000),2,<$50k,Hybrid,No,5.2,8.4,6.0,7.6,4.4,5.8,9.5,4.6,3.2,5.0,6.8,Burnout,Formally diagnosed,1,Difficult,Don't know,0,Yes,None,No,1
4487,35,Non-binary,Sweden,Cybersecurity,Frontend Developer,Medium (201–1 000),0,$100k–$150k,In-person,Was already remote,5.5,5.3,1.6,5.5,6.7,5.7,10.0,6.2,1.3,8.4,4.4,Burnout,Self-reported,1,Easy,Don't know,0,No,1–2 weeks,No,1
4488,27,Male,Germany,Big Tech,Product Manager,Medium (201–1 000),12,$100k–$150k,In-person,Yes,4.9,6.2,3.6,6.5,6.2,4.0,7.7,5.1,3.5,5.6,4.6,Depression & Burnout,Self-reported,1,Easy,Don't know,0,No,1–3 days,Yes,1
4489,38,Female,USA,E-commerce,Full-Stack Developer,Startup (1–50),5,$75k–$100k,Hybrid,Was already remote,5.0,6.0,0.8,7.2,4.2,5.8,6.8,8.5,3.4,5.8,6.6,None,N/A,0,No access,Yes,0,Yes,None,N/A,0
4490,32,Male,USA,HealthTech,Data Scientist,Small (51–200),1,>$200k,Remote,No,6.9,5.8,0.7,5.6,5.0,4.0,6.4,3.5,4.5,10.0,1.2,Depression,Not sure / undiagnosed,1,Easy,Yes,1,No,None,Yes,1
4491,34,Male,USA,HealthTech,Data Scientist,Enterprise (5 000+),0,<$50k,Hybrid,Yes,5.8,6.8,0.6,6.1,6.6,8.0,5.8,5.5,6.2,4.5,5.4,Anxiety & Burnout,Not sure / undiagnosed,1,Easy,No,0,No,1–2 weeks,Yes,1
4492,24,Non-binary,Germany,HealthTech,DevOps/SRE,Large (1 001–5 000),7,$100k–$150k,Hybrid,Yes,8.3,7.4,4.0,6.0,5.9,2.5,5.9,5.7,4.3,8.9,3.9,Anxiety,Formally diagnosed,1,Difficult,Yes,1,No,1–3 days,Yes,1
4493,27,Female,USA,FinTech,CTO/VP Engineering,Small (51–200),10,$75k–$100k,In-person,Was already remote,4.8,4.6,0.1,4.1,6.8,5.0,9.4,5.7,2.0,5.7,6.0,Depression,Self-reported,0,Moderate,Yes,0,No,4–7 days,Partially,1
4494,28,Male,USA,SaaS/Software,DevOps/SRE,Medium (201–1 000),2,<$50k,In-person,Was already remote,7.4,6.1,1.2,9.0,7.5,2.0,6.1,5.0,1.0,8.6,6.0,Anxiety,Formally diagnosed,1,No access,Yes,1,Yes,None,No,1
4495,38,Male,France,Gaming,DevOps/SRE,Enterprise (5 000+),0,>$200k,In-person,Yes,7.3,7.4,5.7,5.6,5.4,7.4,7.3,6.0,6.0,6.7,6.7,Other,Formally diagnosed,1,No access,No,0,Yes,1–3 days,No,1
4496,44,Male,USA,Government/Public sector,Software Engineer,Small (51–200),5,$100k–$150k,Hybrid,Yes,5.5,6.7,4.2,5.2,1.0,8.2,7.8,8.3,2.4,8.4,4.5,Anxiety,Self-reported,0,Difficult,Don't know,0,Yes,None,No,1
4497,25,Male,Canada,Gaming,DevOps/SRE,Medium (201–1 000),1,$150k–$200k,Hybrid,No,5.5,7.0,1.8,7.1,3.6,8.6,6.2,7.0,2.5,2.7,7.0,Depression & Burnout,Not sure / undiagnosed,1,Moderate,No,0,No,None,No,1
4498,40,Male,USA,Gaming,Security Engineer,Startup (1–50),0,$150k–$200k,In-person,No,6.9,7.6,3.0,9.4,2.8,4.6,10.0,7.3,1.0,5.2,5.9,None,N/A,0,Easy,Yes,0,No,None,N/A,0
4499,18,Male,Sweden,E-commerce,Product Manager,Large (1 001–5 000),3,$150k–$200k,Remote,No,4.8,5.2,2.0,5.2,2.9,8.7,7.9,8.2,2.0,3.6,5.2,Depression,Formally diagnosed,0,Easy,Yes,0,No,None,No,1
4500,23,Prefer not to say,Germany,HealthTech,Full-Stack Developer,Enterprise (5 000+),3,$100k–$150k,Hybrid,Was already remote,5.3,6.9,6.4,6.3,5.6,5.4,9.5,7.9,1.8,5.4,8.6,Depression & Burnout,Self-reported,1,Difficult,Yes,1,Yes,None,No,1
4501,24,Female,Ireland,HealthTech,ML/AI Engineer,Enterprise (5 000+),3,>$200k,Hybrid,No,3.7,8.0,3.4,1.0,6.7,7.2,9.3,3.3,5.8,6.1,5.3,None,N/A,0,Easy,No,0,Yes,None,N/A,0
4502,21,Female,Canada,FinTech,CTO/VP Engineering,Medium (201–1 000),9,$75k–$100k,Hybrid,No,4.4,7.4,3.7,10.0,3.4,6.9,5.9,6.6,1.5,1.9,8.0,None,N/A,0,Moderate,Yes,0,Yes,None,N/A,0
4503,20,Female,Mexico,Gaming,ML/AI Engineer,Large (1 001–5 000),3,$75k–$100k,Hybrid,Yes,4.1,6.3,15.9,5.2,7.4,6.7,7.0,6.5,2.5,5.7,5.1,Burnout,Not sure / undiagnosed,1,Moderate,Yes,1,No,None,Yes,1
4504,35,Male,Ireland,E-commerce,Engineering Manager,Medium (201–1 000),12,$75k–$100k,Remote,No,4.3,5.0,5.3,1.0,7.5,5.7,8.7,4.1,2.7,6.2,7.1,Burnout,Self-reported,0,Moderate,Yes,0,No,1–2 weeks,Partially,1
4505,30,Female,Germany,Cybersecurity,Product Manager,Startup (1–50),10,$100k–$150k,Hybrid,Yes,2.8,7.6,1.8,8.4,9.8,7.7,8.3,9.2,3.0,3.4,7.7,Anxiety & Depression,Formally diagnosed,0,Easy,No,0,No,1–2 weeks,Yes,1
4506,34,Male,Mexico,FinTech,Data Analyst,Small (51–200),5,>$200k,Remote,Was already remote,3.0,6.6,5.7,3.9,7.8,7.8,10.0,4.4,1.0,4.1,7.8,None,N/A,0,No access,No,0,Yes,None,N/A,0
4507,37,Female,UK,FinTech,QA/Test Engineer,Enterprise (5 000+),0,$100k–$150k,In-person,Yes,7.6,6.9,8.5,3.8,8.0,4.3,4.1,5.6,3.4,5.6,5.0,Depression & Burnout,Self-reported,1,Difficult,No,0,No,1–3 days,No,1
4508,33,Male,UK,Big Tech,ML/AI Engineer,Small (51–200),11,$150k–$200k,Remote,Yes,5.7,5.8,1.0,4.2,6.3,8.1,9.4,6.2,3.3,9.3,1.3,Anxiety & Burnout,Not sure / undiagnosed,1,Difficult,Yes,0,No,>2 weeks,Partially,1
4509,36,Male,USA,Cybersecurity,Software Engineer,Medium (201–1 000),12,$75k–$100k,Hybrid,Was already remote,8.2,7.6,5.0,5.3,4.0,3.6,6.1,8.1,4.8,4.5,6.5,Anxiety,Self-reported,0,Difficult,Yes,0,No,4–7 days,No,1
4510,31,Female,India,HealthTech,Data Analyst,Medium (201–1 000),2,>$200k,Remote,Was already remote,7.9,7.3,0.1,9.5,5.3,4.4,4.0,6.0,3.0,6.4,4.4,None,N/A,0,Difficult,Yes,0,No,None,N/A,0
4511,23,Female,France,Gaming,Backend Developer,Enterprise (5 000+),4,<$50k,Hybrid,Yes,5.2,5.4,1.9,3.6,8.0,5.0,7.3,5.0,4.3,6.7,6.0,ADHD,Formally diagnosed,0,Easy,Yes,0,Yes,None,Partially,1
4512,39,Female,Netherlands,HealthTech,Security Engineer,Large (1 001–5 000),1,>$200k,Remote,Yes,4.3,8.8,4.3,7.8,5.5,5.5,9.2,9.2,1.7,5.3,6.8,Depression,Formally diagnosed,0,Easy,Yes,0,Yes,1–2 weeks,No,1
4513,27,Non-binary,USA,FinTech,Software Engineer,Large (1 001–5 000),0,>$200k,Hybrid,Was already remote,6.3,5.0,0.6,4.8,6.3,5.0,7.0,7.1,3.3,8.0,4.4,Anxiety,Self-reported,1,Moderate,Yes,1,Yes,1–2 weeks,Yes,1
4514,24,Male,Canada,HealthTech,Data Scientist,Medium (201–1 000),3,<$50k,Remote,Was already remote,5.2,7.4,0.7,5.2,7.6,7.2,8.7,4.0,3.3,5.4,6.0,None,N/A,0,Easy,No,0,Yes,None,N/A,0
4515,30,Male,USA,SaaS/Software,ML/AI Engineer,Large (1 001–5 000),0,$100k–$150k,Hybrid,Was already remote,7.1,6.1,1.6,5.7,6.1,4.4,9.7,6.7,5.7,9.0,4.6,Other,Formally diagnosed,0,Difficult,No,0,No,1–3 days,No,1
4516,25,Male,Australia,AI/ML startup,QA/Test Engineer,Large (1 001–5 000),1,$150k–$200k,Hybrid,No,2.4,7.2,6.1,6.1,5.4,7.9,10.0,7.7,1.8,2.6,8.4,None,N/A,0,No access,Yes,0,No,None,N/A,0
4517,28,Female,USA,Cybersecurity,DevOps/SRE,Enterprise (5 000+),3,$75k–$100k,Remote,Yes,6.6,7.6,2.7,7.0,4.6,8.1,6.4,7.1,3.7,6.4,5.1,None,N/A,1,Difficult,Yes,1,No,None,N/A,0
4518,34,Female,Ireland,Gaming,DevOps/SRE,Medium (201–1 000),11,$50k–$75k,Remote,Yes,8.9,6.3,3.1,3.0,10.0,7.9,8.1,7.6,6.4,6.0,6.3,None,N/A,0,Easy,No,0,Yes,None,N/A,0
4519,34,Male,USA,Cybersecurity,CTO/VP Engineering,Medium (201–1 000),10,$150k–$200k,Hybrid,No,5.3,5.4,4.0,10.0,6.6,3.8,7.8,7.2,3.0,4.9,6.6,Burnout,Formally diagnosed,0,Moderate,Yes,0,Yes,1–2 weeks,No,1
4520,25,Female,USA,Big Tech,Full-Stack Developer,Large (1 001–5 000),18,$100k–$150k,Remote,Was already remote,7.1,5.8,2.2,6.3,3.7,7.3,5.1,5.3,2.6,7.0,4.6,Other,Self-reported,1,Moderate,Yes,1,Yes,1–3 days,Yes,1
4521,28,Female,Japan,HealthTech,QA/Test Engineer,Large (1 001–5 000),3,$75k–$100k,Remote,No,3.8,7.6,1.7,4.0,4.5,7.7,6.6,3.6,1.2,3.7,6.8,None,N/A,0,Moderate,Yes,0,No,None,N/A,0
4522,40,Male,Canada,HealthTech,Security Engineer,Small (51–200),4,$50k–$75k,Hybrid,Yes,4.9,8.0,1.9,9.1,5.8,5.6,8.3,8.7,2.3,1.0,8.8,None,N/A,0,Difficult,Yes,0,Yes,None,N/A,0
4523,35,Female,USA,Gaming,Data Scientist,Small (51–200),9,$100k–$150k,Hybrid,No,4.4,7.9,1.8,6.0,7.2,6.1,10.0,6.3,4.9,5.7,7.2,Depression & Burnout,Self-reported,1,Easy,Yes,0,No,4–7 days,No,1
4524,47,Female,Canada,Gaming,Frontend Developer,Enterprise (5 000+),6,<$50k,Remote,No,8.8,5.7,0.0,6.0,5.6,5.4,5.5,7.1,5.9,7.0,7.2,Anxiety & Depression,Formally diagnosed,1,Difficult,Yes,1,No,>2 weeks,Yes,1
4525,40,Non-binary,USA,SaaS/Software,CTO/VP Engineering,Medium (201–1 000),1,$150k–$200k,In-person,No,9.5,5.4,6.7,8.0,2.9,5.5,6.0,6.2,1.1,9.5,3.0,None,N/A,0,Difficult,Yes,0,No,None,N/A,0
4526,40,Male,Italy,E-commerce,Mobile Developer,Medium (201–1 000),2,$150k–$200k,Hybrid,No,5.1,9.0,3.6,2.6,2.1,7.4,8.5,6.0,5.7,5.7,7.1,Anxiety,Formally diagnosed,1,Easy,No,0,No,>2 weeks,No,1
4527,21,Male,India,Consulting/Agency,ML/AI Engineer,Small (51–200),14,$75k–$100k,Hybrid,Yes,8.3,7.1,5.9,7.6,2.3,6.8,2.8,8.2,4.3,6.6,5.4,Anxiety & Depression,Formally diagnosed,1,Moderate,Yes,0,No,None,Partially,1
4528,37,Male,USA,Big Tech,Full-Stack Developer,Medium (201–1 000),0,$100k–$150k,Hybrid,Yes,7.1,6.1,4.7,6.7,6.9,4.5,8.1,6.2,1.2,7.8,4.4,None,N/A,0,Easy,Yes,0,No,None,N/A,0
4529,31,Male,Germany,HealthTech,QA/Test Engineer,Large (1 001–5 000),1,$100k–$150k,In-person,Was already remote,5.3,6.8,0.2,5.1,6.2,5.4,9.3,7.8,1.0,5.1,5.8,Anxiety,Self-reported,0,Easy,No,0,Yes,4–7 days,No,1
4530,27,Prefer not to say,USA,Gaming,Backend Developer,Medium (201–1 000),2,>$200k,Hybrid,Yes,8.9,4.8,0.0,5.8,4.5,6.7,7.9,3.7,3.4,9.5,1.3,Anxiety & Burnout,Formally diagnosed,1,Moderate,Don't know,0,No,1–2 weeks,No,1
4531,33,Male,Sweden,Gaming,Mobile Developer,Small (51–200),15,$100k–$150k,In-person,Yes,5.0,6.4,10.5,5.0,9.9,5.6,8.8,4.0,1.6,5.7,6.3,None,N/A,1,Difficult,No,0,Yes,None,N/A,0
4532,39,Female,Spain,AI/ML startup,Mobile Developer,Startup (1–50),0,>$200k,Remote,Yes,4.8,6.2,2.2,6.5,5.8,8.7,8.4,5.2,5.4,4.1,9.3,Anxiety,Not sure / undiagnosed,0,Easy,Don't know,0,Yes,None,Yes,1
4533,35,Male,Singapore,Big Tech,Software Engineer,Enterprise (5 000+),6,$75k–$100k,Remote,Was already remote,4.2,6.6,6.1,6.8,2.6,6.7,8.9,2.3,3.8,5.8,7.6,None,N/A,0,Moderate,Yes,0,No,None,N/A,0
4534,25,Male,UK,Consulting/Agency,Data Scientist,Enterprise (5 000+),0,$100k–$150k,Hybrid,Yes,7.6,7.5,2.3,4.1,5.6,7.2,8.6,6.7,4.3,6.9,6.4,Depression,Self-reported,0,Easy,Yes,0,Yes,None,No,1
4535,37,Male,UK,AI/ML startup,QA/Test Engineer,Large (1 001–5 000),4,$50k–$75k,Hybrid,Yes,4.3,5.6,6.3,4.8,6.7,5.7,8.7,4.5,4.4,4.9,6.6,None,N/A,0,Difficult,No,0,Yes,None,N/A,0
4536,27,Female,USA,FinTech,ML/AI Engineer,Large (1 001–5 000),4,$100k–$150k,Hybrid,No,5.7,6.4,4.4,2.5,4.9,3.4,9.1,5.9,7.1,7.9,4.6,None,N/A,0,No access,No,0,No,None,N/A,0
4537,33,Female,India,Big Tech,Software Engineer,Medium (201–1 000),0,$100k–$150k,Hybrid,Yes,5.4,5.7,1.0,4.1,5.5,6.7,8.0,5.7,2.9,5.0,5.4,None,N/A,0,Moderate,Yes,0,Yes,None,N/A,0
4538,29,Male,Germany,Big Tech,QA/Test Engineer,Enterprise (5 000+),16,$150k–$200k,In-person,No,5.1,7.1,16.6,4.7,7.1,5.5,10.0,5.3,1.1,6.2,6.6,Depression,Self-reported,0,Difficult,Yes,0,No,None,Partially,1
4539,30,Non-binary,Canada,FinTech,Product Manager,Large (1 001–5 000),9,>$200k,Remote,No,5.6,8.2,2.2,1.9,6.3,3.4,7.6,3.9,5.7,4.5,7.6,None,N/A,0,Easy,Yes,0,Yes,None,N/A,0
4540,37,Male,Spain,Cybersecurity,Mobile Developer,Large (1 001–5 000),1,>$200k,Remote,Was already remote,5.2,7.5,3.0,7.1,7.2,6.1,10.0,7.4,3.8,5.3,6.8,None,N/A,0,Easy,No,0,No,None,N/A,0
4541,24,Male,USA,Government/Public sector,Full-Stack Developer,Small (51–200),0,$75k–$100k,In-person,Yes,8.9,6.2,1.6,7.7,7.3,5.5,4.5,7.7,3.9,6.0,5.0,None,N/A,0,Moderate,Yes,0,Yes,None,N/A,0
4542,46,Female,USA,SaaS/Software,QA/Test Engineer,Medium (201–1 000),2,$75k–$100k,Hybrid,No,6.8,7.5,7.1,10.0,2.8,5.2,7.9,7.5,1.6,4.4,5.7,None,N/A,0,Moderate,Yes,0,No,None,N/A,0
4543,18,Male,USA,AI/ML startup,Product Manager,Large (1 001–5 000),12,$75k–$100k,Remote,Was already remote,6.2,7.5,0.8,7.1,7.0,8.2,9.5,6.0,3.6,3.6,5.6,None,N/A,0,Easy,Yes,0,Yes,None,N/A,0
4544,27,Non-binary,USA,Government/Public sector,Software Engineer,Medium (201–1 000),0,$50k–$75k,Hybrid,Yes,5.3,6.3,0.2,4.7,7.1,5.4,8.8,6.2,1.3,4.3,7.7,Anxiety,Formally diagnosed,0,Difficult,Yes,0,Yes,1–3 days,No,1
4545,34,Male,USA,FinTech,CTO/VP Engineering,Medium (201–1 000),2,$50k–$75k,In-person,Yes,3.7,5.2,2.3,6.3,6.4,5.4,9.5,4.2,3.0,5.6,6.5,None,N/A,0,Easy,Yes,0,No,None,N/A,0
4546,36,Male,Canada,Gaming,Software Engineer,Large (1 001–5 000),3,$100k–$150k,Hybrid,No,4.9,8.1,8.8,7.2,6.5,4.1,9.2,6.1,1.0,6.2,8.9,None,N/A,0,Moderate,No,0,No,None,N/A,0
4547,31,Male,UK,AI/ML startup,Cloud Architect,Medium (201–1 000),0,$150k–$200k,Remote,No,6.0,5.3,1.8,7.0,4.1,8.8,8.0,5.9,1.1,5.8,5.8,None,N/A,0,Easy,Yes,0,Yes,None,N/A,0
4548,31,Female,USA,Government/Public sector,Software Engineer,Large (1 001–5 000),1,$100k–$150k,In-person,Yes,5.9,5.3,0.9,4.4,9.0,8.0,7.4,6.9,4.5,4.6,6.3,Anxiety,Self-reported,1,Easy,Yes,1,Yes,None,Partially,1
4549,35,Male,Netherlands,Consulting/Agency,Frontend Developer,Startup (1–50),4,$150k–$200k,In-person,Yes,6.3,6.2,3.0,9.0,7.0,7.4,8.4,5.0,1.0,5.2,4.9,Other,Formally diagnosed,0,Easy,Yes,0,Yes,1–2 weeks,Partially,1
4550,30,Female,USA,SaaS/Software,QA/Test Engineer,Large (1 001–5 000),2,>$200k,Remote,Yes,8.6,5.4,3.7,7.7,7.2,6.4,7.5,6.4,4.4,7.3,5.7,Depression,Self-reported,0,Easy,Don't know,0,No,None,Partially,1
4551,42,Male,Australia,Consulting/Agency,Engineering Manager,Startup (1–50),11,$75k–$100k,Remote,No,5.2,5.5,2.1,8.3,8.7,4.8,7.0,6.0,2.8,7.4,4.4,None,N/A,0,Easy,Don't know,0,No,None,N/A,0
4552,38,Male,UK,Gaming,Product Manager,Enterprise (5 000+),15,$150k–$200k,Remote,No,8.5,5.9,0.7,8.5,7.6,5.7,7.7,7.6,1.5,9.7,4.1,Burnout,Not sure / undiagnosed,1,Easy,Yes,1,No,>2 weeks,No,1
4553,38,Female,Germany,Cybersecurity,DevOps/SRE,Small (51–200),3,<$50k,In-person,No,5.6,6.3,1.4,7.9,7.7,3.0,7.8,9.1,3.1,5.5,7.2,None,N/A,0,Difficult,Yes,0,Yes,None,N/A,0
4554,24,Male,Mexico,Big Tech,Cloud Architect,Large (1 001–5 000),4,$100k–$150k,In-person,No,6.4,7.0,1.5,7.5,1.0,6.1,6.3,7.8,2.3,6.7,4.3,None,N/A,0,Moderate,Yes,0,Yes,None,N/A,0
4555,31,Female,USA,FinTech,Engineering Manager,Medium (201–1 000),5,$75k–$100k,Hybrid,No,5.8,6.6,6.2,7.3,1.0,4.9,9.5,6.3,1.8,4.9,8.1,None,N/A,0,Moderate,Yes,0,Yes,None,N/A,0
4556,29,Male,Canada,AI/ML startup,Mobile Developer,Startup (1–50),6,$50k–$75k,Hybrid,No,8.4,6.4,1.4,6.7,5.6,4.6,7.3,5.8,3.1,5.4,5.4,None,N/A,0,Moderate,Yes,0,No,None,N/A,0
4557,24,Female,Japan,E-commerce,Mobile Developer,Medium (201–1 000),0,$100k–$150k,Remote,Yes,4.5,6.7,1.5,6.0,6.4,5.6,10.0,7.2,1.0,3.9,8.9,None,N/A,0,Moderate,Yes,0,No,None,N/A,0
4558,34,Male,India,Consulting/Agency,Cloud Architect,Enterprise (5 000+),0,$100k–$150k,Hybrid,Yes,7.4,6.6,0.0,6.7,6.6,7.3,6.4,3.3,4.5,6.3,6.0,Depression & Burnout,Self-reported,0,Moderate,Yes,1,No,>2 weeks,Yes,1
4559,27,Female,USA,Cybersecurity,Backend Developer,Small (51–200),11,$150k–$200k,Hybrid,Was already remote,9.1,5.4,0.0,4.7,6.5,4.8,8.6,5.6,3.6,7.7,6.5,Anxiety,Self-reported,1,Difficult,Yes,0,Yes,1–3 days,No,1
4560,36,Male,UK,AI/ML startup,Cloud Architect,Small (51–200),1,$150k–$200k,Hybrid,No,5.8,6.5,1.9,8.0,6.5,8.3,7.8,7.1,1.0,5.6,6.0,ADHD,Not sure / undiagnosed,0,No access,Yes,0,No,None,Yes,1
4561,23,Male,Australia,Cybersecurity,Backend Developer,Medium (201–1 000),4,$100k–$150k,Remote,No,1.0,6.7,3.9,5.4,6.2,8.6,10.0,4.5,1.6,1.0,10.0,None,N/A,0,Easy,Don't know,1,No,None,N/A,0
4562,44,Male,Ireland,Big Tech,Product Manager,Small (51–200),5,$100k–$150k,Remote,No,4.0,6.1,3.7,5.4,4.4,9.5,7.5,6.4,4.1,4.3,7.6,Depression,Not sure / undiagnosed,0,Difficult,Yes,0,No,1–2 weeks,Yes,1
4563,25,Male,USA,Cybersecurity,CTO/VP Engineering,Enterprise (5 000+),0,$50k–$75k,Hybrid,Was already remote,5.2,6.8,0.2,6.5,3.1,7.4,9.1,7.6,1.0,3.9,7.4,Depression,Formally diagnosed,0,No access,Don't know,0,No,4–7 days,Partially,1
4564,33,Male,USA,AI/ML startup,DevOps/SRE,Medium (201–1 000),7,$100k–$150k,In-person,No,6.7,8.4,2.8,6.6,5.6,6.1,8.4,7.7,3.8,2.8,9.0,Burnout,Self-reported,1,Moderate,Yes,1,No,None,Yes,1
4565,37,Male,UK,Big Tech,CTO/VP Engineering,Large (1 001–5 000),11,$75k–$100k,Remote,Was already remote,8.4,6.5,0.6,6.6,4.6,4.6,6.4,4.3,4.8,6.3,5.7,None,N/A,0,Moderate,Yes,0,Yes,None,N/A,0
4566,27,Female,USA,SaaS/Software,Data Scientist,Small (51–200),1,$75k–$100k,In-person,Yes,5.8,6.1,0.8,7.9,5.0,3.2,6.4,4.3,1.3,5.8,4.5,None,N/A,0,Easy,Don't know,0,Yes,None,N/A,0
4567,38,Female,USA,Government/Public sector,Frontend Developer,Small (51–200),11,$50k–$75k,Remote,Yes,5.2,5.1,1.3,8.8,2.5,4.8,9.1,5.6,1.0,8.2,5.7,ADHD,Formally diagnosed,0,No access,No,0,No,1–3 days,Yes,1
4568,22,Female,USA,E-commerce,Product Manager,Small (51–200),0,$100k–$150k,Hybrid,Yes,7.2,7.1,4.8,4.9,5.5,5.5,8.9,8.2,5.2,5.6,5.5,Burnout,Self-reported,1,Easy,Yes,0,No,4–7 days,No,1
4569,42,Female,USA,Cybersecurity,ML/AI Engineer,Medium (201–1 000),8,$100k–$150k,Hybrid,Was already remote,5.7,7.9,5.5,5.9,6.4,5.1,6.2,5.6,2.1,4.7,6.3,Depression & Burnout,Formally diagnosed,1,Moderate,No,0,Yes,4–7 days,Partially,1
4570,32,Male,USA,SaaS/Software,Full-Stack Developer,Medium (201–1 000),5,$75k–$100k,In-person,Was already remote,6.0,7.1,0.1,6.0,3.0,6.1,7.9,6.5,4.4,5.3,9.0,None,N/A,0,Difficult,Don't know,0,Yes,None,N/A,0
4571,27,Male,Mexico,E-commerce,Full-Stack Developer,Startup (1–50),4,$75k–$100k,Remote,Yes,5.1,7.3,2.4,6.4,6.7,7.8,9.0,6.6,1.0,7.8,5.3,Depression,Formally diagnosed,0,Easy,Don't know,0,Yes,>2 weeks,Yes,1
4572,29,Male,USA,Cybersecurity,Cloud Architect,Large (1 001–5 000),1,$150k–$200k,Remote,No,8.9,4.4,1.5,6.7,3.2,5.4,5.0,6.6,2.1,10.0,1.5,None,N/A,0,Difficult,Yes,0,Yes,None,N/A,0
4573,38,Female,USA,AI/ML startup,CTO/VP Engineering,Medium (201–1 000),2,$150k–$200k,Remote,No,6.3,6.6,0.0,4.5,6.9,4.2,9.9,6.8,5.1,6.0,7.9,Anxiety,Formally diagnosed,0,Easy,Yes,0,Yes,1–2 weeks,No,1
4574,27,Male,USA,Cybersecurity,Cloud Architect,Small (51–200),13,$100k–$150k,Remote,Yes,8.1,5.5,3.5,7.6,4.3,7.9,8.3,8.5,2.8,4.8,5.7,None,N/A,0,Moderate,No,0,Yes,None,N/A,0
4575,26,Male,Mexico,E-commerce,Data Analyst,Startup (1–50),3,$50k–$75k,Hybrid,Yes,6.7,7.1,1.1,6.9,8.0,4.0,8.5,6.3,4.0,6.8,5.3,None,N/A,0,Easy,Yes,0,No,None,N/A,0
4576,30,Female,Netherlands,AI/ML startup,Engineering Manager,Startup (1–50),4,<$50k,Remote,Yes,8.0,5.0,1.0,5.2,4.3,7.4,7.5,5.2,1.7,5.9,6.2,Other,Formally diagnosed,0,Moderate,No,0,No,1–2 weeks,No,1
4577,23,Male,Sweden,Government/Public sector,Cloud Architect,Small (51–200),15,$75k–$100k,In-person,Was already remote,7.5,6.2,2.6,7.3,3.8,7.1,6.2,7.0,4.1,8.4,5.2,Burnout,Formally diagnosed,1,Moderate,No,0,Yes,None,No,1
4578,45,Female,USA,FinTech,Backend Developer,Medium (201–1 000),3,$150k–$200k,Remote,Yes,7.5,7.1,1.5,5.6,5.8,6.0,6.7,2.4,2.8,8.6,3.5,None,N/A,0,Difficult,Yes,0,Yes,None,N/A,0
4579,27,Female,Brazil,Cybersecurity,Software Engineer,Enterprise (5 000+),2,$100k–$150k,Remote,No,6.8,5.6,4.3,6.5,6.6,4.7,5.2,6.1,2.6,5.5,6.4,Depression,Formally diagnosed,1,Difficult,No,1,Yes,1–3 days,Yes,1
4580,38,Male,UK,Gaming,Security Engineer,Enterprise (5 000+),12,$150k–$200k,Remote,No,3.3,6.8,3.7,5.0,7.8,6.8,8.1,3.9,1.0,4.5,7.6,Depression,Not sure / undiagnosed,1,No access,No,0,No,1–3 days,No,1
4581,33,Male,USA,FinTech,ML/AI Engineer,Large (1 001–5 000),13,$100k–$150k,In-person,Was already remote,3.2,8.2,1.4,7.8,7.1,10.0,9.7,5.9,2.9,2.9,7.8,None,N/A,0,Difficult,No,0,No,None,N/A,0
4582,24,Male,Germany,Consulting/Agency,Data Scientist,Small (51–200),2,$150k–$200k,Remote,Yes,4.2,8.9,7.4,6.1,3.9,7.9,8.9,8.2,1.0,3.6,7.5,None,N/A,0,Moderate,Don't know,0,Yes,None,N/A,0
4583,31,Female,Brazil,AI/ML startup,DevOps/SRE,Small (51–200),4,$100k–$150k,Hybrid,Yes,8.1,6.9,0.0,7.0,6.4,5.5,6.1,3.1,2.3,6.8,3.9,None,N/A,0,Difficult,Yes,0,Yes,None,N/A,0
4584,37,Male,Netherlands,HealthTech,Data Scientist,Enterprise (5 000+),18,$50k–$75k,In-person,No,7.2,6.4,3.8,7.4,3.5,4.5,7.5,4.8,3.5,5.7,5.0,None,N/A,0,Difficult,No,0,Yes,None,N/A,0
4585,30,Female,Ireland,AI/ML startup,Security Engineer,Large (1 001–5 000),0,$50k–$75k,In-person,Was already remote,5.4,6.0,5.4,7.9,7.9,5.5,9.0,6.6,3.0,6.9,6.9,Anxiety,Formally diagnosed,1,No access,No,0,Yes,1–3 days,No,1
4586,40,Female,Mexico,Cybersecurity,Cloud Architect,Small (51–200),0,$150k–$200k,Hybrid,No,8.6,5.8,3.1,8.3,8.5,4.9,5.3,7.6,5.5,9.0,2.9,Anxiety & Depression,Formally diagnosed,1,Difficult,Yes,1,Yes,1–3 days,No,1
4587,39,Male,USA,AI/ML startup,Backend Developer,Small (51–200),3,$100k–$150k,Hybrid,No,7.8,6.9,1.1,7.9,6.1,4.8,9.2,8.3,3.9,7.9,4.9,Burnout,Formally diagnosed,0,Difficult,Yes,0,Yes,1–3 days,Yes,1
4588,38,Male,UK,E-commerce,Software Engineer,Medium (201–1 000),1,$75k–$100k,In-person,No,7.0,5.8,6.8,6.8,5.3,6.1,7.3,5.9,2.5,5.1,6.7,None,N/A,0,Difficult,Don't know,0,Yes,None,N/A,0
4589,28,Female,USA,Government/Public sector,DevOps/SRE,Large (1 001–5 000),4,$150k–$200k,Remote,Yes,7.3,5.8,0.7,6.8,9.0,7.8,7.5,4.9,1.0,5.9,6.0,ADHD,Formally diagnosed,1,Easy,No,0,No,None,No,1
4590,23,Male,Singapore,Big Tech,Product Manager,Enterprise (5 000+),7,$50k–$75k,Hybrid,No,7.1,4.9,3.5,4.9,8.6,4.0,7.0,6.5,1.1,7.4,3.9,Anxiety & Burnout,Formally diagnosed,0,Easy,No,0,No,4–7 days,Yes,1
4591,27,Female,USA,Big Tech,Engineering Manager,Small (51–200),0,$100k–$150k,Hybrid,Was already remote,3.8,9.3,7.7,7.8,1.9,9.0,9.1,6.1,1.5,4.1,4.3,Depression,Self-reported,0,Moderate,No,0,Yes,1–3 days,No,1
4592,33,Male,Japan,AI/ML startup,Data Analyst,Startup (1–50),11,>$200k,Remote,Yes,6.1,7.6,0.3,3.4,6.8,8.6,4.8,7.9,3.5,4.2,6.0,None,N/A,0,Moderate,Yes,0,Yes,None,N/A,0
4593,36,Female,UK,AI/ML startup,DevOps/SRE,Medium (201–1 000),1,$50k–$75k,Remote,Yes,7.0,5.9,3.1,7.8,5.4,6.4,6.8,7.7,3.6,5.1,5.9,None,N/A,0,Moderate,Yes,0,No,None,N/A,0
4594,18,Female,UK,Government/Public sector,Backend Developer,Small (51–200),2,$50k–$75k,In-person,Yes,5.9,8.1,7.8,4.9,2.8,8.6,6.6,6.7,6.0,4.7,5.1,None,N/A,0,Moderate,Yes,0,No,None,N/A,0
4595,31,Female,USA,Big Tech,Data Scientist,Medium (201–1 000),2,$100k–$150k,Remote,Was already remote,4.7,7.3,0.5,9.2,9.0,5.6,8.8,4.9,1.4,4.2,7.0,None,N/A,0,Difficult,Yes,0,Yes,None,N/A,0
4596,33,Male,UK,SaaS/Software,Full-Stack Developer,Large (1 001–5 000),10,$100k–$150k,Hybrid,Yes,2.9,6.2,1.1,7.3,4.0,7.0,9.0,5.5,1.0,6.2,6.5,Burnout,Self-reported,0,Difficult,Yes,0,No,1–3 days,Partially,1
4597,29,Male,Ireland,Cybersecurity,Data Scientist,Small (51–200),1,<$50k,Remote,No,4.5,6.3,1.8,6.9,7.6,9.0,7.0,6.6,2.1,6.5,5.0,None,N/A,0,Easy,Yes,0,Yes,None,N/A,0
4598,41,Female,USA,FinTech,Data Scientist,Large (1 001–5 000),0,$100k–$150k,In-person,Yes,7.7,5.1,17.3,6.5,4.5,4.6,6.0,8.5,2.3,8.1,5.5,Anxiety,Formally diagnosed,1,Easy,Yes,0,No,>2 weeks,No,1
4599,35,Male,UK,SaaS/Software,Mobile Developer,Small (51–200),19,$50k–$75k,Remote,Yes,7.0,6.7,0.3,8.8,3.3,5.0,6.6,5.3,5.8,6.7,4.3,Anxiety & Depression,Self-reported,1,No access,No,1,No,4–7 days,No,1
4600,41,Male,USA,Government/Public sector,Data Scientist,Large (1 001–5 000),21,$75k–$100k,In-person,Was already remote,3.1,9.6,1.9,4.8,6.0,6.4,9.6,7.1,3.1,5.6,7.7,Burnout,Formally diagnosed,1,Difficult,Yes,1,Yes,None,Yes,1
4601,30,Non-binary,UK,AI/ML startup,Security Engineer,Large (1 001–5 000),1,$150k–$200k,Remote,Was already remote,7.4,6.3,5.6,7.5,2.5,7.3,8.0,7.7,1.6,5.8,10.0,Anxiety & Depression,Formally diagnosed,0,Difficult,Yes,0,Yes,None,Yes,1
4602,39,Male,USA,Cybersecurity,Data Analyst,Small (51–200),0,$150k–$200k,In-person,No,3.6,6.4,0.9,7.6,9.9,6.2,7.1,9.6,1.0,5.6,5.6,None,N/A,0,Difficult,Don't know,0,No,None,N/A,0
4603,44,Male,USA,Gaming,Backend Developer,Large (1 001–5 000),5,$150k–$200k,Hybrid,Yes,5.7,6.5,19.3,6.5,7.1,7.8,9.6,8.1,1.2,2.7,8.5,Depression,Formally diagnosed,0,Moderate,Yes,0,No,None,Yes,1
4604,41,Male,Singapore,Gaming,ML/AI Engineer,Medium (201–1 000),5,<$50k,Hybrid,Yes,7.5,8.1,4.0,6.3,4.6,6.2,7.8,5.7,3.5,6.4,7.0,None,N/A,0,Moderate,Don't know,0,No,None,N/A,0
4605,23,Female,Canada,Consulting/Agency,Data Analyst,Small (51–200),15,$150k–$200k,Remote,Yes,5.4,7.5,11.1,9.2,5.5,4.0,7.5,2.3,1.6,6.0,8.1,Anxiety,Not sure / undiagnosed,0,Moderate,No,0,Yes,1–3 days,Partially,1
4606,30,Female,USA,Consulting/Agency,Cloud Architect,Small (51–200),1,$100k–$150k,In-person,No,3.5,7.3,1.0,4.6,3.9,5.5,8.2,4.7,2.3,3.8,9.0,ADHD,Formally diagnosed,1,Difficult,No,0,Yes,1–3 days,No,1
4607,29,Male,India,Cybersecurity,Engineering Manager,Small (51–200),1,$100k–$150k,In-person,No,1.3,5.9,2.0,3.3,6.4,7.4,10.0,5.5,1.0,5.3,9.3,Other,Self-reported,0,Moderate,Don't know,0,Yes,1–3 days,Partially,1
4608,35,Male,USA,HealthTech,Data Analyst,Large (1 001–5 000),5,$75k–$100k,Hybrid,Yes,4.3,7.2,1.8,6.2,3.0,5.9,9.7,5.2,1.3,3.7,7.5,Anxiety & Depression,Self-reported,1,Moderate,Yes,1,No,None,Yes,1
4609,37,Male,USA,AI/ML startup,CTO/VP Engineering,Small (51–200),4,$150k–$200k,Hybrid,Yes,5.2,6.0,0.1,6.1,2.7,4.9,10.0,5.3,1.0,4.0,6.3,None,N/A,1,No access,Yes,1,No,None,N/A,0
4610,25,Female,Germany,E-commerce,Engineering Manager,Large (1 001–5 000),6,$100k–$150k,Remote,No,6.7,8.0,0.0,6.5,6.3,7.0,7.8,3.7,3.8,6.6,6.0,None,N/A,0,Moderate,Yes,0,Yes,None,N/A,0
4611,32,Male,USA,Gaming,Backend Developer,Enterprise (5 000+),11,$100k–$150k,Remote,Was already remote,4.9,5.7,8.2,5.3,9.0,9.3,10.0,7.0,3.2,5.0,8.3,Anxiety,Formally diagnosed,1,Difficult,No,0,No,1–3 days,Partially,1
4612,18,Non-binary,Australia,AI/ML startup,Frontend Developer,Medium (201–1 000),4,$150k–$200k,Hybrid,Yes,5.1,5.9,0.1,6.4,4.0,6.8,9.8,6.5,2.2,5.3,5.1,Other,Self-reported,0,Difficult,Yes,1,No,>2 weeks,No,1
4613,42,Male,Canada,AI/ML startup,Data Analyst,Startup (1–50),0,$150k–$200k,Remote,No,5.1,7.4,4.8,3.7,4.3,7.6,9.7,3.4,4.8,4.8,6.1,Depression & Burnout,Not sure / undiagnosed,1,Moderate,Yes,1,Yes,1–3 days,No,1
4614,28,Prefer not to say,Netherlands,Government/Public sector,DevOps/SRE,Startup (1–50),5,<$50k,Hybrid,No,4.7,6.9,4.5,10.0,4.9,6.4,8.6,10.0,2.6,5.9,2.5,Burnout,Formally diagnosed,0,Easy,Yes,0,No,1–2 weeks,No,1
4615,32,Male,Poland,Big Tech,Frontend Developer,Startup (1–50),2,$100k–$150k,Hybrid,Yes,9.3,5.0,0.0,4.3,4.7,5.6,6.6,8.8,2.9,6.5,4.8,ADHD,Not sure / undiagnosed,0,No access,Yes,0,No,1–2 weeks,Partially,1
4616,29,Female,USA,SaaS/Software,Cloud Architect,Startup (1–50),3,<$50k,Hybrid,Was already remote,6.5,5.3,0.3,7.4,5.2,4.5,8.8,7.8,2.9,7.2,3.1,Burnout,Formally diagnosed,0,Moderate,Yes,0,Yes,>2 weeks,Yes,1
4617,40,Male,UK,Gaming,Backend Developer,Large (1 001–5 000),17,$75k–$100k,Remote,Was already remote,4.3,9.0,2.3,6.2,6.6,8.0,8.1,6.3,1.0,2.5,8.9,ADHD,Not sure / undiagnosed,1,Difficult,Yes,1,Yes,1–2 weeks,Yes,1
4618,18,Male,UK,Consulting/Agency,QA/Test Engineer,Small (51–200),4,$150k–$200k,In-person,No,2.2,7.3,4.4,6.4,5.2,6.8,10.0,6.0,1.1,3.5,7.3,None,N/A,0,Difficult,Don't know,0,Yes,None,N/A,0
4619,31,Female,USA,AI/ML startup,QA/Test Engineer,Large (1 001–5 000),0,>$200k,In-person,No,6.2,6.6,7.6,5.2,2.4,5.7,8.9,7.2,4.2,6.7,6.4,Other,Formally diagnosed,1,Difficult,No,0,No,1–3 days,No,1
4620,31,Female,Sweden,FinTech,ML/AI Engineer,Startup (1–50),3,$75k–$100k,Hybrid,Was already remote,8.6,6.1,1.6,7.9,5.0,6.3,4.5,7.4,2.7,6.3,2.3,Anxiety & Depression,Self-reported,1,Moderate,No,0,No,1–3 days,No,1
4621,28,Male,Netherlands,SaaS/Software,Product Manager,Small (51–200),1,<$50k,Remote,No,6.9,4.3,9.1,5.8,6.5,4.5,6.5,4.4,2.9,7.4,5.7,Depression,Formally diagnosed,0,Difficult,Yes,0,No,1–3 days,Partially,1
4622,44,Female,Canada,Big Tech,Data Analyst,Small (51–200),0,$75k–$100k,In-person,No,10.0,6.6,0.0,6.0,4.2,3.7,7.1,7.4,4.8,9.1,3.9,Burnout,Not sure / undiagnosed,0,Easy,No,0,Yes,1–3 days,Yes,1
4623,25,Female,Germany,Consulting/Agency,Data Scientist,Small (51–200),6,$75k–$100k,Remote,Was already remote,5.0,6.1,3.4,4.4,6.8,7.5,10.0,6.5,3.6,5.6,6.0,None,N/A,0,Moderate,Yes,1,Yes,None,N/A,0
4624,37,Female,USA,Government/Public sector,Security Engineer,Small (51–200),5,$100k–$150k,Remote,No,7.0,5.7,6.0,9.1,7.7,6.8,9.5,8.1,2.5,5.1,4.5,Depression,Self-reported,1,No access,Don't know,0,No,None,Yes,1
4625,34,Male,Germany,Gaming,Product Manager,Large (1 001–5 000),3,$100k–$150k,Hybrid,Yes,3.3,7.2,1.4,5.9,6.4,5.0,9.2,9.0,3.8,3.4,8.9,None,N/A,1,Difficult,Yes,0,Yes,None,N/A,0
4626,41,Male,Sweden,Cybersecurity,Product Manager,Large (1 001–5 000),3,$75k–$100k,Hybrid,Yes,2.8,4.9,6.0,5.2,4.1,6.0,9.5,4.0,2.6,4.4,6.6,None,N/A,0,Easy,Yes,0,Yes,None,N/A,0
4627,26,Male,Germany,FinTech,Frontend Developer,Startup (1–50),2,$75k–$100k,Hybrid,No,5.7,4.7,1.6,6.4,8.7,5.9,8.3,7.5,1.3,8.5,4.1,None,N/A,0,No access,Yes,0,Yes,None,N/A,0
4628,26,Male,USA,Gaming,DevOps/SRE,Large (1 001–5 000),0,$150k–$200k,Hybrid,No,8.1,7.0,20.0,10.0,8.0,6.3,8.8,6.9,7.3,4.7,5.7,None,N/A,0,Moderate,No,0,Yes,None,N/A,0
4629,40,Female,Australia,E-commerce,Engineering Manager,Small (51–200),1,$75k–$100k,Remote,Was already remote,9.0,6.6,0.0,3.3,6.3,6.5,5.0,8.3,3.1,6.0,6.2,Anxiety,Formally diagnosed,0,Difficult,Yes,0,No,1–3 days,Partially,1
4630,35,Male,UK,Big Tech,Cloud Architect,Small (51–200),10,<$50k,Hybrid,Yes,6.1,5.7,2.5,9.2,5.1,7.8,8.9,6.8,4.0,2.2,9.2,None,N/A,0,Difficult,Yes,0,Yes,None,N/A,0
4631,20,Male,Germany,Big Tech,QA/Test Engineer,Large (1 001–5 000),8,$100k–$150k,In-person,No,4.4,8.2,5.5,9.5,7.9,7.0,10.0,6.1,2.1,3.7,6.3,None,N/A,0,Difficult,No,0,No,None,N/A,0
4632,27,Female,Canada,Gaming,Full-Stack Developer,Enterprise (5 000+),19,$75k–$100k,In-person,Yes,2.0,8.9,4.8,6.2,6.5,9.5,10.0,6.3,4.8,2.6,6.2,Burnout,Self-reported,0,Easy,Yes,0,No,None,No,1
4633,34,Female,UK,Big Tech,DevOps/SRE,Large (1 001–5 000),5,$150k–$200k,Remote,Was already remote,4.9,5.3,2.5,2.0,7.8,6.5,7.7,4.0,2.3,4.7,10.0,ADHD,Formally diagnosed,0,Difficult,No,0,No,4–7 days,Yes,1
4634,38,Male,France,Cybersecurity,Cloud Architect,Startup (1–50),4,$50k–$75k,Hybrid,No,5.9,7.0,2.3,5.8,5.3,7.7,8.3,6.0,3.5,3.7,5.7,Depression,Not sure / undiagnosed,1,Moderate,Yes,1,No,>2 weeks,Partially,1
4635,26,Male,Singapore,Government/Public sector,Engineering Manager,Enterprise (5 000+),1,>$200k,In-person,No,4.9,6.2,1.8,5.7,5.0,3.6,9.8,7.7,4.3,5.1,6.4,None,N/A,0,Easy,No,0,Yes,None,N/A,0
4636,18,Non-binary,USA,Cybersecurity,QA/Test Engineer,Large (1 001–5 000),0,$50k–$75k,Hybrid,No,2.7,4.6,2.1,3.1,2.5,7.7,8.3,7.6,4.4,3.3,7.9,None,N/A,0,Moderate,Don't know,0,No,None,N/A,0
4637,35,Male,Mexico,E-commerce,Mobile Developer,Medium (201–1 000),5,$75k–$100k,Hybrid,Yes,6.0,5.1,2.9,2.8,9.0,6.0,6.8,6.1,3.2,5.4,6.1,None,N/A,0,No access,Yes,0,No,None,N/A,0
4638,22,Female,Germany,Government/Public sector,Security Engineer,Enterprise (5 000+),3,$100k–$150k,Remote,Was already remote,5.3,7.1,4.7,8.6,8.5,6.5,3.9,9.2,3.3,5.2,7.4,Anxiety,Not sure / undiagnosed,1,Difficult,Yes,0,Yes,None,Yes,1
4639,18,Female,Australia,HealthTech,Full-Stack Developer,Large (1 001–5 000),7,>$200k,Remote,Yes,6.8,5.4,0.6,7.5,4.6,6.1,9.6,6.3,2.1,6.1,5.0,None,N/A,0,Difficult,Don't know,0,No,None,N/A,0
4640,18,Male,Japan,Consulting/Agency,Data Analyst,Large (1 001–5 000),2,$150k–$200k,Hybrid,Yes,4.5,8.1,10.4,4.2,6.2,6.3,9.6,8.2,2.3,4.1,8.0,Depression & Burnout,Self-reported,1,Easy,Don't know,0,No,1–2 weeks,Yes,1
4641,38,Non-binary,Canada,Gaming,Security Engineer,Large (1 001–5 000),23,$50k–$75k,In-person,No,5.3,6.9,1.5,6.8,7.2,6.0,9.1,4.1,1.3,4.1,8.4,Anxiety,Formally diagnosed,1,No access,Yes,1,Yes,1–2 weeks,No,1
4642,32,Female,Brazil,Government/Public sector,Software Engineer,Medium (201–1 000),2,$100k–$150k,Hybrid,Yes,6.0,8.9,1.7,3.7,7.2,5.7,7.1,7.3,1.6,6.7,5.6,Anxiety & Depression,Self-reported,0,Easy,Don't know,0,No,1–2 weeks,Partially,1
4643,30,Male,USA,Government/Public sector,Backend Developer,Large (1 001–5 000),2,$100k–$150k,Remote,No,6.6,4.7,1.4,3.7,6.5,7.5,5.5,6.6,2.7,2.7,8.0,Burnout,Not sure / undiagnosed,0,No access,No,0,No,None,No,1
4644,42,Female,USA,E-commerce,Software Engineer,Small (51–200),11,$100k–$150k,Hybrid,Yes,5.1,8.7,0.4,5.3,4.9,4.4,7.0,5.9,3.0,6.8,5.7,None,N/A,0,Moderate,Don't know,0,No,None,N/A,0
4645,36,Female,Australia,Cybersecurity,DevOps/SRE,Enterprise (5 000+),2,$100k–$150k,Hybrid,Yes,4.6,8.1,0.6,4.8,5.3,6.8,6.9,7.5,3.7,7.3,4.6,None,N/A,0,Moderate,Don't know,0,No,None,N/A,0
4646,44,Female,Singapore,E-commerce,ML/AI Engineer,Medium (201–1 000),11,$100k–$150k,In-person,No,4.0,6.9,5.8,5.7,5.9,6.4,10.0,6.9,1.0,4.3,8.8,None,N/A,0,Difficult,Yes,0,No,None,N/A,0
4647,21,Female,Ireland,Cybersecurity,DevOps/SRE,Large (1 001–5 000),0,$150k–$200k,In-person,No,6.1,8.2,1.4,6.2,5.1,5.0,4.6,7.3,4.0,4.8,6.9,Depression,Formally diagnosed,0,Moderate,Don't know,0,Yes,1–2 weeks,No,1
4648,31,Male,India,Government/Public sector,Engineering Manager,Medium (201–1 000),6,$75k–$100k,Remote,Yes,5.3,6.6,0.8,4.9,9.7,7.4,8.2,7.5,5.5,8.4,4.8,Anxiety,Formally diagnosed,0,Moderate,No,0,Yes,1–3 days,Yes,1
4649,19,Male,Germany,Big Tech,Frontend Developer,Large (1 001–5 000),0,>$200k,Remote,Yes,9.0,7.7,3.2,7.5,5.6,3.3,6.4,5.4,5.2,8.2,5.1,None,N/A,0,Easy,No,0,Yes,None,N/A,0
4650,30,Male,UK,Big Tech,Mobile Developer,Medium (201–1 000),0,>$200k,Hybrid,No,5.6,5.8,11.1,8.2,5.6,5.9,9.7,9.7,3.8,3.5,6.2,None,N/A,0,Easy,Don't know,0,Yes,None,N/A,0
4651,30,Male,Italy,Cybersecurity,Engineering Manager,Medium (201–1 000),6,$100k–$150k,Remote,Yes,6.2,6.7,9.3,3.5,5.2,5.9,5.9,9.2,3.7,5.9,6.3,Depression,Self-reported,1,Easy,No,0,No,None,Partially,1
4652,36,Male,UK,SaaS/Software,Full-Stack Developer,Large (1 001–5 000),1,$150k–$200k,Hybrid,Was already remote,7.6,6.1,3.8,9.8,3.6,6.5,4.4,6.4,1.0,4.6,4.5,Anxiety & Depression,Formally diagnosed,0,Easy,No,0,Yes,1–3 days,No,1
4653,32,Female,France,SaaS/Software,Full-Stack Developer,Startup (1–50),1,$75k–$100k,Hybrid,No,7.8,4.8,0.0,5.6,7.6,6.1,10.0,7.4,5.0,6.4,5.3,None,N/A,0,Moderate,No,0,Yes,None,N/A,0
4654,36,Female,Germany,HealthTech,Data Analyst,Medium (201–1 000),8,$100k–$150k,Hybrid,Yes,5.1,5.8,0.5,6.3,2.5,6.8,8.8,5.1,4.4,4.3,7.7,None,N/A,1,Easy,No,0,No,None,N/A,0
4655,37,Female,India,FinTech,Software Engineer,Medium (201–1 000),16,$75k–$100k,Remote,No,9.3,6.1,6.0,6.1,6.6,6.4,4.5,4.2,1.0,8.7,3.8,Depression,Self-reported,1,Difficult,Don't know,0,No,4–7 days,No,1
4656,48,Female,UK,SaaS/Software,CTO/VP Engineering,Small (51–200),1,$150k–$200k,Remote,No,9.8,5.5,10.2,7.1,3.3,2.7,7.0,7.6,2.4,9.1,2.9,None,N/A,0,Difficult,Yes,0,No,None,N/A,0
4657,29,Female,South Africa,SaaS/Software,Data Analyst,Small (51–200),2,$100k–$150k,Hybrid,No,5.3,7.1,3.3,6.9,6.8,6.7,5.8,9.1,1.5,6.1,5.7,None,N/A,0,No access,No,0,No,None,N/A,0
4658,24,Male,Germany,Cybersecurity,Software Engineer,Small (51–200),6,$100k–$150k,Hybrid,Was already remote,5.9,5.7,7.8,7.3,8.0,7.7,8.0,6.0,1.0,3.7,6.9,None,N/A,0,Moderate,Yes,0,Yes,None,N/A,0
4659,33,Female,Mexico,AI/ML startup,Full-Stack Developer,Small (51–200),9,$150k–$200k,Remote,Was already remote,6.5,5.3,5.5,3.0,7.1,6.6,10.0,7.0,2.1,5.7,6.6,None,N/A,1,Moderate,Yes,0,No,None,N/A,0
4660,25,Male,USA,Big Tech,DevOps/SRE,Large (1 001–5 000),35,$150k–$200k,Remote,No,4.5,6.3,0.7,10.0,4.4,6.8,6.6,4.9,4.1,2.5,6.8,None,N/A,0,Moderate,No,1,No,None,N/A,0
4661,43,Non-binary,Germany,HealthTech,Security Engineer,Enterprise (5 000+),1,$75k–$100k,In-person,No,5.8,6.9,0.7,8.5,3.9,5.3,8.5,3.7,3.3,3.9,7.4,Burnout,Formally diagnosed,1,Difficult,Yes,0,No,>2 weeks,No,1
4662,29,Female,France,SaaS/Software,Mobile Developer,Large (1 001–5 000),4,$50k–$75k,Hybrid,Yes,4.2,6.8,0.5,3.7,5.7,6.3,8.1,5.6,2.9,5.9,6.1,None,N/A,1,Moderate,Don't know,0,Yes,None,N/A,0
4663,27,Male,France,Gaming,Engineering Manager,Startup (1–50),0,$50k–$75k,Hybrid,Yes,5.8,6.1,2.0,5.6,3.6,6.1,6.3,6.4,3.0,5.4,6.1,None,N/A,0,Difficult,No,0,No,None,N/A,0
4664,28,Female,Ireland,Big Tech,ML/AI Engineer,Large (1 001–5 000),2,$75k–$100k,Remote,No,5.6,7.4,1.2,1.8,4.4,6.1,6.3,8.3,6.3,5.6,7.4,Anxiety & Burnout,Formally diagnosed,1,Moderate,Yes,1,Yes,None,Yes,1
4665,37,Female,USA,E-commerce,Mobile Developer,Medium (201–1 000),0,$75k–$100k,Hybrid,Yes,6.6,6.9,1.5,3.2,5.0,8.5,7.2,4.3,3.1,7.0,3.7,None,N/A,0,Moderate,Yes,0,Yes,None,N/A,0
4666,30,Male,USA,FinTech,Full-Stack Developer,Large (1 001–5 000),1,<$50k,Remote,Yes,6.9,6.9,0.0,6.0,7.0,6.1,8.4,4.6,1.8,7.4,6.6,Anxiety,Formally diagnosed,1,Easy,Yes,1,No,1–3 days,Yes,1
4667,27,Female,Canada,Consulting/Agency,Product Manager,Medium (201–1 000),3,$100k–$150k,Hybrid,Was already remote,5.8,6.5,4.2,7.3,10.0,7.1,7.5,4.6,4.3,6.4,6.3,Depression,Self-reported,1,Easy,Yes,0,No,None,No,1
4668,44,Male,USA,Consulting/Agency,Security Engineer,Startup (1–50),0,$50k–$75k,Hybrid,Was already remote,8.3,5.3,0.0,8.0,6.2,4.9,5.1,8.9,1.8,6.7,6.8,None,N/A,1,Easy,No,0,No,None,N/A,0
4669,25,Male,New Zealand,HealthTech,QA/Test Engineer,Large (1 001–5 000),12,$75k–$100k,Hybrid,No,4.2,5.6,1.8,3.8,4.7,6.3,8.4,9.4,1.0,5.0,5.9,Depression,Formally diagnosed,1,Easy,Yes,1,Yes,None,Partially,1
4670,32,Non-binary,USA,AI/ML startup,Software Engineer,Medium (201–1 000),6,$150k–$200k,Hybrid,Yes,5.2,6.4,1.7,10.0,8.2,7.2,4.9,10.0,1.9,4.5,7.0,None,N/A,0,Easy,Yes,0,No,None,N/A,0
4671,36,Female,Canada,SaaS/Software,Software Engineer,Enterprise (5 000+),0,$100k–$150k,Remote,No,4.7,7.0,0.3,7.7,7.9,7.3,6.0,8.9,1.0,4.1,8.4,None,N/A,1,Moderate,No,0,Yes,None,N/A,0
4672,19,Female,USA,Big Tech,Mobile Developer,Large (1 001–5 000),11,$75k–$100k,Hybrid,Yes,8.7,7.0,0.6,4.0,7.5,5.1,8.1,7.0,5.4,6.4,6.0,Anxiety,Not sure / undiagnosed,1,Moderate,Yes,1,No,None,No,1
4673,35,Female,Germany,Big Tech,Engineering Manager,Medium (201–1 000),20,$50k–$75k,Hybrid,Yes,5.6,6.4,7.9,6.8,8.0,5.7,6.4,6.5,2.9,2.7,8.9,Anxiety & Depression,Self-reported,1,No access,Yes,1,Yes,4–7 days,Partially,1
4674,24,Male,UK,HealthTech,Frontend Developer,Large (1 001–5 000),3,$150k–$200k,Hybrid,Yes,5.6,5.4,7.7,5.6,9.6,6.3,9.5,7.8,2.9,5.8,5.7,Anxiety,Self-reported,1,Difficult,Yes,1,No,None,No,1
4675,38,Male,USA,Gaming,Data Analyst,Medium (201–1 000),2,>$200k,Remote,Yes,8.3,4.6,0.0,4.0,1.0,5.9,10.0,6.2,4.0,9.7,4.6,None,N/A,0,Moderate,Yes,0,Yes,None,N/A,0
4676,24,Female,UK,E-commerce,CTO/VP Engineering,Small (51–200),1,$100k–$150k,Remote,No,3.2,7.4,0.6,5.4,5.7,6.3,9.3,9.2,1.9,3.4,7.3,None,N/A,0,Moderate,Yes,0,No,None,N/A,0
4677,37,Prefer not to say,UK,AI/ML startup,Backend Developer,Medium (201–1 000),0,>$200k,Remote,Yes,4.1,7.9,3.4,6.3,3.6,7.7,8.9,7.5,1.9,4.2,6.2,None,N/A,0,Moderate,Yes,0,Yes,None,N/A,0
4678,40,Male,Argentina,AI/ML startup,Cloud Architect,Small (51–200),3,$100k–$150k,Remote,Yes,5.7,5.2,0.6,3.3,7.0,7.4,9.0,6.0,4.2,6.0,6.3,None,N/A,1,Difficult,Yes,1,Yes,None,N/A,0
4679,38,Female,USA,Big Tech,Backend Developer,Startup (1–50),0,$50k–$75k,Remote,Yes,5.0,8.1,8.0,5.9,6.6,8.3,8.3,5.4,1.0,6.3,5.8,Anxiety,Formally diagnosed,0,Moderate,Yes,0,Yes,None,Yes,1
4680,33,Non-binary,Germany,Gaming,Engineering Manager,Small (51–200),3,<$50k,Remote,No,7.6,5.0,1.6,7.3,6.7,6.6,8.7,6.8,5.2,7.7,7.6,Burnout,Self-reported,0,Moderate,No,0,No,1–3 days,Partially,1
4681,30,Female,Italy,Gaming,Mobile Developer,Small (51–200),1,$50k–$75k,Hybrid,Was already remote,3.4,6.4,1.8,8.4,4.9,6.6,9.7,6.3,1.5,3.8,6.9,None,N/A,0,Moderate,Don't know,0,No,None,N/A,0
4682,27,Non-binary,Sweden,Big Tech,Frontend Developer,Startup (1–50),3,$100k–$150k,Hybrid,No,7.0,7.5,10.1,7.3,6.5,4.0,7.6,7.7,4.9,5.0,8.2,Anxiety & Burnout,Formally diagnosed,1,Easy,No,0,No,1–3 days,No,1
4683,43,Male,Argentina,Gaming,Mobile Developer,Large (1 001–5 000),2,$75k–$100k,In-person,No,4.2,6.4,1.6,5.5,6.9,5.1,8.3,7.0,3.8,6.8,4.7,None,N/A,0,Difficult,Yes,0,No,None,N/A,0
4684,26,Non-binary,South Africa,SaaS/Software,Cloud Architect,Startup (1–50),2,$100k–$150k,Remote,No,6.5,6.3,0.9,6.4,5.1,6.9,10.0,6.7,2.1,7.3,5.4,None,N/A,0,Easy,Yes,0,No,None,N/A,0
4685,24,Female,Canada,HealthTech,Full-Stack Developer,Medium (201–1 000),3,$100k–$150k,Hybrid,No,7.6,6.7,0.0,7.0,3.7,4.4,4.9,10.0,4.6,6.7,7.0,Anxiety & Burnout,Self-reported,1,Moderate,Don't know,0,Yes,None,No,1
4686,36,Male,Australia,FinTech,Software Engineer,Medium (201–1 000),3,$75k–$100k,In-person,Yes,9.4,7.2,0.0,6.9,8.9,1.1,9.1,8.0,2.5,8.4,2.5,Anxiety,Self-reported,1,Moderate,Yes,0,Yes,None,Yes,1
4687,26,Non-binary,USA,Government/Public sector,Data Scientist,Small (51–200),9,$75k–$100k,Hybrid,Was already remote,3.3,7.1,5.5,6.3,7.5,8.0,9.6,7.5,1.0,5.5,8.3,None,N/A,0,Easy,Don't know,0,Yes,None,N/A,0
4688,24,Male,Canada,Gaming,Mobile Developer,Enterprise (5 000+),6,$50k–$75k,Hybrid,Was already remote,6.2,6.7,4.7,6.2,1.0,5.8,6.8,5.4,1.0,4.9,7.3,Burnout,Not sure / undiagnosed,1,Difficult,Yes,1,No,>2 weeks,No,1
4689,21,Male,Sweden,Big Tech,ML/AI Engineer,Large (1 001–5 000),3,$150k–$200k,Remote,Yes,7.7,6.0,1.0,5.4,3.6,5.7,5.7,3.3,5.8,7.1,5.8,Burnout,Not sure / undiagnosed,1,Easy,Yes,0,No,None,Yes,1
4690,28,Female,Canada,Consulting/Agency,Mobile Developer,Large (1 001–5 000),12,$150k–$200k,Hybrid,Was already remote,6.1,5.0,1.2,6.4,5.0,5.1,7.4,10.0,4.7,4.2,6.8,Depression,Formally diagnosed,0,Easy,Yes,0,Yes,1–3 days,Partially,1
4691,31,Male,Australia,Consulting/Agency,Security Engineer,Medium (201–1 000),7,$100k–$150k,In-person,Was already remote,6.7,7.8,1.4,5.8,7.3,5.3,9.0,6.1,1.5,6.0,7.4,None,N/A,0,Easy,Don't know,0,Yes,None,N/A,0
4692,33,Male,France,SaaS/Software,Mobile Developer,Large (1 001–5 000),0,$50k–$75k,In-person,Was already remote,4.7,3.6,1.3,4.2,1.9,5.6,9.5,4.2,2.7,6.1,9.1,Burnout,Self-reported,0,No access,Yes,0,No,None,No,1
4693,39,Female,USA,SaaS/Software,Product Manager,Enterprise (5 000+),0,$75k–$100k,Hybrid,Yes,5.4,7.0,3.2,7.8,3.3,5.4,7.9,6.3,3.1,4.3,6.0,None,N/A,0,Moderate,Yes,0,Yes,None,N/A,0
4694,35,Male,Singapore,SaaS/Software,DevOps/SRE,Small (51–200),0,>$200k,Hybrid,Was already remote,4.6,8.1,6.5,6.9,5.4,7.9,6.9,7.5,2.7,3.0,5.2,None,N/A,0,Easy,Yes,0,No,None,N/A,0
4695,30,Male,Canada,SaaS/Software,DevOps/SRE,Medium (201–1 000),2,$75k–$100k,Hybrid,No,7.1,7.8,0.0,5.2,6.2,3.7,4.9,7.4,2.1,5.8,6.2,Depression,Not sure / undiagnosed,1,Easy,Yes,1,Yes,4–7 days,No,1
4696,30,Male,USA,Consulting/Agency,CTO/VP Engineering,Medium (201–1 000),3,<$50k,Hybrid,Yes,9.3,4.9,8.4,6.0,4.5,2.3,6.1,4.0,5.1,6.5,6.2,None,N/A,0,Difficult,Don't know,0,No,None,N/A,0
4697,35,Male,Singapore,SaaS/Software,Backend Developer,Enterprise (5 000+),3,$100k–$150k,Hybrid,Was already remote,6.3,7.0,0.1,6.5,6.5,7.2,7.8,1.0,5.2,3.6,7.3,Depression,Not sure / undiagnosed,1,Difficult,Don't know,0,No,4–7 days,Partially,1
4698,41,Female,UK,AI/ML startup,Backend Developer,Small (51–200),10,$75k–$100k,Hybrid,Yes,6.1,5.6,7.7,7.8,4.8,6.2,9.8,8.9,4.9,6.3,3.8,None,N/A,0,Easy,No,0,Yes,None,N/A,0
4699,32,Female,Netherlands,Cybersecurity,Cloud Architect,Large (1 001–5 000),0,>$200k,Hybrid,Yes,2.1,6.7,1.7,5.7,2.8,6.1,6.6,9.4,2.1,5.0,6.0,None,N/A,0,Easy,Don't know,0,No,None,N/A,0
4700,28,Non-binary,Germany,Consulting/Agency,Frontend Developer,Startup (1–50),3,$100k–$150k,Hybrid,Was already remote,5.9,7.9,8.5,6.4,6.5,4.8,9.3,9.0,3.2,6.7,6.7,Anxiety,Formally diagnosed,1,Difficult,Don't know,0,Yes,4–7 days,Yes,1
4701,24,Female,UK,Consulting/Agency,Software Engineer,Enterprise (5 000+),2,>$200k,Remote,Was already remote,7.0,6.4,4.9,9.1,7.2,6.1,8.4,6.3,1.0,8.7,3.7,Depression & Burnout,Formally diagnosed,1,Moderate,Yes,0,No,>2 weeks,Yes,1
4702,21,Male,Sweden,E-commerce,Data Analyst,Medium (201–1 000),16,$150k–$200k,Hybrid,Was already remote,3.0,7.5,1.7,1.0,7.8,7.2,8.2,4.7,1.3,5.4,6.0,None,N/A,0,Difficult,Yes,0,No,None,N/A,0
4703,36,Non-binary,India,Consulting/Agency,CTO/VP Engineering,Enterprise (5 000+),1,$150k–$200k,Remote,Was already remote,6.3,7.5,0.0,4.6,3.4,7.8,5.2,7.9,2.6,5.1,4.1,Depression & Burnout,Formally diagnosed,0,Moderate,No,0,No,1–2 weeks,No,1
4704,36,Female,UK,Cybersecurity,DevOps/SRE,Enterprise (5 000+),0,$150k–$200k,Remote,No,6.0,7.8,4.1,7.2,7.0,7.3,8.1,6.8,5.0,6.4,6.6,Depression & Burnout,Self-reported,1,Moderate,Yes,1,No,None,Yes,1
4705,36,Female,USA,Gaming,Software Engineer,Medium (201–1 000),0,$100k–$150k,Remote,No,2.4,7.2,6.8,8.1,6.6,7.1,10.0,7.4,1.3,3.1,6.7,None,N/A,0,No access,No,0,No,None,N/A,0
4706,31,Female,Ireland,Consulting/Agency,Cloud Architect,Large (1 001–5 000),4,<$50k,Remote,Was already remote,6.8,4.6,3.5,4.3,9.6,6.2,4.3,6.7,1.4,8.8,4.3,None,N/A,0,Difficult,Yes,0,No,None,N/A,0
4707,42,Non-binary,USA,AI/ML startup,Engineering Manager,Large (1 001–5 000),2,$75k–$100k,Remote,Yes,5.2,6.4,1.6,4.6,3.8,7.4,10.0,5.0,1.4,6.2,3.8,None,N/A,0,Moderate,Don't know,0,No,None,N/A,0
4708,28,Female,Japan,Consulting/Agency,Product Manager,Medium (201–1 000),7,$75k–$100k,Remote,Was already remote,6.2,7.2,0.1,6.5,6.1,8.5,10.0,7.4,4.7,8.0,6.4,None,N/A,0,Easy,Yes,0,No,None,N/A,0
4709,39,Male,UK,Gaming,ML/AI Engineer,Medium (201–1 000),2,$100k–$150k,In-person,No,6.6,4.7,1.1,3.2,5.8,5.4,7.8,6.6,3.3,5.6,6.2,Anxiety,Formally diagnosed,1,Moderate,Yes,1,Yes,None,Yes,1
4710,31,Female,India,E-commerce,ML/AI Engineer,Small (51–200),0,$100k–$150k,Remote,Was already remote,4.6,6.3,1.2,6.1,2.6,7.3,6.5,5.2,1.0,4.6,7.5,None,N/A,1,No access,Yes,0,No,None,N/A,0
4711,27,Male,Spain,Government/Public sector,DevOps/SRE,Medium (201–1 000),2,$50k–$75k,Remote,No,6.6,6.0,4.0,6.1,8.6,5.6,8.7,6.2,2.6,6.7,7.5,Anxiety,Self-reported,0,Easy,No,0,No,None,Yes,1
4712,36,Male,USA,HealthTech,Data Scientist,Enterprise (5 000+),11,<$50k,Hybrid,Yes,5.1,7.0,0.6,6.0,4.1,6.0,5.3,7.2,1.9,7.0,4.8,Depression,Not sure / undiagnosed,1,Moderate,No,0,No,1–3 days,Partially,1
4713,35,Male,Germany,Gaming,Frontend Developer,Small (51–200),2,$50k–$75k,Hybrid,Was already remote,6.2,5.8,5.6,4.6,4.2,6.3,5.9,5.5,2.3,4.9,6.9,None,N/A,0,Difficult,Yes,0,No,None,N/A,0
4714,34,Male,Netherlands,Consulting/Agency,Security Engineer,Large (1 001–5 000),9,$150k–$200k,Remote,No,4.8,6.9,3.4,5.3,5.5,6.9,9.3,9.3,5.0,6.0,4.8,None,N/A,0,Moderate,Yes,0,Yes,None,N/A,0
4715,32,Male,Netherlands,HealthTech,Mobile Developer,Startup (1–50),2,$150k–$200k,Hybrid,Yes,7.9,4.9,1.5,3.1,4.3,5.3,7.3,4.2,7.2,8.1,5.1,Burnout,Not sure / undiagnosed,0,Easy,Don't know,0,No,1–3 days,Partially,1
4716,31,Male,Germany,SaaS/Software,DevOps/SRE,Medium (201–1 000),1,$150k–$200k,In-person,Yes,7.2,6.8,0.9,4.0,7.1,3.1,5.8,2.8,2.3,6.8,6.0,Depression,Formally diagnosed,1,Difficult,No,0,Yes,None,Yes,1
4717,49,Female,India,FinTech,Product Manager,Startup (1–50),8,$75k–$100k,Remote,No,5.4,7.2,2.4,5.7,5.9,6.9,9.2,7.2,1.3,2.6,7.3,Burnout,Formally diagnosed,1,Moderate,Yes,0,No,None,No,1
4718,40,Female,Netherlands,Government/Public sector,Security Engineer,Medium (201–1 000),1,$75k–$100k,Hybrid,Yes,7.3,10.0,2.1,7.6,1.9,7.3,7.8,4.5,1.0,7.8,4.1,Anxiety,Self-reported,0,No access,Yes,0,Yes,None,Yes,1
4719,37,Prefer not to say,Brazil,Gaming,Engineering Manager,Startup (1–50),1,<$50k,Hybrid,Was already remote,5.2,5.6,0.9,6.8,2.3,8.1,7.3,7.3,2.7,4.8,3.2,Anxiety & Depression,Not sure / undiagnosed,1,Difficult,Yes,0,Yes,4–7 days,No,1
4720,32,Male,Netherlands,HealthTech,Data Scientist,Large (1 001–5 000),0,$100k–$150k,Hybrid,Yes,6.4,6.0,15.3,7.7,6.8,7.6,7.1,8.0,5.1,4.3,8.5,None,N/A,0,Easy,Yes,0,No,None,N/A,0
4721,39,Female,UK,Cybersecurity,QA/Test Engineer,Medium (201–1 000),1,$75k–$100k,Remote,No,4.5,8.4,8.6,7.0,4.4,5.2,8.1,5.5,2.9,4.2,8.4,Anxiety,Self-reported,0,No access,Yes,1,Yes,1–2 weeks,No,1
4722,35,Non-binary,Argentina,Big Tech,Full-Stack Developer,Large (1 001–5 000),2,$150k–$200k,Remote,Yes,7.7,4.4,1.0,9.0,5.8,7.3,3.0,8.5,4.4,6.6,5.0,Anxiety,Not sure / undiagnosed,0,Moderate,Yes,0,No,1–3 days,No,1
4723,32,Male,Canada,Cybersecurity,Backend Developer,Medium (201–1 000),2,$100k–$150k,Remote,Yes,5.8,9.7,0.8,4.9,6.6,7.7,9.2,4.4,4.3,4.9,6.0,None,N/A,0,Difficult,Don't know,0,No,None,N/A,0
4724,29,Female,USA,Government/Public sector,Backend Developer,Enterprise (5 000+),3,$50k–$75k,Remote,Yes,4.8,6.3,1.3,7.3,3.6,9.7,9.2,7.5,2.1,3.6,9.3,None,N/A,0,Moderate,Yes,0,No,None,N/A,0
4725,31,Female,UK,Consulting/Agency,Data Scientist,Large (1 001–5 000),3,>$200k,Remote,No,6.4,4.8,13.3,6.9,3.3,6.9,6.9,1.9,3.7,6.7,7.4,Anxiety,Not sure / undiagnosed,1,Moderate,Yes,1,Yes,None,No,1
4726,18,Male,USA,Cybersecurity,CTO/VP Engineering,Startup (1–50),4,$150k–$200k,In-person,No,2.9,7.7,2.4,6.5,7.1,6.8,9.2,6.2,1.6,3.7,6.9,None,N/A,0,Difficult,Don't know,0,Yes,None,N/A,0
4727,33,Female,USA,Gaming,DevOps/SRE,Small (51–200),1,$150k–$200k,In-person,No,4.2,7.0,8.7,5.3,5.1,6.2,8.1,6.3,1.9,2.9,8.4,None,N/A,0,No access,Don't know,0,Yes,None,N/A,0
4728,28,Female,USA,E-commerce,Backend Developer,Startup (1–50),5,$75k–$100k,In-person,Was already remote,5.5,5.6,0.1,5.0,8.3,8.6,9.8,7.0,4.0,6.2,5.7,Anxiety,Self-reported,1,Difficult,No,0,Yes,None,No,1
4729,43,Male,USA,FinTech,Cloud Architect,Medium (201–1 000),2,>$200k,Remote,No,6.2,5.8,4.9,5.6,7.1,6.2,6.6,6.9,4.5,5.0,6.3,Depression & Burnout,Formally diagnosed,1,Difficult,Yes,1,No,1–3 days,Yes,1
4730,32,Male,Australia,Cybersecurity,Software Engineer,Medium (201–1 000),7,$100k–$150k,Remote,No,6.2,7.3,4.7,3.8,6.6,8.0,8.7,10.0,3.3,5.0,7.7,None,N/A,0,No access,Yes,0,No,None,N/A,0
4731,23,Male,USA,FinTech,Backend Developer,Enterprise (5 000+),4,$75k–$100k,In-person,Yes,5.0,5.3,3.7,4.0,9.8,5.1,7.5,9.2,2.9,5.2,5.3,Anxiety,Formally diagnosed,1,Easy,No,0,Yes,4–7 days,Partially,1
4732,31,Male,USA,Gaming,ML/AI Engineer,Medium (201–1 000),4,$100k–$150k,Hybrid,Yes,7.1,7.1,0.0,6.3,4.8,5.5,8.2,4.3,3.8,6.1,6.5,Depression,Formally diagnosed,1,Easy,No,0,Yes,None,Partially,1
4733,24,Male,USA,SaaS/Software,Backend Developer,Large (1 001–5 000),6,$75k–$100k,Hybrid,Yes,3.8,6.3,14.3,6.3,5.0,6.4,8.1,7.3,2.7,3.5,8.1,None,N/A,0,Difficult,No,0,No,None,N/A,0
4734,35,Female,USA,HealthTech,QA/Test Engineer,Small (51–200),2,>$200k,In-person,Yes,5.5,9.6,0.7,6.2,7.2,4.4,7.6,5.3,1.8,5.3,7.9,Anxiety,Self-reported,1,Difficult,Yes,0,No,>2 weeks,No,1
4735,34,Male,USA,Government/Public sector,Frontend Developer,Small (51–200),3,$150k–$200k,Remote,Yes,7.9,7.8,3.5,3.6,5.8,7.3,5.2,9.1,2.1,7.7,5.7,Burnout,Not sure / undiagnosed,0,Moderate,No,0,Yes,1–3 days,Partially,1
4736,39,Non-binary,Germany,Gaming,Data Scientist,Large (1 001–5 000),4,$100k–$150k,Remote,Yes,7.0,4.9,4.3,3.6,4.5,8.2,7.9,7.3,2.0,7.9,5.7,None,N/A,0,Easy,Don't know,0,Yes,None,N/A,0
4737,26,Male,South Africa,AI/ML startup,CTO/VP Engineering,Small (51–200),3,$50k–$75k,In-person,Was already remote,8.3,5.6,4.1,5.2,4.6,6.3,6.1,6.2,3.4,5.7,3.3,Depression & Burnout,Formally diagnosed,0,Easy,Yes,0,No,None,Partially,1
4738,32,Male,Singapore,Big Tech,Software Engineer,Enterprise (5 000+),3,$100k–$150k,In-person,No,10.0,6.7,4.7,10.0,3.3,4.4,7.0,9.4,4.4,7.9,5.0,Depression,Self-reported,1,Moderate,Yes,1,No,1–3 days,Yes,1
4739,21,Male,Singapore,AI/ML startup,QA/Test Engineer,Small (51–200),1,$50k–$75k,Remote,Was already remote,4.9,3.6,15.9,4.5,6.1,8.8,10.0,8.5,2.8,6.2,5.8,None,N/A,0,Easy,Yes,0,Yes,None,N/A,0
4740,37,Female,USA,AI/ML startup,Security Engineer,Enterprise (5 000+),1,$75k–$100k,Remote,Was already remote,6.6,5.4,0.0,7.7,7.3,4.6,7.7,6.0,1.7,6.5,6.7,None,N/A,0,Difficult,Yes,0,No,None,N/A,0
4741,35,Male,USA,FinTech,ML/AI Engineer,Large (1 001–5 000),6,$100k–$150k,Remote,Was already remote,4.5,6.4,2.4,5.5,5.8,8.9,6.4,6.2,2.4,3.9,7.3,Depression,Not sure / undiagnosed,1,Difficult,Yes,1,No,None,No,1
4742,35,Male,USA,Cybersecurity,DevOps/SRE,Large (1 001–5 000),0,<$50k,Remote,Yes,4.0,5.3,13.2,4.1,7.5,8.8,7.6,8.0,1.0,3.1,9.1,Anxiety & Depression,Formally diagnosed,1,Easy,Yes,1,No,1–2 weeks,Yes,1
4743,32,Male,Netherlands,Gaming,Mobile Developer,Enterprise (5 000+),0,$150k–$200k,Hybrid,No,6.8,6.4,7.0,6.3,5.8,7.1,8.9,6.3,2.2,6.9,8.0,ADHD,Formally diagnosed,1,Difficult,Don't know,0,No,4–7 days,No,1
4744,35,Female,USA,Consulting/Agency,CTO/VP Engineering,Small (51–200),16,$50k–$75k,Remote,Yes,6.1,6.1,16.0,4.9,5.3,7.3,8.4,4.6,5.1,6.7,6.1,None,N/A,0,Difficult,Yes,0,No,None,N/A,0
4745,44,Prefer not to say,Germany,Government/Public sector,Full-Stack Developer,Small (51–200),1,$150k–$200k,Hybrid,Was already remote,5.3,5.8,3.0,6.7,6.5,7.4,6.8,5.8,4.6,4.9,6.4,Anxiety & Burnout,Self-reported,1,Difficult,Don't know,1,Yes,4–7 days,No,1
4746,29,Male,USA,E-commerce,ML/AI Engineer,Small (51–200),2,<$50k,Hybrid,Yes,7.0,7.9,3.3,6.6,5.4,5.9,9.5,7.1,6.4,5.2,5.6,Burnout,Self-reported,1,Moderate,Don't know,0,Yes,4–7 days,No,1
4747,33,Male,USA,AI/ML startup,Data Scientist,Small (51–200),10,$100k–$150k,In-person,Yes,5.3,7.7,1.0,2.7,5.8,6.1,9.6,7.1,4.0,4.7,7.7,Anxiety,Not sure / undiagnosed,1,No access,Yes,1,Yes,1–3 days,No,1
4748,23,Female,Argentina,Big Tech,Data Scientist,Medium (201–1 000),0,$150k–$200k,In-person,Yes,3.3,8.1,2.6,7.4,5.7,6.1,10.0,3.7,1.5,1.2,10.0,None,N/A,0,Difficult,No,0,Yes,None,N/A,0
4749,25,Female,Netherlands,Cybersecurity,Data Scientist,Enterprise (5 000+),14,$75k–$100k,In-person,Yes,7.2,6.3,0.0,4.6,3.3,4.7,6.7,5.9,3.3,5.5,6.9,Depression,Self-reported,0,Moderate,Yes,0,Yes,None,No,1
4750,32,Male,Brazil,HealthTech,QA/Test Engineer,Startup (1–50),0,$100k–$150k,In-person,No,4.8,7.2,4.5,6.8,6.5,4.5,10.0,5.0,2.2,5.7,6.4,ADHD,Self-reported,1,Moderate,Yes,1,No,1–3 days,No,1
4751,40,Non-binary,Germany,Gaming,Data Scientist,Enterprise (5 000+),1,$150k–$200k,Remote,No,7.4,8.2,8.4,6.5,3.6,4.1,7.1,9.1,2.0,6.1,5.3,Burnout,Formally diagnosed,1,Moderate,Yes,1,Yes,None,Yes,1
4752,30,Female,Singapore,SaaS/Software,Cloud Architect,Enterprise (5 000+),0,$100k–$150k,Remote,Was already remote,6.6,5.1,0.0,8.8,5.1,9.2,8.4,6.6,2.5,1.8,7.2,None,N/A,0,No access,Yes,0,Yes,None,N/A,0
4753,30,Male,India,Big Tech,Frontend Developer,Large (1 001–5 000),4,$75k–$100k,In-person,No,1.3,6.5,3.2,6.3,10.0,5.9,10.0,7.4,1.4,5.8,8.3,Burnout,Not sure / undiagnosed,0,No access,Don't know,0,No,1–3 days,No,1
4754,28,Female,Mexico,FinTech,Frontend Developer,Enterprise (5 000+),15,$150k–$200k,Remote,No,5.5,7.9,3.3,6.9,8.1,5.6,4.9,5.1,1.3,3.7,7.7,Anxiety & Burnout,Formally diagnosed,0,Difficult,Don't know,0,Yes,4–7 days,No,1
4755,27,Non-binary,USA,Government/Public sector,Frontend Developer,Large (1 001–5 000),10,$100k–$150k,Remote,Yes,4.3,7.5,3.7,3.9,4.5,8.8,7.8,7.8,2.4,4.9,7.1,None,N/A,0,Moderate,Yes,0,Yes,None,N/A,0
4756,34,Female,India,AI/ML startup,Engineering Manager,Medium (201–1 000),5,$100k–$150k,Hybrid,No,7.7,5.6,0.5,8.8,4.0,8.9,7.6,5.3,2.6,7.9,3.7,Depression,Formally diagnosed,0,Difficult,Yes,0,No,4–7 days,No,1
4757,20,Male,Australia,Consulting/Agency,Mobile Developer,Large (1 001–5 000),1,$150k–$200k,Hybrid,Yes,5.0,7.3,0.1,7.2,5.1,8.0,9.7,6.3,1.3,4.3,8.3,Anxiety,Self-reported,0,Easy,Yes,0,No,1–3 days,Partially,1
4758,41,Male,UK,SaaS/Software,Data Scientist,Large (1 001–5 000),11,$75k–$100k,Hybrid,No,7.5,5.0,6.9,5.2,6.3,6.2,4.1,4.5,4.6,7.5,4.2,Burnout,Self-reported,1,Moderate,Yes,1,No,None,Yes,1
4759,27,Male,Singapore,E-commerce,Frontend Developer,Startup (1–50),7,$75k–$100k,In-person,Was already remote,6.1,7.0,0.0,8.5,2.3,4.2,7.2,7.1,1.0,7.1,6.0,Depression,Formally diagnosed,0,Easy,No,1,Yes,1–2 weeks,No,1
4760,37,Male,Italy,AI/ML startup,Data Analyst,Small (51–200),1,$75k–$100k,Remote,No,5.0,6.1,0.7,7.7,5.1,9.0,9.9,1.8,1.0,2.8,5.8,None,N/A,0,Easy,No,0,No,None,N/A,0
4761,22,Female,Canada,Consulting/Agency,Backend Developer,Medium (201–1 000),8,$50k–$75k,Remote,Yes,6.9,8.1,11.0,5.8,8.2,6.4,5.8,10.0,1.0,6.2,5.5,None,N/A,1,Moderate,No,0,No,None,N/A,0
4762,37,Female,UK,FinTech,Backend Developer,Startup (1–50),11,$75k–$100k,Hybrid,Was already remote,7.6,6.6,1.7,2.8,5.3,3.0,7.2,8.1,1.8,6.1,6.1,Burnout,Not sure / undiagnosed,0,Difficult,Yes,0,No,4–7 days,Yes,1
4763,37,Female,Canada,FinTech,Engineering Manager,Enterprise (5 000+),6,$75k–$100k,Hybrid,Yes,3.9,7.1,7.6,6.6,4.0,6.2,8.6,6.0,6.0,3.7,8.4,None,N/A,0,Moderate,Yes,0,No,None,N/A,0
4764,34,Prefer not to say,Japan,Cybersecurity,Data Scientist,Medium (201–1 000),0,$100k–$150k,Remote,No,3.2,6.9,8.4,5.9,3.5,8.8,8.8,8.8,4.8,3.4,6.5,None,N/A,0,Easy,Don't know,0,Yes,None,N/A,0
4765,24,Male,India,HealthTech,Product Manager,Medium (201–1 000),22,$75k–$100k,Hybrid,No,5.9,6.9,15.7,9.8,3.4,4.9,6.3,7.7,1.3,4.2,3.6,Anxiety,Formally diagnosed,1,Moderate,Yes,0,No,1–3 days,Yes,1
4766,33,Female,USA,E-commerce,Engineering Manager,Small (51–200),0,>$200k,Hybrid,No,5.3,7.7,0.1,7.2,8.5,7.3,9.1,5.3,1.8,4.0,7.4,Depression,Formally diagnosed,1,Moderate,No,0,No,>2 weeks,Yes,1
4767,23,Female,Germany,HealthTech,QA/Test Engineer,Medium (201–1 000),5,$75k–$100k,Hybrid,Yes,6.9,6.1,0.0,4.2,6.3,4.3,6.6,5.8,2.8,6.3,6.1,Anxiety & Burnout,Formally diagnosed,1,Difficult,Yes,1,Yes,1–3 days,Partially,1
4768,30,Male,USA,SaaS/Software,Full-Stack Developer,Small (51–200),0,$150k–$200k,Hybrid,Was already remote,7.4,8.4,0.1,8.1,5.8,4.3,6.7,3.9,2.1,6.5,5.5,None,N/A,0,Difficult,Yes,0,Yes,None,N/A,0
4769,39,Female,Netherlands,Cybersecurity,QA/Test Engineer,Startup (1–50),12,$100k–$150k,Remote,Yes,3.0,7.1,4.3,4.6,7.6,8.6,10.0,6.1,4.2,4.4,5.9,None,N/A,0,Easy,No,0,No,None,N/A,0
4770,37,Male,UK,FinTech,Data Analyst,Enterprise (5 000+),2,$150k–$200k,In-person,Yes,5.3,7.3,1.0,6.2,7.5,4.6,7.4,5.6,3.3,7.4,7.2,None,N/A,0,Difficult,Yes,0,Yes,None,N/A,0
4771,32,Female,Canada,FinTech,QA/Test Engineer,Small (51–200),3,$50k–$75k,In-person,No,3.2,7.6,2.9,6.2,5.7,7.3,10.0,5.7,1.0,3.9,8.8,Depression & Burnout,Self-reported,0,Moderate,No,0,Yes,None,Yes,1
4772,24,Female,Sweden,AI/ML startup,Data Analyst,Large (1 001–5 000),1,$100k–$150k,Hybrid,Yes,3.6,4.5,5.8,4.8,7.0,4.3,7.2,5.1,2.4,6.0,8.0,None,N/A,0,Difficult,Yes,0,Yes,None,N/A,0
4773,36,Male,USA,Gaming,Data Analyst,Startup (1–50),4,>$200k,Hybrid,Yes,3.0,8.4,1.3,2.8,3.4,6.3,10.0,6.9,5.9,7.3,5.2,None,N/A,0,Difficult,Yes,0,Yes,None,N/A,0
4774,32,Female,USA,Big Tech,CTO/VP Engineering,Enterprise (5 000+),15,$100k–$150k,Hybrid,Yes,5.3,9.3,1.1,7.5,5.7,7.3,6.9,5.5,2.7,4.1,5.0,Depression,Self-reported,1,Moderate,Yes,0,No,1–2 weeks,Yes,1
4775,18,Female,UK,FinTech,QA/Test Engineer,Medium (201–1 000),12,$150k–$200k,Remote,Yes,3.2,7.7,5.1,6.7,5.7,10.0,7.9,4.6,4.3,5.7,6.2,None,N/A,0,Easy,Don't know,0,Yes,None,N/A,0
4776,37,Male,USA,Government/Public sector,Full-Stack Developer,Large (1 001–5 000),0,$75k–$100k,Remote,Was already remote,4.8,7.3,0.1,5.5,3.1,8.6,8.0,7.2,3.4,5.9,5.7,Depression,Self-reported,1,Easy,Don't know,0,Yes,1–3 days,Yes,1
4777,31,Male,UK,Big Tech,Data Analyst,Large (1 001–5 000),2,$150k–$200k,Hybrid,Yes,4.4,7.2,5.1,4.2,5.1,6.3,8.3,6.9,4.1,5.0,5.8,Depression,Formally diagnosed,1,Moderate,Yes,1,Yes,None,Yes,1
4778,41,Male,Argentina,AI/ML startup,Frontend Developer,Large (1 001–5 000),1,$75k–$100k,Remote,Yes,5.4,5.6,3.8,8.6,9.9,8.2,10.0,3.8,1.0,2.9,9.6,None,N/A,1,Easy,Yes,1,No,None,N/A,0
4779,23,Female,Brazil,Government/Public sector,Software Engineer,Startup (1–50),3,$100k–$150k,Remote,Was already remote,6.0,6.6,0.2,4.8,6.8,6.5,6.9,6.4,5.0,5.4,5.7,None,N/A,0,Moderate,No,0,No,None,N/A,0
4780,18,Female,Singapore,Big Tech,Software Engineer,Medium (201–1 000),9,$50k–$75k,Hybrid,No,5.9,6.8,0.7,4.7,5.7,7.5,7.7,7.7,1.7,3.3,6.2,Depression,Self-reported,1,No access,Yes,0,Yes,>2 weeks,No,1
4781,34,Non-binary,Mexico,HealthTech,Engineering Manager,Small (51–200),7,$100k–$150k,In-person,Yes,3.8,7.9,0.4,5.1,3.7,7.4,8.4,4.5,4.6,4.5,4.9,Burnout,Formally diagnosed,0,Moderate,Yes,0,No,>2 weeks,Partially,1
4782,34,Male,UK,Big Tech,DevOps/SRE,Medium (201–1 000),2,$100k–$150k,Hybrid,No,5.9,7.1,2.8,6.8,9.4,9.2,7.7,6.2,2.6,7.7,3.8,Anxiety & Depression,Self-reported,1,Easy,Yes,0,No,1–2 weeks,Yes,1
4783,19,Female,USA,Cybersecurity,CTO/VP Engineering,Medium (201–1 000),2,$100k–$150k,Remote,Yes,5.2,7.3,1.7,6.0,7.9,7.9,10.0,4.0,1.0,4.4,7.0,None,N/A,0,Easy,Yes,0,No,None,N/A,0
4784,24,Male,USA,FinTech,Security Engineer,Large (1 001–5 000),5,$150k–$200k,Remote,Was already remote,6.8,6.0,1.4,10.0,7.2,5.5,7.4,10.0,2.4,6.8,3.5,None,N/A,0,Difficult,Yes,0,No,None,N/A,0
4785,52,Female,Brazil,Cybersecurity,Data Scientist,Small (51–200),1,$75k–$100k,Remote,Yes,4.8,8.1,0.4,8.6,5.1,7.3,7.0,8.7,4.0,4.1,8.2,None,N/A,0,Moderate,Yes,0,No,None,N/A,0
4786,29,Male,Australia,Gaming,ML/AI Engineer,Small (51–200),0,>$200k,Hybrid,Yes,7.0,7.9,0.9,3.3,1.4,4.5,5.4,4.9,3.1,8.2,4.7,None,N/A,0,Moderate,Don't know,1,No,None,N/A,0
4787,37,Male,USA,HealthTech,Security Engineer,Enterprise (5 000+),1,$150k–$200k,Hybrid,Yes,4.2,7.3,9.0,6.6,8.6,5.2,10.0,7.5,5.1,3.6,7.0,None,N/A,0,Moderate,Yes,0,No,None,N/A,0
4788,27,Female,UK,SaaS/Software,Frontend Developer,Enterprise (5 000+),0,$75k–$100k,Remote,Yes,4.3,7.3,0.4,8.4,8.7,6.8,8.8,6.0,2.1,4.4,7.1,None,N/A,0,Easy,Don't know,0,Yes,None,N/A,0
4789,18,Male,Canada,AI/ML startup,Engineering Manager,Enterprise (5 000+),2,$75k–$100k,Remote,Yes,5.8,5.9,12.7,6.8,5.9,6.8,8.9,6.4,6.3,3.8,6.0,None,N/A,0,Difficult,No,0,Yes,None,N/A,0
4790,30,Female,Germany,FinTech,Frontend Developer,Medium (201–1 000),15,$50k–$75k,Remote,Yes,2.9,7.9,7.2,4.2,3.3,7.0,9.8,8.4,1.8,6.1,7.2,Anxiety & Burnout,Self-reported,1,Difficult,Yes,1,No,4–7 days,Partially,1
4791,30,Female,Ireland,SaaS/Software,Engineering Manager,Startup (1–50),0,$75k–$100k,Hybrid,No,4.4,6.9,1.0,7.7,6.6,4.1,7.9,8.3,2.4,5.5,7.3,Burnout,Formally diagnosed,0,Easy,No,0,Yes,1–3 days,Yes,1
4792,29,Male,UK,SaaS/Software,Security Engineer,Enterprise (5 000+),9,$150k–$200k,Remote,No,8.1,5.6,3.4,6.3,5.5,3.8,6.4,5.7,3.6,8.1,4.9,Burnout,Not sure / undiagnosed,0,Easy,Yes,0,Yes,4–7 days,Partially,1
4793,31,Male,Spain,AI/ML startup,ML/AI Engineer,Startup (1–50),4,$75k–$100k,Remote,Was already remote,7.2,6.0,0.0,5.5,9.1,6.8,6.6,4.9,3.8,6.9,4.4,Burnout,Formally diagnosed,0,Easy,Don't know,0,No,4–7 days,No,1
4794,33,Female,Canada,SaaS/Software,Mobile Developer,Small (51–200),5,$50k–$75k,Remote,Was already remote,5.3,6.9,0.5,6.6,5.9,4.8,6.9,8.3,2.3,3.8,7.3,Depression,Self-reported,0,Moderate,Yes,0,No,1–2 weeks,Partially,1
4795,30,Female,France,Consulting/Agency,Data Scientist,Small (51–200),1,<$50k,Hybrid,No,10.0,5.8,0.9,6.6,5.7,5.6,5.7,5.4,3.5,5.9,6.1,Anxiety & Depression,Not sure / undiagnosed,1,Moderate,Yes,0,Yes,None,Partially,1
4796,22,Male,Mexico,Cybersecurity,CTO/VP Engineering,Large (1 001–5 000),0,$75k–$100k,Remote,Yes,5.7,8.2,1.6,4.4,5.0,8.7,7.7,9.8,3.1,5.6,5.1,None,N/A,1,Difficult,No,0,No,None,N/A,0
4797,35,Male,Spain,E-commerce,Mobile Developer,Startup (1–50),0,$75k–$100k,Remote,Yes,6.3,5.9,5.5,3.4,5.2,5.8,4.2,10.0,3.2,6.9,5.1,None,N/A,0,Moderate,Don't know,0,Yes,None,N/A,0
4798,18,Female,USA,E-commerce,Mobile Developer,Large (1 001–5 000),6,$50k–$75k,Remote,Yes,8.6,6.5,8.8,10.0,3.7,5.3,7.3,7.0,2.0,7.1,6.7,None,N/A,0,Moderate,No,0,Yes,None,N/A,0
4799,18,Female,USA,Gaming,Software Engineer,Startup (1–50),7,>$200k,Remote,Yes,6.6,5.3,9.6,5.1,8.0,7.4,6.4,5.4,3.3,7.0,4.2,Anxiety,Not sure / undiagnosed,0,Difficult,No,0,Yes,None,Partially,1
4800,37,Male,Canada,FinTech,Full-Stack Developer,Startup (1–50),13,$75k–$100k,In-person,Was already remote,5.4,5.6,0.4,6.0,3.3,5.1,10.0,2.2,4.4,5.8,6.5,Anxiety,Self-reported,0,Easy,Yes,0,Yes,None,Partially,1
4801,35,Male,Canada,Gaming,Data Analyst,Medium (201–1 000),2,<$50k,In-person,Was already remote,7.3,4.2,3.4,7.0,5.7,3.7,9.1,5.7,3.4,6.6,5.4,Depression,Formally diagnosed,1,Moderate,Yes,1,No,None,Partially,1
4802,31,Female,India,FinTech,ML/AI Engineer,Medium (201–1 000),3,>$200k,In-person,Yes,7.1,7.5,2.4,7.3,6.6,4.5,7.6,3.8,4.1,4.5,4.9,None,N/A,0,Moderate,No,0,No,None,N/A,0
4803,21,Female,Mexico,E-commerce,Full-Stack Developer,Enterprise (5 000+),3,$100k–$150k,Hybrid,No,4.7,7.9,1.7,5.8,2.7,5.8,4.5,6.1,2.2,7.0,4.7,None,N/A,0,Moderate,Don't know,0,No,None,N/A,0
4804,26,Prefer not to say,USA,Government/Public sector,CTO/VP Engineering,Enterprise (5 000+),1,$50k–$75k,Hybrid,No,5.6,3.7,18.3,6.5,4.8,7.0,9.6,7.8,4.7,5.9,5.8,None,N/A,0,Moderate,Yes,0,Yes,None,N/A,0
4805,30,Female,Canada,Gaming,CTO/VP Engineering,Small (51–200),2,<$50k,Remote,No,6.2,6.7,1.8,7.4,6.2,5.3,7.9,6.5,2.5,3.8,6.6,Other,Formally diagnosed,1,Easy,Don't know,0,No,None,No,1
4806,20,Non-binary,USA,Cybersecurity,DevOps/SRE,Enterprise (5 000+),10,$50k–$75k,Remote,Yes,6.3,6.0,3.5,5.3,5.8,7.7,6.0,7.0,2.8,4.2,8.7,None,N/A,0,Easy,No,0,No,None,N/A,0
4807,26,Male,Ireland,Cybersecurity,CTO/VP Engineering,Large (1 001–5 000),2,$100k–$150k,Hybrid,Yes,4.4,7.2,2.6,4.7,5.9,7.6,10.0,5.6,3.1,4.6,5.3,Depression & Burnout,Self-reported,0,Difficult,No,0,No,None,No,1
4808,36,Female,South Africa,Consulting/Agency,Data Analyst,Medium (201–1 000),11,<$50k,In-person,Yes,6.5,6.6,0.0,5.2,3.1,3.8,3.3,4.5,2.7,7.0,3.6,None,N/A,0,Moderate,Yes,0,No,None,N/A,0
4809,42,Male,Canada,E-commerce,QA/Test Engineer,Large (1 001–5 000),2,$100k–$150k,Hybrid,Was already remote,5.3,6.5,0.4,10.0,3.4,7.5,7.6,8.7,3.6,6.2,6.7,None,N/A,0,Moderate,Yes,0,No,None,N/A,0
4810,28,Female,USA,Gaming,Mobile Developer,Enterprise (5 000+),2,$100k–$150k,Hybrid,Yes,6.9,5.2,4.3,7.5,7.1,2.6,9.8,4.8,1.6,7.9,5.9,Depression,Not sure / undiagnosed,1,Easy,Don't know,0,Yes,None,No,1
4811,37,Male,Sweden,Cybersecurity,Frontend Developer,Small (51–200),4,$50k–$75k,In-person,Was already remote,7.6,5.5,4.9,4.8,7.9,3.6,8.1,3.9,5.7,5.8,8.0,None,N/A,0,Easy,Yes,0,No,None,N/A,0
4812,18,Male,Australia,E-commerce,Data Analyst,Small (51–200),0,$100k–$150k,Remote,No,4.5,6.2,1.7,6.8,8.2,5.0,8.7,7.0,1.8,5.6,5.7,Anxiety,Self-reported,1,Easy,Don't know,0,Yes,None,Yes,1
4813,36,Female,UK,Cybersecurity,Engineering Manager,Medium (201–1 000),14,>$200k,Remote,Was already remote,5.3,6.3,0.1,6.3,5.8,8.5,8.0,4.7,3.1,4.5,7.0,ADHD,Self-reported,1,Moderate,Yes,0,Yes,1–3 days,No,1
4814,25,Female,Ireland,FinTech,QA/Test Engineer,Small (51–200),9,$150k–$200k,Hybrid,Yes,6.3,7.4,10.6,7.9,7.1,6.4,7.7,7.0,1.0,5.3,6.5,Depression,Formally diagnosed,0,Moderate,No,0,Yes,1–3 days,Yes,1
4815,34,Male,New Zealand,AI/ML startup,Software Engineer,Medium (201–1 000),6,$150k–$200k,Hybrid,Was already remote,7.3,8.2,1.8,10.0,2.8,5.1,9.8,7.2,1.9,7.1,6.9,Anxiety & Burnout,Formally diagnosed,0,Moderate,Yes,0,Yes,1–3 days,Yes,1
4816,30,Female,Germany,HealthTech,QA/Test Engineer,Large (1 001–5 000),24,$100k–$150k,In-person,Was already remote,5.0,5.9,0.5,5.5,3.3,6.7,4.6,7.5,4.2,7.1,3.6,Burnout,Self-reported,0,Moderate,Yes,0,No,>2 weeks,Partially,1
4817,41,Male,Germany,Government/Public sector,Cloud Architect,Large (1 001–5 000),0,$75k–$100k,Hybrid,Yes,6.1,7.3,0.5,5.5,5.2,5.8,8.5,5.8,5.1,7.6,4.3,Depression,Self-reported,0,Easy,Yes,0,No,1–3 days,No,1
4818,25,Male,USA,E-commerce,Engineering Manager,Small (51–200),2,$100k–$150k,In-person,Yes,8.9,3.8,0.0,6.4,5.7,7.6,6.4,6.2,5.8,7.2,5.3,None,N/A,0,Difficult,No,0,No,None,N/A,0
4819,36,Female,India,Consulting/Agency,QA/Test Engineer,Small (51–200),10,$150k–$200k,In-person,Was already remote,7.5,4.4,3.6,5.6,5.0,6.5,7.3,5.2,5.4,7.6,6.0,Burnout,Formally diagnosed,1,Easy,Don't know,0,No,1–3 days,Partially,1
4820,29,Male,Canada,Gaming,Product Manager,Large (1 001–5 000),3,$100k–$150k,Remote,Yes,5.6,6.9,4.1,5.0,5.3,8.7,5.2,7.9,1.8,5.2,5.9,None,N/A,0,Difficult,Yes,0,No,None,N/A,0
4821,30,Non-binary,USA,Consulting/Agency,ML/AI Engineer,Medium (201–1 000),0,$150k–$200k,In-person,No,9.4,6.7,2.0,8.6,3.4,2.7,6.7,5.7,7.2,7.1,3.8,None,N/A,0,Moderate,No,0,Yes,None,N/A,0
4822,30,Male,USA,Government/Public sector,Data Analyst,Large (1 001–5 000),0,>$200k,Remote,No,6.8,7.0,2.2,4.3,4.7,9.0,6.0,3.6,4.6,3.9,5.5,Burnout,Formally diagnosed,0,Moderate,Don't know,0,No,1–2 weeks,Partially,1
4823,25,Female,USA,Government/Public sector,ML/AI Engineer,Enterprise (5 000+),3,$100k–$150k,Hybrid,Yes,9.1,5.3,0.5,5.7,3.2,4.0,7.9,5.8,2.9,6.3,6.6,None,N/A,0,Moderate,Yes,0,No,None,N/A,0
4824,31,Female,USA,Government/Public sector,Cloud Architect,Enterprise (5 000+),6,$100k–$150k,Remote,No,8.0,7.6,9.7,9.7,8.2,3.5,6.0,6.7,2.6,7.3,7.0,ADHD,Self-reported,1,Difficult,Yes,1,No,1–2 weeks,Partially,1
4825,31,Male,Germany,Government/Public sector,Data Analyst,Large (1 001–5 000),0,$75k–$100k,Hybrid,Yes,10.0,5.0,4.2,4.2,3.8,4.0,3.1,5.6,3.1,9.1,4.3,Burnout,Formally diagnosed,0,Moderate,Don't know,0,Yes,4–7 days,No,1
4826,33,Male,India,Cybersecurity,Mobile Developer,Medium (201–1 000),3,$50k–$75k,Hybrid,Yes,8.7,5.6,7.3,5.6,7.3,6.4,4.4,5.4,5.9,7.6,5.8,None,N/A,0,Easy,Don't know,0,Yes,None,N/A,0
4827,32,Female,India,Big Tech,Frontend Developer,Startup (1–50),0,$75k–$100k,In-person,No,5.2,7.1,1.3,6.6,5.8,5.3,7.0,7.3,3.7,6.6,6.8,Anxiety,Self-reported,1,Difficult,Yes,1,Yes,1–2 weeks,Partially,1
4828,37,Female,UK,Gaming,Backend Developer,Large (1 001–5 000),3,$100k–$150k,Remote,Was already remote,7.5,6.8,12.7,5.4,6.9,6.3,8.6,7.7,3.8,8.3,4.1,Anxiety,Formally diagnosed,0,No access,Yes,0,No,1–3 days,No,1
4829,38,Male,UK,Gaming,Engineering Manager,Enterprise (5 000+),12,<$50k,Remote,No,4.4,5.7,0.8,5.8,6.0,5.6,7.8,3.6,3.0,6.0,5.0,None,N/A,0,Easy,Don't know,0,No,None,N/A,0
4830,24,Female,Brazil,HealthTech,ML/AI Engineer,Startup (1–50),4,$100k–$150k,Remote,Was already remote,7.7,5.0,0.0,2.3,4.9,6.1,8.1,8.7,5.8,6.7,5.8,Other,Self-reported,1,Moderate,Yes,0,Yes,None,No,1
4831,38,Male,Canada,AI/ML startup,ML/AI Engineer,Startup (1–50),3,$150k–$200k,Hybrid,Yes,9.1,6.8,0.2,6.9,5.0,5.5,4.8,5.4,3.9,5.2,5.9,Anxiety & Depression,Self-reported,1,Difficult,No,0,Yes,1–2 weeks,Partially,1
4832,23,Male,Italy,FinTech,Frontend Developer,Large (1 001–5 000),0,>$200k,Hybrid,No,4.5,6.5,0.9,7.7,7.8,6.3,9.8,6.6,1.0,5.4,7.2,None,N/A,0,Difficult,Yes,0,Yes,None,N/A,0
4833,36,Male,Canada,HealthTech,Data Analyst,Startup (1–50),1,$150k–$200k,In-person,Yes,7.3,7.1,1.9,5.2,4.4,4.7,8.3,7.2,5.4,5.8,3.8,None,N/A,0,Easy,No,0,No,None,N/A,0
4834,36,Male,India,FinTech,Security Engineer,Startup (1–50),0,$50k–$75k,Remote,Yes,7.2,5.0,0.9,7.4,5.3,6.1,8.0,7.9,1.0,5.4,6.9,None,N/A,0,Moderate,No,0,No,None,N/A,0
4835,18,Female,USA,Big Tech,Frontend Developer,Enterprise (5 000+),7,$50k–$75k,Hybrid,No,7.2,5.9,0.0,5.8,9.3,5.5,6.7,5.1,4.7,6.1,5.5,Anxiety & Depression,Self-reported,1,No access,No,0,Yes,4–7 days,Partially,1
4836,32,Female,India,E-commerce,Cloud Architect,Startup (1–50),0,$75k–$100k,In-person,Yes,3.9,8.3,6.8,9.3,5.3,7.8,8.2,6.6,2.9,4.3,7.4,None,N/A,0,Moderate,No,0,No,None,N/A,0
4837,28,Non-binary,Japan,Government/Public sector,Full-Stack Developer,Startup (1–50),2,$75k–$100k,Remote,Yes,5.2,8.0,2.4,2.0,5.9,8.4,7.1,5.5,3.2,5.3,8.1,Depression,Formally diagnosed,1,Easy,Yes,1,No,1–3 days,No,1
4838,26,Female,Mexico,Big Tech,Engineering Manager,Medium (201–1 000),7,$100k–$150k,Remote,Was already remote,6.6,5.9,0.0,6.0,2.4,8.2,8.3,5.7,2.3,7.5,4.3,None,N/A,0,Moderate,Yes,0,Yes,None,N/A,0
4839,42,Non-binary,Argentina,Big Tech,QA/Test Engineer,Large (1 001–5 000),6,$50k–$75k,Remote,Was already remote,5.3,4.4,0.2,9.2,5.4,6.2,8.3,7.0,1.0,4.9,10.0,None,N/A,0,No access,Don't know,0,Yes,None,N/A,0
4840,27,Female,USA,Big Tech,CTO/VP Engineering,Medium (201–1 000),4,$100k–$150k,Remote,Yes,4.3,7.7,1.9,7.5,5.7,5.3,10.0,4.8,1.4,3.2,7.3,None,N/A,0,Moderate,No,0,No,None,N/A,0
4841,25,Female,Germany,Big Tech,Mobile Developer,Medium (201–1 000),4,$75k–$100k,Hybrid,No,7.7,6.4,7.6,4.5,5.3,4.5,4.5,7.5,1.1,5.6,8.2,ADHD,Formally diagnosed,0,Easy,Don't know,0,Yes,1–3 days,No,1
4842,32,Prefer not to say,Canada,Big Tech,Frontend Developer,Large (1 001–5 000),0,$100k–$150k,Remote,Yes,4.8,7.2,2.5,4.7,6.8,6.1,8.4,5.7,2.6,3.0,7.6,None,N/A,0,Moderate,No,0,Yes,None,N/A,0
4843,37,Female,Germany,Consulting/Agency,Cloud Architect,Medium (201–1 000),1,$150k–$200k,Remote,Was already remote,5.9,5.3,0.3,4.6,5.6,4.5,8.9,6.3,4.5,7.5,5.0,None,N/A,0,Easy,Yes,1,Yes,None,N/A,0
4844,30,Male,USA,FinTech,Data Analyst,Startup (1–50),4,>$200k,Remote,No,10.0,5.6,0.0,8.3,4.4,5.6,5.9,6.3,1.0,8.4,4.9,None,N/A,1,Moderate,No,0,No,None,N/A,0
4845,40,Female,Japan,Consulting/Agency,Software Engineer,Startup (1–50),2,>$200k,In-person,No,7.9,6.3,0.0,9.9,4.9,5.4,5.9,5.2,2.4,5.4,7.1,None,N/A,0,Difficult,Yes,0,Yes,None,N/A,0
4846,35,Non-binary,Spain,Big Tech,Frontend Developer,Medium (201–1 000),0,$75k–$100k,Remote,No,6.1,8.3,5.9,5.3,6.8,4.8,7.9,6.8,4.8,5.2,7.8,None,N/A,0,Moderate,No,0,No,None,N/A,0
4847,18,Female,Canada,Government/Public sector,Data Scientist,Large (1 001–5 000),8,$150k–$200k,In-person,Yes,6.7,7.8,9.7,8.5,3.3,3.2,8.5,10.0,4.8,6.8,6.9,None,N/A,0,Moderate,No,0,No,None,N/A,0
4848,28,Female,USA,SaaS/Software,Frontend Developer,Large (1 001–5 000),5,$100k–$150k,Remote,Yes,6.5,7.6,0.0,7.6,5.4,5.7,8.4,9.1,3.1,4.2,6.1,None,N/A,1,Easy,No,0,No,None,N/A,0
4849,27,Female,USA,Gaming,ML/AI Engineer,Large (1 001–5 000),2,$100k–$150k,Hybrid,No,3.4,7.4,1.1,6.6,6.1,8.5,10.0,5.3,1.0,2.7,9.7,Anxiety,Formally diagnosed,1,Easy,Yes,0,No,>2 weeks,Partially,1
4850,35,Prefer not to say,Australia,FinTech,Full-Stack Developer,Large (1 001–5 000),0,$150k–$200k,Hybrid,Was already remote,6.6,5.5,0.2,5.2,8.6,3.1,6.7,2.4,1.5,7.4,5.1,None,N/A,1,Moderate,Yes,1,No,None,N/A,0
4851,18,Male,USA,Government/Public sector,Mobile Developer,Startup (1–50),4,$50k–$75k,Hybrid,Was already remote,8.1,5.9,4.8,5.9,9.0,6.4,6.7,2.9,1.8,7.7,4.1,Anxiety & Depression,Formally diagnosed,0,Moderate,No,0,No,None,Yes,1
4852,51,Female,Spain,Gaming,Product Manager,Enterprise (5 000+),2,>$200k,Hybrid,Was already remote,5.9,5.2,6.2,8.0,6.9,6.2,9.9,2.7,3.8,5.2,4.7,Depression,Formally diagnosed,0,Moderate,Yes,0,Yes,1–3 days,No,1
4853,35,Male,Australia,Big Tech,Frontend Developer,Enterprise (5 000+),1,$100k–$150k,Hybrid,Yes,7.3,6.2,1.2,5.1,5.7,1.4,4.4,5.1,4.8,5.7,5.8,None,N/A,0,Easy,Yes,0,No,None,N/A,0
4854,33,Female,India,Consulting/Agency,Backend Developer,Medium (201–1 000),7,$75k–$100k,Hybrid,Was already remote,6.9,5.4,11.7,8.0,8.3,4.8,10.0,5.5,1.9,6.4,7.6,Depression,Self-reported,1,Moderate,Yes,0,Yes,1–3 days,No,1
4855,40,Female,Germany,Consulting/Agency,Mobile Developer,Small (51–200),2,$75k–$100k,Hybrid,No,7.2,6.3,0.4,5.2,7.8,4.5,5.3,5.1,4.3,6.4,4.6,None,N/A,0,Difficult,No,0,Yes,None,N/A,0
4856,49,Male,USA,SaaS/Software,Security Engineer,Medium (201–1 000),0,$150k–$200k,Hybrid,Yes,4.1,6.9,2.9,5.5,6.7,7.3,8.2,2.4,1.0,3.9,10.0,None,N/A,0,No access,Yes,0,No,None,N/A,0
4857,38,Male,Mexico,AI/ML startup,Data Scientist,Medium (201–1 000),3,$100k–$150k,In-person,Was already remote,6.7,5.4,19.1,6.5,7.5,4.3,6.1,5.9,2.5,7.2,6.2,None,N/A,0,Easy,Yes,0,No,None,N/A,0
4858,39,Female,India,Big Tech,Cloud Architect,Small (51–200),9,$150k–$200k,Hybrid,No,9.1,6.5,5.0,3.7,5.1,4.3,6.8,8.3,4.2,8.0,5.1,Anxiety,Self-reported,1,Moderate,Yes,1,No,1–3 days,Yes,1
4859,32,Male,Argentina,Government/Public sector,Software Engineer,Large (1 001–5 000),10,$75k–$100k,Remote,No,6.0,5.2,2.1,5.8,3.1,5.3,8.1,9.3,3.0,4.2,7.5,None,N/A,0,Moderate,No,0,No,None,N/A,0
4860,30,Male,Germany,HealthTech,Frontend Developer,Large (1 001–5 000),10,$50k–$75k,Hybrid,No,5.5,9.6,0.3,8.1,7.6,7.1,8.8,7.4,1.0,3.1,6.2,ADHD,Self-reported,1,Difficult,Don't know,0,No,1–3 days,Yes,1
4861,28,Female,France,Cybersecurity,CTO/VP Engineering,Large (1 001–5 000),3,$150k–$200k,Hybrid,Was already remote,7.5,7.6,7.5,4.8,5.4,3.2,7.3,6.2,4.3,7.5,6.9,None,N/A,0,Moderate,Don't know,0,No,None,N/A,0
4862,25,Male,USA,HealthTech,QA/Test Engineer,Startup (1–50),8,$75k–$100k,Hybrid,Was already remote,7.7,4.9,2.0,8.0,6.0,4.6,6.3,4.1,1.0,7.2,5.7,None,N/A,0,Easy,Yes,0,No,None,N/A,0
4863,26,Male,India,Consulting/Agency,QA/Test Engineer,Small (51–200),10,$75k–$100k,Hybrid,Yes,8.2,6.4,0.4,4.8,6.2,4.3,7.1,7.7,2.0,7.6,3.6,None,N/A,0,Moderate,Yes,0,No,None,N/A,0
4864,21,Non-binary,Netherlands,HealthTech,Data Scientist,Large (1 001–5 000),3,$75k–$100k,In-person,Was already remote,5.8,6.5,1.9,9.4,7.8,4.9,9.1,2.8,1.0,5.7,7.2,Anxiety & Burnout,Self-reported,0,Difficult,No,0,Yes,None,No,1
4865,31,Male,Netherlands,FinTech,ML/AI Engineer,Enterprise (5 000+),2,$50k–$75k,Hybrid,Was already remote,7.0,6.2,0.8,10.0,4.6,3.8,6.7,4.8,3.8,6.6,4.8,None,N/A,1,Easy,No,0,No,None,N/A,0
4866,19,Male,Netherlands,Consulting/Agency,DevOps/SRE,Medium (201–1 000),6,$100k–$150k,Hybrid,No,9.5,5.3,1.5,3.5,3.0,4.4,6.1,4.1,5.3,7.9,1.7,Depression & Burnout,Self-reported,1,Easy,Yes,1,No,4–7 days,Partially,1
4867,33,Female,USA,Big Tech,ML/AI Engineer,Large (1 001–5 000),12,$75k–$100k,Hybrid,Yes,4.5,7.9,1.2,4.5,6.4,5.6,8.4,7.4,1.2,5.7,6.5,Anxiety,Formally diagnosed,1,No access,Yes,1,Yes,1–3 days,No,1
4868,31,Female,New Zealand,Big Tech,Data Scientist,Startup (1–50),19,>$200k,In-person,No,3.5,6.3,2.5,7.9,8.3,4.9,9.5,7.5,2.0,3.5,8.1,None,N/A,0,Easy,Yes,0,Yes,None,N/A,0
4869,33,Non-binary,Argentina,FinTech,ML/AI Engineer,Large (1 001–5 000),1,$100k–$150k,In-person,Was already remote,7.4,7.5,1.3,6.5,3.1,4.7,7.0,5.0,4.8,5.8,5.7,None,N/A,0,Difficult,No,0,No,None,N/A,0
4870,28,Non-binary,USA,Cybersecurity,Engineering Manager,Enterprise (5 000+),17,$150k–$200k,In-person,No,6.8,8.1,2.9,4.9,6.3,5.6,8.8,6.1,6.4,6.4,5.3,None,N/A,0,Difficult,No,0,Yes,None,N/A,0
4871,55,Female,Mexico,Gaming,QA/Test Engineer,Large (1 001–5 000),3,$75k–$100k,Remote,Yes,5.3,5.8,0.0,4.9,6.5,5.8,6.6,8.3,3.7,8.0,4.5,Depression & Burnout,Formally diagnosed,0,Easy,Don't know,0,Yes,1–2 weeks,No,1
4872,42,Male,USA,FinTech,Full-Stack Developer,Enterprise (5 000+),2,$100k–$150k,Remote,Yes,4.8,7.8,3.2,5.7,9.5,5.3,7.9,4.8,3.4,4.4,6.9,Anxiety,Self-reported,1,Moderate,Don't know,0,No,1–2 weeks,Yes,1
4873,22,Male,Australia,Gaming,DevOps/SRE,Medium (201–1 000),24,$100k–$150k,Remote,Was already remote,5.9,7.4,2.9,5.7,7.0,5.4,7.2,5.1,1.3,3.9,7.0,None,N/A,0,Moderate,No,0,Yes,None,N/A,0
4874,33,Male,UK,E-commerce,QA/Test Engineer,Large (1 001–5 000),11,$50k–$75k,Hybrid,Was already remote,7.8,4.1,1.0,5.5,3.7,5.2,8.4,8.6,4.0,6.7,4.3,None,N/A,0,No access,Yes,0,Yes,None,N/A,0
4875,27,Male,South Africa,Consulting/Agency,Software Engineer,Startup (1–50),6,<$50k,Hybrid,Yes,7.7,8.1,0.2,5.0,6.7,4.2,7.3,6.5,3.9,6.8,5.7,Anxiety,Formally diagnosed,1,Difficult,No,0,Yes,1–3 days,Yes,1
4876,24,Female,USA,SaaS/Software,Security Engineer,Startup (1–50),12,$100k–$150k,Hybrid,No,6.4,6.0,6.0,2.8,6.2,5.1,7.6,7.8,3.0,6.0,5.4,Depression,Self-reported,0,Moderate,Yes,0,Yes,1–2 weeks,Partially,1
4877,21,Female,Canada,Cybersecurity,QA/Test Engineer,Startup (1–50),6,$50k–$75k,In-person,Was already remote,5.1,6.9,1.4,6.4,6.6,4.3,9.9,6.6,1.0,7.5,5.6,None,N/A,0,Easy,Yes,0,Yes,None,N/A,0
4878,35,Male,Canada,AI/ML startup,Security Engineer,Medium (201–1 000),3,<$50k,Remote,Yes,1.5,9.1,2.3,7.5,2.5,7.0,10.0,8.4,1.0,2.7,9.1,None,N/A,0,No access,No,0,No,None,N/A,0
4879,26,Female,UK,Cybersecurity,ML/AI Engineer,Small (51–200),16,$100k–$150k,Remote,Yes,6.8,7.3,1.7,6.6,3.5,5.8,5.9,7.1,1.9,5.6,7.4,Anxiety,Formally diagnosed,0,Easy,Yes,0,No,None,Partially,1
4880,39,Male,India,Gaming,Full-Stack Developer,Large (1 001–5 000),18,$150k–$200k,Remote,No,7.2,6.1,0.5,8.0,3.8,6.3,5.9,5.5,4.4,7.1,4.8,Burnout,Self-reported,1,Difficult,Yes,0,No,4–7 days,No,1
4881,39,Male,USA,E-commerce,DevOps/SRE,Enterprise (5 000+),2,$150k–$200k,Hybrid,No,5.7,7.5,6.0,6.9,9.6,4.8,9.0,6.6,2.0,6.6,3.4,None,N/A,0,No access,Yes,0,Yes,None,N/A,0
4882,42,Female,France,Gaming,Frontend Developer,Large (1 001–5 000),2,$150k–$200k,In-person,Yes,10.0,7.0,1.5,5.9,6.0,2.8,3.6,8.5,3.4,10.0,2.9,Depression & Burnout,Formally diagnosed,1,Moderate,Don't know,0,Yes,None,Partially,1
4883,25,Male,Italy,Consulting/Agency,DevOps/SRE,Small (51–200),2,$50k–$75k,In-person,Was already remote,4.7,6.9,5.0,6.5,4.0,6.1,8.6,5.8,1.0,4.4,7.5,Anxiety,Formally diagnosed,0,Moderate,Yes,0,Yes,4–7 days,No,1
4884,35,Male,Sweden,Gaming,Cloud Architect,Enterprise (5 000+),9,>$200k,In-person,No,8.7,5.2,3.8,5.8,6.4,5.8,7.2,8.3,4.2,7.7,4.1,Burnout,Self-reported,1,Moderate,Don't know,0,Yes,None,No,1
4885,36,Male,Japan,Government/Public sector,QA/Test Engineer,Medium (201–1 000),8,$150k–$200k,Hybrid,No,7.4,6.7,4.8,5.0,6.3,3.0,8.5,6.0,5.0,7.8,6.1,Anxiety,Self-reported,1,Moderate,Don't know,0,No,None,No,1
4886,28,Male,UK,Big Tech,Engineering Manager,Large (1 001–5 000),22,$50k–$75k,Remote,No,5.7,5.8,6.9,2.7,6.8,6.2,5.9,5.7,1.0,7.8,2.5,Anxiety,Self-reported,0,Difficult,Yes,0,No,None,Yes,1
4887,26,Female,UK,AI/ML startup,Frontend Developer,Enterprise (5 000+),3,$150k–$200k,Hybrid,No,3.1,8.4,9.3,7.3,3.7,6.9,8.7,7.9,1.0,3.4,8.4,None,N/A,0,Difficult,Yes,0,Yes,None,N/A,0
4888,44,Non-binary,Germany,E-commerce,Data Scientist,Enterprise (5 000+),7,$100k–$150k,Hybrid,No,8.5,5.1,0.7,5.5,6.4,3.4,5.0,5.0,4.2,9.8,4.0,Anxiety & Burnout,Formally diagnosed,1,Easy,Yes,0,Yes,None,Partially,1
4889,33,Male,USA,Government/Public sector,Data Analyst,Medium (201–1 000),10,<$50k,Hybrid,No,6.1,5.8,1.7,3.3,5.1,6.3,7.3,9.0,5.9,7.4,5.2,Burnout,Self-reported,0,Easy,Yes,0,Yes,None,No,1
4890,36,Male,Mexico,Gaming,QA/Test Engineer,Large (1 001–5 000),1,$50k–$75k,In-person,No,9.2,7.0,0.0,7.0,4.4,1.8,7.0,8.5,2.8,9.5,3.6,Anxiety,Formally diagnosed,0,Moderate,Don't know,0,No,1–3 days,Yes,1
4891,25,Female,USA,AI/ML startup,Backend Developer,Medium (201–1 000),5,$100k–$150k,Remote,No,6.1,6.6,8.8,1.5,8.4,6.6,6.5,4.4,5.6,5.4,6.5,None,N/A,0,Moderate,Yes,0,No,None,N/A,0
4892,22,Non-binary,Ireland,Cybersecurity,CTO/VP Engineering,Medium (201–1 000),4,$100k–$150k,In-person,Was already remote,8.6,6.5,2.1,6.3,8.6,5.1,6.7,8.2,2.6,7.0,6.1,Anxiety & Burnout,Formally diagnosed,0,Moderate,Don't know,0,Yes,1–3 days,Partially,1
4893,27,Male,USA,HealthTech,Mobile Developer,Medium (201–1 000),7,>$200k,Remote,Was already remote,3.4,7.9,4.8,7.8,6.4,7.9,8.6,8.1,3.4,3.6,8.8,None,N/A,0,Difficult,Yes,0,No,None,N/A,0
4894,31,Male,Brazil,Government/Public sector,Mobile Developer,Medium (201–1 000),6,$75k–$100k,Hybrid,Was already remote,3.6,6.3,2.4,7.9,4.8,5.8,6.7,6.3,1.0,3.3,5.4,None,N/A,0,Easy,Yes,0,No,None,N/A,0
4895,24,Female,USA,HealthTech,CTO/VP Engineering,Medium (201–1 000),9,$100k–$150k,Hybrid,Yes,5.3,6.2,2.2,3.1,6.1,5.7,7.7,6.7,3.2,6.4,7.1,None,N/A,0,Moderate,No,0,No,None,N/A,0
4896,31,Female,USA,FinTech,Security Engineer,Large (1 001–5 000),2,$75k–$100k,Remote,Yes,2.1,9.1,3.6,5.9,1.0,9.0,10.0,3.9,2.5,3.2,8.3,None,N/A,0,Easy,No,1,No,None,N/A,0
4897,19,Male,France,HealthTech,QA/Test Engineer,Small (51–200),1,$100k–$150k,Remote,Was already remote,6.6,7.2,5.1,6.4,8.9,5.3,8.8,8.5,1.0,6.3,5.4,None,N/A,0,Moderate,Yes,0,Yes,None,N/A,0
4898,23,Female,USA,Government/Public sector,Data Scientist,Large (1 001–5 000),8,>$200k,Hybrid,Yes,4.6,6.5,3.4,5.8,9.1,6.4,10.0,5.1,1.0,5.2,7.2,ADHD,Formally diagnosed,1,Moderate,Yes,1,Yes,1–3 days,Yes,1
4899,37,Male,France,SaaS/Software,DevOps/SRE,Large (1 001–5 000),2,$100k–$150k,Hybrid,Yes,7.4,6.6,5.2,9.6,9.0,4.6,7.0,2.8,4.0,6.3,7.2,None,N/A,0,Easy,Yes,0,No,None,N/A,0
4900,36,Male,Germany,Consulting/Agency,Software Engineer,Enterprise (5 000+),1,$100k–$150k,Hybrid,No,2.5,7.1,1.6,9.2,4.2,7.1,7.6,5.5,2.7,3.8,6.2,None,N/A,0,Moderate,Yes,0,Yes,None,N/A,0
4901,29,Male,USA,FinTech,CTO/VP Engineering,Small (51–200),2,$150k–$200k,In-person,Was already remote,8.1,7.1,0.0,6.2,5.9,2.8,6.2,4.9,5.6,7.4,4.7,Depression,Formally diagnosed,1,Moderate,Yes,1,Yes,None,Yes,1
4902,24,Female,Mexico,HealthTech,Frontend Developer,Enterprise (5 000+),0,$50k–$75k,Hybrid,Was already remote,6.2,6.7,0.5,8.5,8.4,4.6,6.5,6.9,3.6,5.0,7.1,Other,Formally diagnosed,1,Moderate,Yes,1,No,None,Partially,1
4903,24,Male,Canada,Gaming,Backend Developer,Enterprise (5 000+),8,>$200k,Remote,No,7.6,6.1,0.0,5.2,3.0,6.4,6.8,9.1,4.4,6.5,4.5,Burnout,Self-reported,0,Easy,Yes,0,Yes,>2 weeks,Yes,1
4904,29,Male,France,Government/Public sector,Data Analyst,Large (1 001–5 000),6,$100k–$150k,Remote,Was already remote,5.7,5.5,0.5,7.1,6.3,6.2,7.5,7.1,2.2,5.9,6.0,None,N/A,0,No access,Yes,0,Yes,None,N/A,0
4905,36,Male,Canada,E-commerce,Data Scientist,Large (1 001–5 000),4,$100k–$150k,In-person,No,3.0,8.0,1.0,5.8,5.0,8.5,10.0,7.9,1.6,1.9,7.7,None,N/A,0,Difficult,Yes,0,Yes,None,N/A,0
4906,38,Female,India,Gaming,Data Analyst,Medium (201–1 000),6,$150k–$200k,Hybrid,No,8.4,5.7,1.2,9.3,1.6,6.4,4.5,10.0,3.4,5.1,6.8,Burnout,Formally diagnosed,1,Difficult,Yes,1,Yes,4–7 days,Yes,1
4907,28,Male,USA,Cybersecurity,CTO/VP Engineering,Enterprise (5 000+),2,$100k–$150k,In-person,Yes,7.3,7.4,0.0,8.1,7.0,7.2,7.6,6.0,1.0,3.8,7.3,None,N/A,0,Moderate,Yes,0,Yes,None,N/A,0
4908,23,Male,USA,Gaming,Product Manager,Large (1 001–5 000),1,$100k–$150k,Remote,Yes,7.7,4.3,1.1,7.4,6.3,5.9,5.4,2.8,3.5,6.4,4.9,Depression,Formally diagnosed,1,Moderate,Yes,0,No,1–2 weeks,Partially,1
4909,34,Male,Germany,Government/Public sector,Cloud Architect,Small (51–200),10,$150k–$200k,Hybrid,Was already remote,6.2,6.0,20.0,7.9,6.1,4.5,8.4,4.8,2.8,6.0,5.7,None,N/A,0,Difficult,No,0,No,None,N/A,0
4910,25,Female,Canada,SaaS/Software,Backend Developer,Medium (201–1 000),3,<$50k,Hybrid,Yes,9.3,6.5,1.2,4.1,3.7,2.0,7.4,7.1,4.6,7.2,5.3,Anxiety,Formally diagnosed,1,No access,No,0,No,4–7 days,No,1
4911,28,Male,UK,Cybersecurity,Cloud Architect,Large (1 001–5 000),1,$75k–$100k,In-person,No,10.0,5.7,7.6,5.1,8.2,3.7,7.5,4.8,1.5,10.0,1.1,Anxiety & Burnout,Self-reported,0,No access,Yes,0,Yes,None,Partially,1
4912,41,Male,Australia,Consulting/Agency,Backend Developer,Small (51–200),7,>$200k,Hybrid,Was already remote,8.5,5.4,3.3,5.6,6.7,4.3,5.2,8.0,4.4,3.1,7.2,None,N/A,0,Moderate,Yes,0,Yes,None,N/A,0
4913,38,Male,Australia,HealthTech,CTO/VP Engineering,Large (1 001–5 000),2,$75k–$100k,In-person,Yes,3.5,8.4,8.3,8.5,6.8,6.0,10.0,4.4,1.0,4.3,7.6,Other,Self-reported,1,No access,No,0,Yes,1–2 weeks,No,1
4914,33,Female,USA,FinTech,Product Manager,Small (51–200),1,$100k–$150k,Remote,Yes,6.5,7.5,3.0,6.1,7.8,5.0,6.5,4.4,3.6,4.1,7.1,Depression,Self-reported,1,Difficult,Don't know,0,No,None,Partially,1
4915,22,Female,UK,Cybersecurity,Backend Developer,Medium (201–1 000),0,$50k–$75k,Hybrid,Was already remote,4.8,6.0,5.9,6.0,7.1,3.8,8.9,4.1,4.9,5.2,4.3,Depression,Self-reported,0,Moderate,Yes,0,Yes,1–3 days,Partially,1
4916,33,Female,UK,HealthTech,Engineering Manager,Large (1 001–5 000),19,$75k–$100k,Remote,Yes,3.6,6.9,1.7,5.2,4.6,6.5,7.8,10.0,2.3,4.5,7.6,Anxiety,Formally diagnosed,1,No access,Yes,1,Yes,1–2 weeks,No,1
4917,39,Female,USA,E-commerce,QA/Test Engineer,Enterprise (5 000+),3,$150k–$200k,Hybrid,No,5.8,5.6,1.4,6.0,6.9,5.5,8.0,6.1,1.8,4.5,5.8,None,N/A,1,Moderate,Yes,1,Yes,None,N/A,0
4918,29,Non-binary,USA,Cybersecurity,CTO/VP Engineering,Large (1 001–5 000),0,$100k–$150k,In-person,Yes,8.1,5.9,10.4,3.7,6.1,1.8,7.2,5.9,1.9,8.1,5.4,Burnout,Self-reported,0,No access,Yes,0,No,>2 weeks,Partially,1
4919,42,Male,USA,Cybersecurity,CTO/VP Engineering,Large (1 001–5 000),7,$75k–$100k,Hybrid,No,5.2,6.5,1.0,8.3,6.0,5.1,10.0,8.0,2.7,3.5,9.0,None,N/A,1,Easy,Yes,0,No,None,N/A,0
4920,41,Non-binary,Argentina,FinTech,Product Manager,Enterprise (5 000+),12,>$200k,Hybrid,Yes,5.0,6.3,1.9,7.1,7.1,4.5,5.5,7.7,2.5,5.5,8.2,Depression & Burnout,Not sure / undiagnosed,1,Moderate,Don't know,0,Yes,1–3 days,No,1
4921,44,Male,France,HealthTech,Mobile Developer,Medium (201–1 000),4,$150k–$200k,In-person,Yes,5.5,7.5,3.6,6.5,3.9,7.2,10.0,9.1,2.1,4.0,5.6,None,N/A,0,Difficult,No,0,No,None,N/A,0
4922,34,Male,USA,Consulting/Agency,Engineering Manager,Large (1 001–5 000),0,$75k–$100k,In-person,Yes,9.8,6.6,0.4,5.7,1.0,4.0,5.0,9.9,3.6,10.0,3.3,Burnout,Formally diagnosed,1,Moderate,Yes,1,Yes,None,No,1
4923,36,Female,USA,FinTech,Cloud Architect,Small (51–200),2,$100k–$150k,Hybrid,Yes,6.9,7.7,0.0,4.9,5.2,5.3,6.2,8.7,3.2,7.5,4.3,Anxiety,Self-reported,0,Moderate,Yes,0,Yes,None,No,1
4924,42,Male,France,HealthTech,DevOps/SRE,Large (1 001–5 000),1,$150k–$200k,Remote,No,4.7,7.3,5.6,7.2,2.6,5.7,7.0,7.4,1.4,6.1,4.9,Anxiety,Formally diagnosed,0,Moderate,Yes,0,No,1–3 days,No,1
4925,35,Male,Canada,Consulting/Agency,Product Manager,Small (51–200),5,<$50k,Remote,Yes,9.1,4.1,0.3,4.3,5.1,6.2,9.5,5.7,3.0,9.6,4.1,Anxiety & Burnout,Self-reported,0,Easy,Yes,0,No,None,Yes,1
4926,28,Male,Sweden,E-commerce,Security Engineer,Enterprise (5 000+),4,$100k–$150k,Hybrid,No,6.2,6.5,0.6,4.9,2.5,4.2,7.8,8.2,2.2,5.1,6.8,Depression,Formally diagnosed,0,Easy,No,0,No,None,No,1
4927,28,Female,Spain,SaaS/Software,DevOps/SRE,Small (51–200),2,$75k–$100k,Remote,Yes,4.5,7.8,2.6,6.8,6.0,9.5,7.8,8.8,3.4,3.0,9.3,None,N/A,0,No access,No,0,No,None,N/A,0
4928,33,Male,India,FinTech,Software Engineer,Small (51–200),5,<$50k,Remote,No,5.1,6.9,0.0,5.6,5.7,9.1,7.0,5.9,1.0,5.9,6.8,None,N/A,0,Moderate,No,0,Yes,None,N/A,0
4929,22,Female,USA,HealthTech,ML/AI Engineer,Startup (1–50),4,>$200k,Hybrid,Was already remote,4.5,7.8,7.1,1.2,5.7,8.8,8.2,6.1,4.0,4.5,5.3,Burnout,Formally diagnosed,1,Moderate,Yes,0,No,4–7 days,No,1
4930,30,Female,Sweden,Consulting/Agency,Backend Developer,Small (51–200),13,$150k–$200k,Hybrid,Yes,5.8,7.9,0.8,7.2,7.0,6.3,5.1,8.7,2.9,5.5,6.5,None,N/A,0,Difficult,Yes,0,Yes,None,N/A,0
4931,40,Female,Poland,Consulting/Agency,Frontend Developer,Medium (201–1 000),4,$50k–$75k,Hybrid,No,5.9,5.0,8.7,5.9,8.1,5.4,7.7,1.5,2.6,6.1,8.2,Anxiety,Self-reported,1,No access,No,0,No,1–2 weeks,Partially,1
4932,18,Male,Germany,Cybersecurity,Security Engineer,Medium (201–1 000),3,$150k–$200k,Hybrid,No,6.4,7.2,3.6,3.8,4.7,5.2,8.2,7.6,3.3,7.7,6.3,Burnout,Formally diagnosed,1,Moderate,Yes,0,Yes,None,Yes,1
4933,43,Non-binary,Australia,Cybersecurity,CTO/VP Engineering,Enterprise (5 000+),9,$50k–$75k,Remote,Was already remote,5.0,7.2,2.8,5.9,6.3,5.8,7.7,5.2,2.6,5.5,4.7,Anxiety & Burnout,Formally diagnosed,0,Moderate,Yes,0,Yes,>2 weeks,No,1
4934,40,Male,UK,HealthTech,Frontend Developer,Medium (201–1 000),1,$100k–$150k,Hybrid,Was already remote,7.1,8.2,5.2,7.8,6.4,6.1,8.8,5.1,1.9,5.2,7.0,Burnout,Self-reported,0,Easy,Don't know,0,Yes,4–7 days,No,1
4935,28,Male,UK,Gaming,Cloud Architect,Small (51–200),1,$150k–$200k,Hybrid,No,8.9,5.3,16.4,7.9,3.0,3.9,5.5,5.1,1.7,8.8,5.7,None,N/A,0,Difficult,Yes,0,No,None,N/A,0
4936,36,Male,France,E-commerce,ML/AI Engineer,Large (1 001–5 000),8,$100k–$150k,Remote,Yes,4.9,8.1,1.0,6.4,7.7,7.5,7.8,3.5,3.5,3.3,8.0,Depression,Formally diagnosed,0,Easy,No,0,Yes,>2 weeks,Yes,1
4937,32,Female,Mexico,Government/Public sector,Full-Stack Developer,Startup (1–50),3,$150k–$200k,Hybrid,No,8.3,6.0,0.6,6.1,4.1,4.1,5.2,6.0,2.1,6.6,6.5,Depression & Burnout,Formally diagnosed,1,Moderate,No,0,Yes,None,No,1
4938,41,Male,India,Government/Public sector,CTO/VP Engineering,Enterprise (5 000+),2,$100k–$150k,In-person,No,6.4,6.7,1.9,6.5,4.4,6.2,9.1,7.9,3.8,4.0,7.0,None,N/A,0,Difficult,Don't know,0,No,None,N/A,0
4939,39,Male,Sweden,Consulting/Agency,QA/Test Engineer,Medium (201–1 000),11,$100k–$150k,Hybrid,Yes,5.7,6.7,2.5,6.7,5.3,6.8,6.5,5.0,3.7,5.2,6.4,None,N/A,0,Moderate,No,0,No,None,N/A,0
4940,21,Male,USA,Consulting/Agency,Backend Developer,Large (1 001–5 000),5,>$200k,Hybrid,Yes,7.3,8.2,2.2,7.5,3.8,5.1,9.3,6.7,1.4,6.8,2.7,Anxiety & Burnout,Self-reported,0,Moderate,Yes,0,Yes,1–2 weeks,Partially,1
4941,36,Male,USA,SaaS/Software,Backend Developer,Small (51–200),8,<$50k,In-person,No,6.9,5.4,2.3,7.6,4.2,3.7,6.3,4.3,4.1,6.4,7.6,Burnout,Self-reported,1,Difficult,Yes,0,Yes,1–3 days,No,1
4942,30,Female,Germany,Big Tech,ML/AI Engineer,Startup (1–50),9,$100k–$150k,In-person,Was already remote,7.2,6.6,5.6,8.6,6.9,2.8,8.2,3.0,1.0,6.0,6.9,Anxiety,Not sure / undiagnosed,1,Moderate,Yes,1,Yes,None,No,1
4943,32,Female,USA,Consulting/Agency,DevOps/SRE,Large (1 001–5 000),0,$100k–$150k,Remote,Was already remote,4.8,8.1,1.9,10.0,3.5,7.2,7.2,1.0,3.2,2.8,7.0,None,N/A,0,No access,Yes,0,Yes,None,N/A,0
4944,26,Female,India,Gaming,Engineering Manager,Medium (201–1 000),5,$150k–$200k,In-person,No,4.2,9.2,0.3,10.0,7.7,4.6,6.8,6.9,1.0,5.0,8.6,ADHD,Formally diagnosed,0,Difficult,Don't know,0,No,None,Yes,1
4945,45,Male,USA,E-commerce,QA/Test Engineer,Enterprise (5 000+),16,$100k–$150k,Remote,Was already remote,2.2,6.3,8.1,6.3,4.0,6.5,9.7,8.2,2.7,4.5,6.7,ADHD,Formally diagnosed,1,Difficult,Don't know,0,Yes,None,Partially,1
4946,39,Male,Sweden,Government/Public sector,Data Scientist,Medium (201–1 000),3,$150k–$200k,Hybrid,No,6.7,7.5,3.3,5.5,7.5,5.3,5.4,7.3,3.8,6.8,5.4,None,N/A,0,Easy,Yes,0,Yes,None,N/A,0
4947,26,Prefer not to say,Sweden,E-commerce,Security Engineer,Large (1 001–5 000),7,$100k–$150k,Hybrid,No,4.4,6.7,0.9,6.9,6.7,4.8,10.0,4.1,3.0,4.7,7.2,None,N/A,0,Difficult,Yes,0,No,None,N/A,0
4948,21,Male,Canada,FinTech,Security Engineer,Enterprise (5 000+),4,$75k–$100k,Hybrid,Was already remote,5.0,7.8,0.1,6.6,3.8,6.4,8.6,9.3,1.0,7.4,3.5,None,N/A,0,Easy,Yes,0,Yes,None,N/A,0
4949,29,Female,USA,Consulting/Agency,Cloud Architect,Small (51–200),1,>$200k,In-person,Yes,5.8,5.9,1.1,6.4,4.0,4.7,7.8,7.8,6.4,5.4,6.4,None,N/A,0,Easy,No,0,Yes,None,N/A,0
4950,35,Male,India,Gaming,Security Engineer,Large (1 001–5 000),1,$100k–$150k,Remote,Yes,3.8,8.5,0.8,5.8,7.0,7.4,5.1,8.4,3.5,4.9,5.8,None,N/A,0,No access,Yes,0,No,None,N/A,0
4951,33,Non-binary,Argentina,HealthTech,Frontend Developer,Startup (1–50),3,$100k–$150k,In-person,Was already remote,8.6,5.6,6.9,8.4,8.0,6.5,7.0,8.3,4.9,6.8,5.2,ADHD,Self-reported,1,Easy,Yes,1,Yes,4–7 days,No,1
4952,41,Male,India,Cybersecurity,Data Scientist,Large (1 001–5 000),3,$150k–$200k,Remote,Was already remote,5.5,7.8,1.0,8.8,6.0,6.5,9.1,7.7,3.7,4.9,7.5,None,N/A,0,Difficult,Yes,0,No,None,N/A,0
4953,37,Male,USA,Consulting/Agency,Cloud Architect,Large (1 001–5 000),3,$100k–$150k,Remote,Was already remote,7.0,6.3,3.7,7.6,8.2,5.5,6.4,6.0,3.5,5.3,3.5,Depression & Burnout,Formally diagnosed,1,Easy,Yes,1,No,1–3 days,Partially,1
4954,39,Female,USA,Consulting/Agency,Product Manager,Medium (201–1 000),17,$100k–$150k,Hybrid,Yes,7.6,4.7,3.0,7.3,8.3,6.5,6.9,5.0,3.6,4.4,4.9,Anxiety & Burnout,Not sure / undiagnosed,1,No access,No,0,No,1–2 weeks,No,1
4955,34,Female,UK,Gaming,Security Engineer,Small (51–200),0,$150k–$200k,Hybrid,No,2.8,7.6,5.0,5.9,4.1,7.9,9.7,7.4,3.1,2.4,7.4,None,N/A,0,Easy,No,0,No,None,N/A,0
4956,21,Male,USA,Big Tech,DevOps/SRE,Large (1 001–5 000),2,$150k–$200k,Hybrid,No,5.4,5.6,2.5,7.8,8.5,4.6,10.0,5.4,2.0,5.5,7.9,None,N/A,0,Easy,Yes,1,No,None,N/A,0
4957,30,Female,Brazil,E-commerce,Full-Stack Developer,Enterprise (5 000+),3,$100k–$150k,Remote,Yes,7.5,5.9,3.9,7.1,7.2,7.6,5.3,6.9,2.1,8.1,4.4,Anxiety & Depression,Formally diagnosed,0,Difficult,Yes,0,No,1–2 weeks,No,1
4958,39,Female,Japan,Gaming,Mobile Developer,Enterprise (5 000+),18,$75k–$100k,Hybrid,No,4.2,10.0,2.7,7.9,4.2,5.3,10.0,6.6,3.3,4.6,5.9,Anxiety,Formally diagnosed,1,Difficult,Yes,1,No,None,Yes,1
4959,31,Male,USA,AI/ML startup,Mobile Developer,Large (1 001–5 000),3,>$200k,Remote,No,6.6,6.8,1.2,6.7,4.7,5.0,8.6,5.5,2.4,5.9,6.0,Anxiety,Self-reported,1,Difficult,No,0,No,1–3 days,No,1
4960,35,Male,UK,AI/ML startup,CTO/VP Engineering,Small (51–200),8,$100k–$150k,Remote,Yes,4.4,7.0,7.0,6.0,8.2,8.5,6.4,6.9,1.7,4.8,6.3,None,N/A,0,Difficult,Don't know,0,No,None,N/A,0
4961,29,Male,USA,AI/ML startup,Data Scientist,Enterprise (5 000+),7,$75k–$100k,Hybrid,Was already remote,6.7,5.0,1.7,6.8,8.9,7.2,4.6,7.2,1.0,5.6,2.3,Anxiety & Burnout,Self-reported,1,Difficult,Yes,1,No,None,Yes,1
4962,24,Male,Spain,Big Tech,Frontend Developer,Enterprise (5 000+),4,$100k–$150k,Remote,No,5.0,4.7,2.9,9.1,5.5,6.3,6.8,6.1,2.9,6.3,6.5,None,N/A,0,Moderate,Don't know,0,Yes,None,N/A,0
4963,31,Female,Canada,Gaming,Mobile Developer,Medium (201–1 000),0,<$50k,Remote,No,6.2,5.6,1.9,4.7,10.0,7.0,7.0,2.3,3.1,8.7,3.7,None,N/A,0,Moderate,No,0,Yes,None,N/A,0
4964,34,Male,India,SaaS/Software,Frontend Developer,Small (51–200),1,$150k–$200k,In-person,No,8.3,5.4,4.3,7.0,9.0,3.4,4.7,6.3,4.3,5.8,5.4,None,N/A,0,Moderate,Don't know,0,No,None,N/A,0
4965,27,Male,UK,Consulting/Agency,Frontend Developer,Enterprise (5 000+),1,$50k–$75k,Remote,Was already remote,7.3,5.3,2.1,5.3,7.3,6.6,7.7,5.5,3.5,6.7,6.8,Burnout,Self-reported,1,Difficult,Yes,1,No,1–2 weeks,Yes,1
4966,30,Male,India,Consulting/Agency,Software Engineer,Enterprise (5 000+),0,$50k–$75k,Remote,No,4.7,6.1,2.3,6.3,7.1,4.8,6.6,4.3,3.8,5.4,7.4,None,N/A,0,Moderate,No,0,Yes,None,N/A,0
4967,24,Female,UK,AI/ML startup,Backend Developer,Startup (1–50),2,>$200k,Hybrid,No,7.0,4.7,0.5,3.8,7.1,7.0,8.1,9.8,4.1,6.4,6.4,Anxiety,Formally diagnosed,0,Moderate,Yes,0,No,1–2 weeks,Yes,1
4968,40,Male,UK,Cybersecurity,Data Scientist,Enterprise (5 000+),5,$150k–$200k,Hybrid,Yes,6.7,6.0,8.0,10.0,2.8,5.2,6.9,5.1,3.7,7.8,4.9,None,N/A,0,Moderate,Don't know,0,No,None,N/A,0
4969,29,Male,India,Gaming,CTO/VP Engineering,Medium (201–1 000),0,$75k–$100k,Hybrid,No,8.1,4.1,6.1,6.1,4.7,3.6,6.4,8.8,4.7,7.7,4.2,Anxiety,Self-reported,1,Easy,Don't know,0,No,None,No,1
4970,42,Male,India,Gaming,CTO/VP Engineering,Enterprise (5 000+),1,$75k–$100k,Remote,Yes,6.2,6.7,1.6,4.9,5.8,6.4,9.3,6.5,3.7,3.3,7.6,None,N/A,0,Moderate,Don't know,0,Yes,None,N/A,0
4971,43,Non-binary,USA,HealthTech,Product Manager,Medium (201–1 000),6,$150k–$200k,Hybrid,No,6.1,5.4,3.5,9.5,5.2,3.8,9.3,6.2,1.5,8.0,5.5,Anxiety,Formally diagnosed,0,Difficult,Don't know,0,Yes,None,Yes,1
4972,31,Male,USA,Government/Public sector,Data Scientist,Medium (201–1 000),1,>$200k,Hybrid,Yes,7.4,6.0,1.8,5.6,7.2,5.8,8.2,7.5,5.3,7.9,4.0,Burnout,Formally diagnosed,1,Easy,Don't know,0,Yes,1–3 days,Partially,1
4973,24,Female,UK,SaaS/Software,Mobile Developer,Small (51–200),0,$100k–$150k,Remote,No,7.5,6.7,0.0,6.7,6.3,6.1,5.3,9.7,2.2,5.7,5.8,None,N/A,0,Easy,Don't know,0,No,None,N/A,0
4974,18,Male,UK,Cybersecurity,Product Manager,Enterprise (5 000+),20,$100k–$150k,In-person,No,10.0,4.5,0.3,5.3,7.1,4.5,4.2,6.5,3.7,8.2,4.6,Anxiety & Burnout,Formally diagnosed,1,Moderate,Don't know,0,Yes,1–2 weeks,Partially,1
4975,20,Male,India,Big Tech,Frontend Developer,Medium (201–1 000),0,$75k–$100k,In-person,No,8.8,4.6,5.7,3.0,5.5,3.7,5.6,5.6,3.6,7.0,5.2,Anxiety,Self-reported,1,Difficult,Yes,0,No,1–2 weeks,No,1
4976,21,Male,Spain,FinTech,QA/Test Engineer,Large (1 001–5 000),2,$100k–$150k,Hybrid,Yes,6.0,6.8,5.3,6.6,8.6,3.8,10.0,7.6,4.8,7.8,5.3,Depression & Burnout,Formally diagnosed,1,Moderate,No,0,No,None,No,1
4977,42,Male,USA,Big Tech,Mobile Developer,Startup (1–50),0,$75k–$100k,Hybrid,No,5.9,5.5,0.1,7.2,6.4,5.1,5.9,8.4,1.0,5.8,8.0,Anxiety & Burnout,Self-reported,1,Easy,Yes,0,Yes,1–2 weeks,No,1
4978,32,Non-binary,USA,Big Tech,CTO/VP Engineering,Large (1 001–5 000),10,$150k–$200k,Hybrid,Was already remote,4.7,6.1,0.4,9.4,5.5,4.1,9.3,7.4,1.6,6.8,3.9,None,N/A,0,Easy,Yes,0,No,None,N/A,0
4979,34,Non-binary,USA,Government/Public sector,Security Engineer,Medium (201–1 000),4,$75k–$100k,In-person,Yes,3.3,6.6,7.2,7.6,7.3,7.5,6.8,8.1,1.2,3.4,5.9,None,N/A,0,Moderate,No,0,No,None,N/A,0
4980,18,Female,Canada,Big Tech,Product Manager,Startup (1–50),0,$100k–$150k,Remote,Yes,6.2,7.8,7.7,6.5,7.5,5.0,8.6,8.4,1.6,7.5,9.2,Anxiety,Not sure / undiagnosed,1,No access,Yes,1,No,4–7 days,Partially,1
4981,23,Female,Canada,Government/Public sector,DevOps/SRE,Small (51–200),5,$50k–$75k,Remote,Yes,2.2,9.3,2.0,5.4,6.1,5.3,8.3,8.5,1.0,5.8,6.8,None,N/A,0,Difficult,Don't know,0,Yes,None,N/A,0
4982,38,Male,France,HealthTech,Backend Developer,Small (51–200),0,$50k–$75k,In-person,Yes,9.6,4.7,0.2,7.5,2.9,4.3,6.9,6.4,5.2,7.0,5.2,Burnout,Formally diagnosed,0,Moderate,Yes,0,Yes,1–3 days,No,1
4983,34,Male,USA,Government/Public sector,Cloud Architect,Large (1 001–5 000),3,<$50k,In-person,Was already remote,4.6,5.7,1.6,9.4,7.9,8.3,7.0,9.0,2.7,2.2,8.1,Anxiety,Self-reported,1,No access,No,0,No,1–2 weeks,No,1
4984,30,Non-binary,India,Big Tech,Engineering Manager,Medium (201–1 000),6,$75k–$100k,Hybrid,No,8.3,4.4,0.0,4.3,2.8,4.7,5.7,6.0,3.9,8.1,2.3,None,N/A,0,Difficult,Yes,0,Yes,None,N/A,0
4985,36,Female,Singapore,E-commerce,Backend Developer,Small (51–200),0,$50k–$75k,Remote,Yes,5.8,7.3,4.6,2.3,3.3,6.9,7.6,9.0,3.2,6.3,5.2,None,N/A,1,Moderate,Yes,1,Yes,None,N/A,0
4986,44,Female,Spain,HealthTech,Software Engineer,Small (51–200),3,>$200k,In-person,Was already remote,7.0,7.0,1.0,9.4,6.2,3.3,6.2,9.4,1.8,7.9,5.1,None,N/A,0,Easy,Yes,0,Yes,None,N/A,0
4987,30,Male,South Africa,Consulting/Agency,Data Analyst,Medium (201–1 000),3,$150k–$200k,Remote,Yes,3.7,8.4,6.7,4.4,5.1,7.2,7.1,8.1,1.0,6.0,5.1,None,N/A,0,Moderate,No,0,Yes,None,N/A,0
4988,32,Male,Netherlands,Big Tech,Data Scientist,Startup (1–50),13,$100k–$150k,Hybrid,Yes,7.1,8.6,6.8,3.3,6.1,3.0,6.5,8.4,4.5,7.8,5.5,Anxiety,Formally diagnosed,1,Difficult,Yes,1,Yes,None,No,1
4989,33,Non-binary,Ireland,Government/Public sector,ML/AI Engineer,Medium (201–1 000),29,$150k–$200k,Hybrid,No,6.3,6.4,8.2,6.3,8.9,3.4,7.9,8.3,1.7,4.9,6.0,None,N/A,0,Easy,Don't know,0,No,None,N/A,0
4990,49,Male,USA,FinTech,Mobile Developer,Large (1 001–5 000),5,$75k–$100k,Hybrid,Yes,9.5,4.3,4.7,5.0,6.8,6.4,1.7,6.7,1.1,8.6,3.3,Burnout,Formally diagnosed,1,Easy,No,0,No,>2 weeks,No,1
4991,18,Male,USA,Big Tech,Software Engineer,Medium (201–1 000),10,$150k–$200k,Remote,Yes,3.7,8.1,5.8,3.1,4.5,6.7,9.1,7.6,1.0,5.1,8.1,None,N/A,1,Difficult,Yes,0,Yes,None,N/A,0
4992,37,Male,USA,HealthTech,Cloud Architect,Medium (201–1 000),5,>$200k,Remote,Yes,3.6,6.1,2.5,6.7,7.7,7.8,6.2,9.4,2.9,4.6,5.4,Burnout,Not sure / undiagnosed,1,Moderate,Yes,1,No,1–3 days,Yes,1
4993,31,Female,Australia,Government/Public sector,ML/AI Engineer,Small (51–200),11,$75k–$100k,In-person,Was already remote,4.2,5.4,0.3,6.5,3.2,8.6,9.0,4.7,2.8,3.5,7.3,None,N/A,0,Difficult,Don't know,0,No,None,N/A,0
4994,36,Male,Mexico,Cybersecurity,Data Analyst,Small (51–200),3,>$200k,Hybrid,Yes,2.4,9.0,1.2,7.4,4.7,5.6,10.0,8.8,1.1,2.2,10.0,None,N/A,0,Easy,Yes,0,Yes,None,N/A,0
4995,27,Female,USA,Gaming,Security Engineer,Large (1 001–5 000),5,$75k–$100k,Remote,Yes,4.5,4.2,2.8,8.1,5.9,7.7,8.1,2.2,3.3,4.4,6.9,Anxiety,Formally diagnosed,1,Moderate,Yes,1,Yes,None,No,1
4996,31,Male,India,Big Tech,Backend Developer,Enterprise (5 000+),10,<$50k,Hybrid,No,4.3,8.1,1.8,6.8,4.8,4.8,8.8,5.5,1.0,7.2,6.6,None,N/A,0,Difficult,Don't know,0,Yes,None,N/A,0
4997,37,Female,France,Consulting/Agency,DevOps/SRE,Medium (201–1 000),13,$75k–$100k,Hybrid,Was already remote,6.0,7.0,5.9,8.0,7.4,4.8,6.0,6.8,3.1,4.1,6.4,Other,Self-reported,1,Easy,Yes,1,No,None,No,1
4998,55,Female,Mexico,AI/ML startup,Mobile Developer,Small (51–200),0,>$200k,Remote,No,6.1,6.0,2.6,3.8,6.1,7.3,7.4,6.4,4.6,6.9,4.6,None,N/A,1,Moderate,Yes,1,Yes,None,N/A,0
4999,38,Male,India,Cybersecurity,Mobile Developer,Medium (201–1 000),0,$100k–$150k,In-person,Yes,3.3,7.8,0.8,2.4,6.6,5.5,6.5,8.4,1.0,6.0,5.7,None,N/A,0,Moderate,Don't know,0,No,None,N/A,0
5000,25,Female,New Zealand,Cybersecurity,Frontend Developer,Enterprise (5 000+),14,$100k–$150k,Hybrid,Yes,8.2,6.7,1.4,4.8,6.2,4.7,8.4,3.7,2.7,9.3,4.2,None,N/A,0,Moderate,Yes,0,No,None,N/A,0
